County,Year,Quarter,Period,Inflation_Rate,Region,is_ni,transaction_count,avg_price,price_qoq_pct,price_yoy_pct,real_price_qoq_pct,real_price_yoy_pct
Antrim and Newtownabbey,2010,1,2010 Q1,3.28,Northern Ireland,True,217.0,148341.74,,,,
Antrim and Newtownabbey,2010,2,2010 Q2,3.46,Northern Ireland,True,245.0,152846.09,3.036468360152722,,-0.4235316398472779,
Antrim and Newtownabbey,2010,3,2010 Q3,3.09,Northern Ireland,True,269.0,156920.99,2.66601520523031,,-0.42398479476969,
Antrim and Newtownabbey,2010,4,2010 Q4,3.38,Northern Ireland,True,270.0,138840.47,-11.522053232011851,,-14.902053232011852,
Antrim and Newtownabbey,2011,1,2011 Q1,4.12,Northern Ireland,True,205.0,134269.2,-3.292462205004054,-9.48656797473184,-7.412462205004054,-13.606567974731842
Antrim and Newtownabbey,2011,2,2011 Q2,4.38,Northern Ireland,True,224.0,131161.5,-2.3145293187119664,-14.18720622817371,-6.694529318711966,-18.56720622817371
Antrim and Newtownabbey,2011,3,2011 Q3,4.71,Northern Ireland,True,283.0,132028.32,0.6608799075948468,-15.86318694522637,-4.049120092405153,-20.57318694522637
Antrim and Newtownabbey,2011,4,2011 Q4,4.65,Northern Ireland,True,252.0,125074.49,-5.266923035906235,-9.91496211443248,-9.916923035906237,-14.56496211443248
Antrim and Newtownabbey,2012,1,2012 Q1,3.49,Northern Ireland,True,317.0,121151.57,-3.136466916635039,-9.7696493313433,-6.626466916635039,-13.2596493313433
Antrim and Newtownabbey,2012,2,2012 Q2,2.76,Northern Ireland,True,275.0,125496.51,3.586367060699236,-4.3190951613087725,0.8263670606992362,-7.079095161308772
Antrim and Newtownabbey,2012,3,2012 Q3,2.41,Northern Ireland,True,304.0,127982.4,1.980843929444731,-3.0644334488237117,-0.429156070555269,-5.474433448823712
Antrim and Newtownabbey,2012,4,2012 Q4,2.67,Northern Ireland,True,343.0,122768.78,-4.073700758854337,-1.843469439691503,-6.743700758854337,-4.513469439691503
Antrim and Newtownabbey,2013,1,2013 Q1,2.78,Northern Ireland,True,291.0,112434.74,-8.417482034113233,-7.194978983763889,-11.197482034113232,-9.974978983763888
Antrim and Newtownabbey,2013,2,2013 Q2,2.68,Northern Ireland,True,330.0,114803.22,2.106537534573394,-8.520786753352738,-0.5734624654266063,-11.200786753352736
Antrim and Newtownabbey,2013,3,2013 Q3,2.71,Northern Ireland,True,359.0,115157.55,0.3086411687755808,-10.020791921389185,-2.401358831224419,-12.730791921389184
Antrim and Newtownabbey,2013,4,2013 Q4,2.1,Northern Ireland,True,383.0,118065.32,2.525036352371157,-3.8311531645097374,0.4250363523711571,-5.9311531645097375
Antrim and Newtownabbey,2014,1,2014 Q1,1.74,Northern Ireland,True,404.0,122075.21,3.3963317932818926,8.574280511521625,1.6563317932818926,6.834280511521625
Antrim and Newtownabbey,2014,2,2014 Q2,1.72,Northern Ireland,True,486.0,128030.07,4.878025604051794,11.521323182398556,3.1580256040517947,9.801323182398557
Antrim and Newtownabbey,2014,3,2014 Q3,1.46,Northern Ireland,True,471.0,134305.34,4.901403240660573,16.62747253653798,3.441403240660573,15.16747253653798
Antrim and Newtownabbey,2014,4,2014 Q4,0.94,Northern Ireland,True,479.0,135749.49,1.0752737009563471,14.978293371838555,0.1352737009563474,14.038293371838558
Antrim and Newtownabbey,2015,1,2015 Q1,0.1,Northern Ireland,True,385.0,144855.15,6.707693708462559,18.660578179632047,6.607693708462559,18.56057817963205
Antrim and Newtownabbey,2015,2,2015 Q2,-0.02,Northern Ireland,True,478.0,155286.39,7.201152323545301,21.288998748497143,7.221152323545301,21.308998748497142
Antrim and Newtownabbey,2015,3,2015 Q3,0.01,Northern Ireland,True,571.0,158381.46,1.993136681199159,17.926405606806096,1.983136681199159,17.916405606806094
Antrim and Newtownabbey,2015,4,2015 Q4,0.07,Northern Ireland,True,542.0,159156.55,0.4893817748617746,17.242834577131738,0.4193817748617746,17.172834577131738
Antrim and Newtownabbey,2016,1,2016 Q1,0.35,Northern Ireland,True,538.0,146682.7,-7.837471973349497,1.261639644845225,-8.187471973349497,0.911639644845225
Antrim and Newtownabbey,2016,2,2016 Q2,0.35,Northern Ireland,True,402.0,152246.17,3.79286037140032,-1.9578148477789936,3.4428603714003194,-2.3078148477789937
Antrim and Newtownabbey,2016,3,2016 Q3,0.73,Northern Ireland,True,570.0,144100.28,-5.350472855901733,-9.016951857875275,-6.080472855901734,-9.746951857875278
Antrim and Newtownabbey,2016,4,2016 Q4,1.21,Northern Ireland,True,545.0,141085.23,-2.092327648495884,-11.354430590509768,-3.302327648495884,-12.564430590509769
Antrim and Newtownabbey,2017,1,2017 Q1,2.14,Northern Ireland,True,509.0,140716.93,-0.2610478786475467,-4.0671258437430025,-2.401047878647547,-6.207125843743002
Antrim and Newtownabbey,2017,2,2017 Q2,2.74,Northern Ireland,True,634.0,144885.98,2.962720974654598,-4.834400760294988,0.2227209746545977,-7.5744007602949885
Antrim and Newtownabbey,2017,3,2017 Q3,2.82,Northern Ireland,True,600.0,139534.02,-3.69391158482002,-3.1688071667869133,-6.51391158482002,-5.988807166786913
Antrim and Newtownabbey,2017,4,2017 Q4,3.02,Northern Ireland,True,667.0,139097.77,-0.31264776862302,-1.408694588370463,-3.33264776862302,-4.428694588370463
Antrim and Newtownabbey,2018,1,2018 Q1,2.72,Northern Ireland,True,443.0,141632.67,1.8223872316572851,0.6507674662885377,-0.8976127683427149,-2.0692325337114625
Antrim and Newtownabbey,2018,2,2018 Q2,2.42,Northern Ireland,True,590.0,144597.45,2.093288222272438,-0.1991428018087049,-0.3267117777275619,-2.619142801808705
Antrim and Newtownabbey,2018,3,2018 Q3,2.52,Northern Ireland,True,647.0,145916.26,0.9120561946285966,4.5739669795222815,-1.6079438053714037,2.053966979522281
Antrim and Newtownabbey,2018,4,2018 Q4,2.27,Northern Ireland,True,647.0,148739.8,1.9350413723597135,6.931836506077693,-0.3349586276402863,4.661836506077693
Antrim and Newtownabbey,2019,1,2019 Q1,1.88,Northern Ireland,True,499.0,149342.5,0.4052042560229507,5.443539262516195,-1.4747957439770492,3.563539262516195
Antrim and Newtownabbey,2019,2,2019 Q2,2.05,Northern Ireland,True,564.0,149173.47,-0.1131827845388899,3.1646616174766384,-2.16318278453889,1.1146616174766386
Antrim and Newtownabbey,2019,3,2019 Q3,1.83,Northern Ireland,True,618.0,150065.22,0.5977939643021069,2.843384280819694,-1.2322060356978932,1.013384280819694
Antrim and Newtownabbey,2019,4,2019 Q4,1.41,Northern Ireland,True,573.0,158287.5,5.479137670940681,6.419062012991827,4.069137670940681,5.009062012991827
Antrim and Newtownabbey,2020,1,2020 Q1,1.67,Northern Ireland,True,493.0,158091.05,-0.1241096106767813,5.858044428076403,-1.794109610676781,4.188044428076403
Antrim and Newtownabbey,2020,2,2020 Q2,0.62,Northern Ireland,True,198.0,154565.21,-2.2302590817127155,3.6144094522973846,-2.850259081712716,2.9944094522973845
Antrim and Newtownabbey,2020,3,2020 Q3,0.6,Northern Ireland,True,418.0,153300.46,-0.818263048974599,2.155889286005097,-1.418263048974599,1.555889286005097
Antrim and Newtownabbey,2020,4,2020 Q4,0.53,Northern Ireland,True,756.0,156183.48,1.8806336262787493,-1.3292395167021964,1.3506336262787493,-1.8592395167021964
Antrim and Newtownabbey,2021,1,2021 Q1,0.61,Northern Ireland,True,655.0,164443.76,5.288830803360245,4.018386872628166,4.678830803360245,3.408386872628166
Antrim and Newtownabbey,2021,2,2021 Q2,2.05,Northern Ireland,True,727.0,171993.7,4.59119883904382,11.27581685425849,2.54119883904382,9.22581685425849
Antrim and Newtownabbey,2021,3,2021 Q3,2.77,Northern Ireland,True,763.0,177641.24,3.28357375880628,15.877825806915393,0.5135737588062796,13.107825806915391
Antrim and Newtownabbey,2021,4,2021 Q4,4.91,Northern Ireland,True,603.0,179625.46,1.1169816198085547,15.009257060990056,-3.793018380191445,10.099257060990055
Antrim and Newtownabbey,2022,1,2022 Q1,6.22,Northern Ireland,True,506.0,185774.72,3.4233788461836223,12.97158371956466,-2.796621153816377,6.751583719564661
Antrim and Newtownabbey,2022,2,2022 Q2,9.17,Northern Ireland,True,559.0,192168.57,3.441722318300356,11.730005226935637,-5.728277681699645,2.560005226935635
Antrim and Newtownabbey,2022,3,2022 Q3,10.02,Northern Ireland,True,582.0,197001.24,2.514807702425004,10.898370220788811,-7.505192297574996,0.8783702207888116
Antrim and Newtownabbey,2022,4,2022 Q4,10.75,Northern Ireland,True,676.0,193622.67,-1.714999357364444,7.792442118171894,-12.464999357364444,-2.957557881828106
Antrim and Newtownabbey,2023,1,2023 Q1,10.18,Northern Ireland,True,459.0,187983.68,-2.9123604173003192,1.1890530638398955,-13.09236041730032,-8.990946936160103
Antrim and Newtownabbey,2023,2,2023 Q2,8.43,Northern Ireland,True,482.0,192011.56,2.1426753641592637,-0.0817043078376489,-6.287324635840736,-8.511704307837649
Antrim and Newtownabbey,2023,3,2023 Q3,6.71,Northern Ireland,True,553.0,201799.98,5.097828484909983,2.4358932969152924,-1.6121715150900169,-4.274106703084708
Antrim and Newtownabbey,2023,4,2023 Q4,4.18,Northern Ireland,True,574.0,197894.16,-1.9354907765600449,2.206089813759915,-6.115490776560044,-1.9739101862400847
Antrim and Newtownabbey,2024,1,2024 Q1,3.54,Northern Ireland,True,451.0,202637.14,2.396725603221439,7.795070295463957,-1.143274396778561,4.255070295463957
Antrim and Newtownabbey,2024,2,2024 Q2,2.1,Northern Ireland,True,511.0,209440.2,3.357262148488682,9.076870163442251,1.257262148488682,6.976870163442252
Antrim and Newtownabbey,2024,3,2024 Q3,2.04,Northern Ireland,True,631.0,217966.38,4.070937670991515,8.011100893072442,2.0309376709915146,5.971100893072442
Antrim and Newtownabbey,2024,4,2024 Q4,2.47,Northern Ireland,True,613.0,223921.74,2.732237879988641,13.15227291194443,0.2622378799886413,10.682272911944429
Antrim and Newtownabbey,2025,1,2025 Q1,2.8,Northern Ireland,True,599.0,227086.13,1.413167832654394,12.065404199842146,-1.386832167345606,9.265404199842145
Antrim and Newtownabbey,2025,2,2025 Q2,3.49,Northern Ireland,True,437.0,223124.58,-1.7445142950826664,6.533788642295013,-5.234514295082667,3.043788642295013
Antrim and Newtownabbey,2025,3,2025 Q3,3.8,Northern Ireland,True,530.0,226448.25,1.4896028039582232,3.891366182252498,-2.3103971960417766,0.0913661822524982
Ards and North Down,2010,1,2010 Q1,3.28,Northern Ireland,True,286.0,177829.33,,,,
Ards and North Down,2010,2,2010 Q2,3.46,Northern Ireland,True,269.0,184800.28,3.920022641934273,,0.4600226419342732,
Ards and North Down,2010,3,2010 Q3,3.09,Northern Ireland,True,286.0,187333.11,1.3705769276972868,,-1.719423072302713,
Ards and North Down,2010,4,2010 Q4,3.38,Northern Ireland,True,305.0,168091.6,-10.2712809283954,,-13.651280928395398,
Ards and North Down,2011,1,2011 Q1,4.12,Northern Ireland,True,235.0,161564.04,-3.8833350387526777,-9.146573290244064,-8.003335038752677,-13.266573290244065
Ards and North Down,2011,2,2011 Q2,4.38,Northern Ireland,True,294.0,149338.88,-7.5667580483875,-19.189040189765937,-11.9467580483875,-23.569040189765936
Ards and North Down,2011,3,2011 Q3,4.71,Northern Ireland,True,357.0,149930.6,0.3962263544496913,-19.965776471655214,-4.313773645550309,-24.67577647165522
Ards and North Down,2011,4,2011 Q4,4.65,Northern Ireland,True,342.0,155207.43,3.5195150289533794,-7.66496957611208,-1.130484971046621,-12.31496957611208
Ards and North Down,2012,1,2012 Q1,3.49,Northern Ireland,True,359.0,145515.88,-6.244256476639032,-9.933002418112348,-9.734256476639032,-13.423002418112349
Ards and North Down,2012,2,2012 Q2,2.76,Northern Ireland,True,315.0,147345.39,1.2572579707451847,-1.3348767581489729,-1.502742029254815,-4.094876758148972
Ards and North Down,2012,3,2012 Q3,2.41,Northern Ireland,True,411.0,150822.86,2.3600806241715238,0.5951153400306497,-0.0499193758284768,-1.8148846599693504
Ards and North Down,2012,4,2012 Q4,2.67,Northern Ireland,True,424.0,145005.49,-3.857087712035168,-6.573100269748688,-6.527087712035168,-9.243100269748687
Ards and North Down,2013,1,2013 Q1,2.78,Northern Ireland,True,420.0,132924.96,-8.331084567901536,-8.652608911137404,-11.111084567901536,-11.432608911137404
Ards and North Down,2013,2,2013 Q2,2.68,Northern Ireland,True,466.0,134696.72,1.332902413512116,-8.58436765480074,-1.3470975864878842,-11.26436765480074
Ards and North Down,2013,3,2013 Q3,2.71,Northern Ireland,True,491.0,135750.75,0.7825209106799402,-9.993253012175996,-1.92747908932006,-12.703253012175995
Ards and North Down,2013,4,2013 Q4,2.1,Northern Ireland,True,633.0,139526.77,2.781583158840739,-3.778284532537357,0.6815831588407391,-5.878284532537357
Ards and North Down,2014,1,2014 Q1,1.74,Northern Ireland,True,565.0,144543.35,3.595424734622621,8.740563096652432,1.855424734622621,7.000563096652432
Ards and North Down,2014,2,2014 Q2,1.72,Northern Ireland,True,645.0,149835.8,3.6614967066973314,11.23938281496386,1.9414967066973317,9.51938281496386
Ards and North Down,2014,3,2014 Q3,1.46,Northern Ireland,True,702.0,155911.37,4.054818674842742,14.851203400349531,2.5948186748427418,13.391203400349532
Ards and North Down,2014,4,2014 Q4,0.94,Northern Ireland,True,670.0,159415.12,2.24727035622867,14.254146354853624,1.30727035622867,13.314146354853625
Ards and North Down,2015,1,2015 Q1,0.1,Northern Ireland,True,494.0,171369.18,7.498698994173192,18.55902052913536,7.398698994173192,18.45902052913536
Ards and North Down,2015,2,2015 Q2,-0.02,Northern Ireland,True,599.0,178637.23,4.241165185011697,19.22199501053823,4.261165185011697,19.24199501053823
Ards and North Down,2015,3,2015 Q3,0.01,Northern Ireland,True,693.0,184807.41,3.454028032118494,18.533632280955526,3.444028032118495,18.523632280955525
Ards and North Down,2015,4,2015 Q4,0.07,Northern Ireland,True,672.0,184397.87,-0.221603668381054,15.671505939963538,-0.291603668381054,15.601505939963538
Ards and North Down,2016,1,2016 Q1,0.35,Northern Ireland,True,638.0,172072.24,-6.684258337691218,0.4102604680724875,-7.0342583376912176,0.0602604680724875
Ards and North Down,2016,2,2016 Q2,0.35,Northern Ireland,True,575.0,171469.38,-0.3503528518022381,-4.012517435475238,-0.700352851802238,-4.362517435475238
Ards and North Down,2016,3,2016 Q3,0.73,Northern Ireland,True,716.0,158793.44,-7.392538539534,-14.076259171642524,-8.122538539534,-14.806259171642523
Ards and North Down,2016,4,2016 Q4,1.21,Northern Ireland,True,698.0,156278.13,-1.5840137980510982,-15.24949284934798,-2.794013798051098,-16.459492849347978
Ards and North Down,2017,1,2017 Q1,2.14,Northern Ireland,True,541.0,157848.15,1.004631934103628,-8.2663479013233,-1.135368065896372,-10.4063479013233
Ards and North Down,2017,2,2017 Q2,2.74,Northern Ireland,True,709.0,160546.44,1.7094213647736778,-6.370198574229402,-1.0305786352263224,-9.110198574229402
Ards and North Down,2017,3,2017 Q3,2.82,Northern Ireland,True,680.0,156400.47,-2.582411668548989,-1.5069703131313283,-5.402411668548989,-4.326970313131328
Ards and North Down,2017,4,2017 Q4,3.02,Northern Ireland,True,760.0,156896.03,0.3168532677683133,0.3953848180804353,-2.7031467322316867,-2.6246151819195647
Ards and North Down,2018,1,2018 Q1,2.72,Northern Ireland,True,588.0,160129.29,2.06076597349214,1.44514839103278,-0.65923402650786,-1.2748516089672202
Ards and North Down,2018,2,2018 Q2,2.42,Northern Ireland,True,704.0,162127.11,1.24762933751843,0.9845562442866828,-1.17237066248157,-1.435443755713317
Ards and North Down,2018,3,2018 Q3,2.52,Northern Ireland,True,760.0,161989.34,-0.0849765347695319,3.5734355529750017,-2.604976534769532,1.0534355529750017
Ards and North Down,2018,4,2018 Q4,2.27,Northern Ireland,True,751.0,163378.13,0.8573341924845268,4.131462089894811,-1.4126658075154732,1.8614620898948109
Ards and North Down,2019,1,2019 Q1,1.88,Northern Ireland,True,551.0,164488.98,0.6799257648499202,2.722606214016188,-1.2000742351500795,0.8426062140161878
Ards and North Down,2019,2,2019 Q2,2.05,Northern Ireland,True,676.0,166778.05,1.3916251410884597,2.8686997504612237,-0.6583748589115404,0.8186997504612235
Ards and North Down,2019,3,2019 Q3,1.83,Northern Ireland,True,843.0,165360.28,-0.8500938822584847,2.0809640930693263,-2.6800938822584848,0.2509640930693262
Ards and North Down,2019,4,2019 Q4,1.41,Northern Ireland,True,843.0,172469.94,4.299496832008276,5.564888029995196,2.889496832008276,4.154888029995196
Ards and North Down,2020,1,2020 Q1,1.67,Northern Ireland,True,558.0,171785.04,-0.3971126794617086,4.435591977043085,-2.0671126794617085,2.765591977043085
Ards and North Down,2020,2,2020 Q2,0.62,Northern Ireland,True,230.0,165659.83,-3.5656248064441565,-0.6704839155992071,-4.185624806444157,-1.2904839155992072
Ards and North Down,2020,3,2020 Q3,0.6,Northern Ireland,True,622.0,171901.45,3.7677329501062617,3.955708105961131,3.1677329501062617,3.355708105961131
Ards and North Down,2020,4,2020 Q4,0.53,Northern Ireland,True,1052.0,174591.24,1.564727929869103,1.2299534631947884,1.034727929869103,0.6999534631947884
Ards and North Down,2021,1,2021 Q1,0.61,Northern Ireland,True,976.0,187135.36,7.184850740506787,8.935772288436738,6.574850740506787,8.325772288436738
Ards and North Down,2021,2,2021 Q2,2.05,Northern Ireland,True,1023.0,192721.65,2.985160046716984,16.33577675408697,0.9351600467169838,14.285776754086973
Ards and North Down,2021,3,2021 Q3,2.77,Northern Ireland,True,1001.0,199757.1,3.650575843450921,16.204429921911647,0.8805758434509205,13.434429921911647
Ards and North Down,2021,4,2021 Q4,4.91,Northern Ireland,True,752.0,200725.41,0.4847437212494476,14.968775065690586,-4.4252562787505525,10.058775065690586
Ards and North Down,2022,1,2022 Q1,6.22,Northern Ireland,True,692.0,211781.85,5.508241333272146,13.1704077732824,-0.7117586667278539,6.950407773282399
Ards and North Down,2022,2,2022 Q2,9.17,Northern Ireland,True,750.0,219701.86,3.739701962184183,13.999573997005532,-5.430298037815817,4.829573997005532
Ards and North Down,2022,3,2022 Q3,10.02,Northern Ireland,True,804.0,219772.97,0.0323665898868563,10.020104416814224,-9.987633410113144,0.0001044168142243
Ards and North Down,2022,4,2022 Q4,10.75,Northern Ireland,True,724.0,220598.4,0.3755830391699133,9.900585082875146,-10.374416960830086,-0.8494149171248537
Ards and North Down,2023,1,2023 Q1,10.18,Northern Ireland,True,528.0,205845.47,-6.687686764727207,-2.8030636241963114,-16.867686764727207,-12.983063624196312
Ards and North Down,2023,2,2023 Q2,8.43,Northern Ireland,True,602.0,219033.44,6.406733167360934,-0.3042395726645108,-2.0232668326390657,-8.73423957266451
Ards and North Down,2023,3,2023 Q3,6.71,Northern Ireland,True,693.0,219400.71,0.167677592973936,-0.1693838873816022,-6.542322407026064,-6.879383887381602
Ards and North Down,2023,4,2023 Q4,4.18,Northern Ireland,True,658.0,220615.13,0.5535168960939085,0.0075839171997715,-3.626483103906091,-4.172416082800228
Ards and North Down,2024,1,2024 Q1,3.54,Northern Ireland,True,531.0,231362.01,4.871325008398109,12.395968684664282,1.3313250083981083,8.855968684664283
Ards and North Down,2024,2,2024 Q2,2.1,Northern Ireland,True,674.0,235088.1,1.6105020871836295,7.329775763919888,-0.4894979128163705,5.229775763919887
Ards and North Down,2024,3,2024 Q3,2.04,Northern Ireland,True,755.0,242887.34,3.3175817916772488,10.704901547492709,1.2775817916772487,8.664901547492708
Ards and North Down,2024,4,2024 Q4,2.47,Northern Ireland,True,818.0,248635.74,2.366693957783061,12.701127977940583,-0.1033060422169387,10.231127977940584
Ards and North Down,2025,1,2025 Q1,2.8,Northern Ireland,True,838.0,250494.45,0.7475634838338241,8.269482098638402,-2.052436516166176,5.4694820986384025
Ards and North Down,2025,2,2025 Q2,3.49,Northern Ireland,True,590.0,249251.99,-0.4960030052562181,6.024928526794837,-3.9860030052562174,2.534928526794837
Ards and North Down,2025,3,2025 Q3,3.8,Northern Ireland,True,738.0,257203.94,3.190325581753628,5.894337679353723,-0.6096744182463718,2.094337679353723
"Armagh City, Banbridge and Craigavon",2010,1,2010 Q1,3.28,Northern Ireland,True,261.0,133758.52,,,,
"Armagh City, Banbridge and Craigavon",2010,2,2010 Q2,3.46,Northern Ireland,True,298.0,134648.81,0.6655949841550379,,-2.794405015844962,
"Armagh City, Banbridge and Craigavon",2010,3,2010 Q3,3.09,Northern Ireland,True,224.0,138581.83,2.920946720583717,,-0.1690532794162829,
"Armagh City, Banbridge and Craigavon",2010,4,2010 Q4,3.38,Northern Ireland,True,299.0,129146.34,-6.808605428287384,,-10.188605428287383,
"Armagh City, Banbridge and Craigavon",2011,1,2011 Q1,4.12,Northern Ireland,True,254.0,125316.91,-2.965186624723548,-6.311082090322162,-7.085186624723548,-10.431082090322162
"Armagh City, Banbridge and Craigavon",2011,2,2011 Q2,4.38,Northern Ireland,True,288.0,112749.61,-10.028415159614134,-16.263938760394538,-14.408415159614131,-20.643938760394537
"Armagh City, Banbridge and Craigavon",2011,3,2011 Q3,4.71,Northern Ireland,True,347.0,115894.49,2.7892602023191104,-16.371078372972836,-1.920739797680889,-21.08107837297284
"Armagh City, Banbridge and Craigavon",2011,4,2011 Q4,4.65,Northern Ireland,True,327.0,112753.37,-2.710327298562687,-12.693329133446609,-7.360327298562687,-17.34332913344661
"Armagh City, Banbridge and Craigavon",2012,1,2012 Q1,3.49,Northern Ireland,True,337.0,111096.16,-1.4697653826222568,-11.34783007337158,-4.9597653826222565,-14.83783007337158
"Armagh City, Banbridge and Craigavon",2012,2,2012 Q2,2.76,Northern Ireland,True,343.0,113590.72,2.245406141850448,0.7459981458028953,-0.5145938581495519,-2.0140018541971045
"Armagh City, Banbridge and Craigavon",2012,3,2012 Q3,2.41,Northern Ireland,True,398.0,108061.42,-4.867739195596266,-6.758794141119228,-7.277739195596266,-9.168794141119228
"Armagh City, Banbridge and Craigavon",2012,4,2012 Q4,2.67,Northern Ireland,True,441.0,103178.53,-4.518624685849959,-8.491843747109284,-7.188624685849959,-11.161843747109284
"Armagh City, Banbridge and Craigavon",2013,1,2013 Q1,2.78,Northern Ireland,True,373.0,98642.59,-4.396205295811062,-11.209721380108917,-7.176205295811062,-13.989721380108916
"Armagh City, Banbridge and Craigavon",2013,2,2013 Q2,2.68,Northern Ireland,True,407.0,100537.31,1.9207930367602928,-11.491616568677443,-0.7592069632397069,-14.171616568677443
"Armagh City, Banbridge and Craigavon",2013,3,2013 Q3,2.71,Northern Ireland,True,434.0,100981.5,0.441816078031132,-6.55175547387773,-2.268183921968868,-9.26175547387773
"Armagh City, Banbridge and Craigavon",2013,4,2013 Q4,2.1,Northern Ireland,True,564.0,106341.78,5.3081802112268095,3.0658025463243144,3.2081802112268094,0.9658025463243144
"Armagh City, Banbridge and Craigavon",2014,1,2014 Q1,1.74,Northern Ireland,True,437.0,108859.57,2.3676395110181714,10.357574755488486,0.6276395110181714,8.617574755488485
"Armagh City, Banbridge and Craigavon",2014,2,2014 Q2,1.72,Northern Ireland,True,558.0,112920.77,3.730677973466179,12.317278033398749,2.010677973466179,10.597278033398748
"Armagh City, Banbridge and Craigavon",2014,3,2014 Q3,1.46,Northern Ireland,True,552.0,118702.74,5.120377765755579,17.548996598386847,3.6603777657555794,16.088996598386846
"Armagh City, Banbridge and Craigavon",2014,4,2014 Q4,0.94,Northern Ireland,True,688.0,122133.23,2.889983836935861,14.849713818971244,1.949983836935861,13.909713818971245
"Armagh City, Banbridge and Craigavon",2015,1,2015 Q1,0.1,Northern Ireland,True,515.0,130803.82,7.099288211734023,20.158310380979817,6.999288211734023,20.058310380979812
"Armagh City, Banbridge and Craigavon",2015,2,2015 Q2,-0.02,Northern Ireland,True,566.0,137748.31,5.309088067917278,21.98669031392541,5.329088067917278,22.00669031392541
"Armagh City, Banbridge and Craigavon",2015,3,2015 Q3,0.01,Northern Ireland,True,613.0,143071.67,3.864555579665563,20.529374469367777,3.854555579665563,20.519374469367776
"Armagh City, Banbridge and Craigavon",2015,4,2015 Q4,0.07,Northern Ireland,True,683.0,145770.02,1.8860127934482,19.353283295627243,1.8160127934481995,19.283283295627243
"Armagh City, Banbridge and Craigavon",2016,1,2016 Q1,0.35,Northern Ireland,True,692.0,137799.81,-5.467660634196248,5.348460006749023,-5.817660634196248,4.998460006749023
"Armagh City, Banbridge and Craigavon",2016,2,2016 Q2,0.35,Northern Ireland,True,534.0,139400.64,1.1617069718746542,1.1995283281515556,0.8117069718746542,0.8495283281515557
"Armagh City, Banbridge and Craigavon",2016,3,2016 Q3,0.73,Northern Ireland,True,644.0,127874.4,-8.268426888140556,-10.62213784182432,-8.998426888140557,-11.35213784182432
"Armagh City, Banbridge and Craigavon",2016,4,2016 Q4,1.21,Northern Ireland,True,706.0,126419.73,-1.1375771851128924,-13.274533405428636,-2.3475771851128924,-14.484533405428635
"Armagh City, Banbridge and Craigavon",2017,1,2017 Q1,2.14,Northern Ireland,True,600.0,130494.47,3.22318359642122,-5.301415147089095,1.0831835964212195,-7.441415147089096
"Armagh City, Banbridge and Craigavon",2017,2,2017 Q2,2.74,Northern Ireland,True,686.0,130118.01,-0.2884873205738159,-6.658957950264799,-3.028487320573816,-9.3989579502648
"Armagh City, Banbridge and Craigavon",2017,3,2017 Q3,2.82,Northern Ireland,True,738.0,125419.03,-3.611321753230013,-1.9201419517901883,-6.431321753230012,-4.740141951790188
"Armagh City, Banbridge and Craigavon",2017,4,2017 Q4,3.02,Northern Ireland,True,825.0,129193.45,3.00944760934605,2.1940562600473834,-0.0105523906539501,-0.8259437399526166
"Armagh City, Banbridge and Craigavon",2018,1,2018 Q1,2.72,Northern Ireland,True,611.0,129521.65,0.2540376466453997,-0.7454875290884067,-2.4659623533546005,-3.465487529088407
"Armagh City, Banbridge and Craigavon",2018,2,2018 Q2,2.42,Northern Ireland,True,711.0,131711.08,1.690396933640037,1.22432705510942,-0.7296030663599629,-1.19567294489058
"Armagh City, Banbridge and Craigavon",2018,3,2018 Q3,2.52,Northern Ireland,True,745.0,128956.71,-2.091221178962299,2.820688375599789,-4.6112211789623,0.3006883755997891
"Armagh City, Banbridge and Craigavon",2018,4,2018 Q4,2.27,Northern Ireland,True,759.0,133280.65,3.353016682885279,3.163627877419484,1.0830166828852792,0.8936278774194837
"Armagh City, Banbridge and Craigavon",2019,1,2019 Q1,1.88,Northern Ireland,True,554.0,136617.75,2.5038143196330465,5.478697962850232,0.6238143196330466,3.598697962850232
"Armagh City, Banbridge and Craigavon",2019,2,2019 Q2,2.05,Northern Ireland,True,719.0,135183.81,-1.0496000702690522,2.6366270779952794,-3.099600070269052,0.5866270779952796
"Armagh City, Banbridge and Craigavon",2019,3,2019 Q3,1.83,Northern Ireland,True,735.0,135825.83,0.4749237353200763,5.326686761782296,-1.3550762646799237,3.4966867617822954
"Armagh City, Banbridge and Craigavon",2019,4,2019 Q4,1.41,Northern Ireland,True,834.0,142115.02,4.63033430386548,6.6283965451849225,3.22033430386548,5.218396545184922
"Armagh City, Banbridge and Craigavon",2020,1,2020 Q1,1.67,Northern Ireland,True,638.0,142606.79,0.3460366117529423,4.38379346753992,-1.3239633882470576,2.7137934675399205
"Armagh City, Banbridge and Craigavon",2020,2,2020 Q2,0.62,Northern Ireland,True,283.0,139164.35,-2.413938354548195,2.944538994721335,-3.0339383545481957,2.324538994721335
"Armagh City, Banbridge and Craigavon",2020,3,2020 Q3,0.6,Northern Ireland,True,631.0,138023.0,-0.8201453892466071,1.6176378233801358,-1.4201453892466072,1.0176378233801358
"Armagh City, Banbridge and Craigavon",2020,4,2020 Q4,0.53,Northern Ireland,True,974.0,140832.98,2.035878078291309,-0.9021143577927048,1.5058780782913088,-1.432114357792705
"Armagh City, Banbridge and Craigavon",2021,1,2021 Q1,0.61,Northern Ireland,True,850.0,145046.31,2.9917211153239758,1.7106618836312038,2.3817211153239755,1.100661883631204
"Armagh City, Banbridge and Craigavon",2021,2,2021 Q2,2.05,Northern Ireland,True,823.0,154872.73,6.7746776874227255,11.28764658477548,4.724677687422726,9.23764658477548
"Armagh City, Banbridge and Craigavon",2021,3,2021 Q3,2.77,Northern Ireland,True,987.0,163082.44,5.3009396812466525,18.15598849467117,2.5309396812466525,15.385988494671173
"Armagh City, Banbridge and Craigavon",2021,4,2021 Q4,4.91,Northern Ireland,True,853.0,162874.47,-0.1275244594083791,15.650801396093428,-5.037524459408379,10.740801396093428
"Armagh City, Banbridge and Craigavon",2022,1,2022 Q1,6.22,Northern Ireland,True,621.0,171836.36,5.50232949338223,18.469997616623267,-0.71767050661777,12.249997616623268
"Armagh City, Banbridge and Craigavon",2022,2,2022 Q2,9.17,Northern Ireland,True,752.0,175143.96,1.924854553483324,13.088960206228672,-7.245145446516676,3.9189602062286735
"Armagh City, Banbridge and Craigavon",2022,3,2022 Q3,10.02,Northern Ireland,True,759.0,181050.63,3.3724657133480385,11.017856980800625,-6.647534286651961,0.9978569808006236
"Armagh City, Banbridge and Craigavon",2022,4,2022 Q4,10.75,Northern Ireland,True,808.0,176952.23,-2.263676188257391,8.643318992841543,-13.01367618825739,-2.106681007158457
"Armagh City, Banbridge and Craigavon",2023,1,2023 Q1,10.18,Northern Ireland,True,571.0,172653.02,-2.4295879175978863,0.4752544804836445,-12.609587917597883,-9.704745519516354
"Armagh City, Banbridge and Craigavon",2023,2,2023 Q2,8.43,Northern Ireland,True,622.0,174362.12,0.9899044916793276,-0.4463984941301957,-7.440095508320672,-8.876398494130196
"Armagh City, Banbridge and Craigavon",2023,3,2023 Q3,6.71,Northern Ireland,True,695.0,186103.57,6.733945423466992,2.7908988772919585,0.0239454234669915,-3.9191011227080415
"Armagh City, Banbridge and Craigavon",2023,4,2023 Q4,4.18,Northern Ireland,True,645.0,181495.47,-2.4760943597159413,2.567495193476788,-6.656094359715941,-1.6125048065232122
"Armagh City, Banbridge and Craigavon",2024,1,2024 Q1,3.54,Northern Ireland,True,576.0,185924.87,2.440501683044749,7.687007154580905,-1.099498316955251,4.147007154580905
"Armagh City, Banbridge and Craigavon",2024,2,2024 Q2,2.1,Northern Ireland,True,597.0,192267.77,3.4115392954154,10.269231642744426,1.3115392954154,8.169231642744426
"Armagh City, Banbridge and Craigavon",2024,3,2024 Q3,2.04,Northern Ireland,True,707.0,199522.71,3.77335213280936,7.210576347353248,1.73335213280936,5.170576347353248
"Armagh City, Banbridge and Craigavon",2024,4,2024 Q4,2.47,Northern Ireland,True,761.0,201021.85,0.7513630904472102,10.75860460869904,-1.71863690955279,8.28860460869904
"Armagh City, Banbridge and Craigavon",2025,1,2025 Q1,2.8,Northern Ireland,True,716.0,203214.76,1.0908814141348255,9.299396040992258,-1.7091185858651743,6.499396040992258
"Armagh City, Banbridge and Craigavon",2025,2,2025 Q2,3.49,Northern Ireland,True,558.0,202372.92,-0.4142612475589891,5.255769076637251,-3.904261247558989,1.765769076637251
"Armagh City, Banbridge and Craigavon",2025,3,2025 Q3,3.8,Northern Ireland,True,670.0,202232.3,-0.0694855813712758,1.35803588473713,-3.869485581371276,-2.44196411526287
Belfast,2010,1,2010 Q1,3.28,Northern Ireland,True,599.0,136522.81,,,,
Belfast,2010,2,2010 Q2,3.46,Northern Ireland,True,604.0,140400.14,2.840060206788908,,-0.6199397932110919,
Belfast,2010,3,2010 Q3,3.09,Northern Ireland,True,534.0,138804.94,-1.136181203238129,,-4.226181203238129,
Belfast,2010,4,2010 Q4,3.38,Northern Ireland,True,606.0,124298.7,-10.450809603750422,,-13.83080960375042,
Belfast,2011,1,2011 Q1,4.12,Northern Ireland,True,585.0,118103.55,-4.984082697566428,-13.491708821405002,-9.104082697566428,-17.611708821405003
Belfast,2011,2,2011 Q2,4.38,Northern Ireland,True,573.0,114613.23,-2.955304899810385,-18.36672669984518,-7.335304899810385,-22.74672669984518
Belfast,2011,3,2011 Q3,4.71,Northern Ireland,True,677.0,114030.26,-0.508641105394203,-17.848557839512058,-5.2186411053942034,-22.55855783951206
Belfast,2011,4,2011 Q4,4.65,Northern Ireland,True,714.0,112832.65,-1.050256309158637,-9.224593660271584,-5.700256309158638,-13.874593660271586
Belfast,2012,1,2012 Q1,3.49,Northern Ireland,True,744.0,105676.54,-6.34223338723322,-10.522130791157425,-9.83223338723322,-14.012130791157425
Belfast,2012,2,2012 Q2,2.76,Northern Ireland,True,700.0,110886.15,4.929769653699867,-3.2518758960025878,2.169769653699867,-6.011875896002588
Belfast,2012,3,2012 Q3,2.41,Northern Ireland,True,788.0,111694.67,0.7291442619299149,-2.04821948139029,-1.6808557380700853,-4.45821948139029
Belfast,2012,4,2012 Q4,2.67,Northern Ireland,True,797.0,105563.69,-5.489053327253657,-6.442248763988079,-8.159053327253657,-9.11224876398808
Belfast,2013,1,2013 Q1,2.78,Northern Ireland,True,729.0,97353.51,-7.777465907074688,-7.875948625872875,-10.557465907074688,-10.655948625872874
Belfast,2013,2,2013 Q2,2.68,Northern Ireland,True,816.0,100465.6,3.196690083387854,-9.397521692294298,0.516690083387854,-12.077521692294296
Belfast,2013,3,2013 Q3,2.71,Northern Ireland,True,907.0,103519.79,3.0400355942730606,-7.318952641160048,0.3300355942730606,-10.028952641160048
Belfast,2013,4,2013 Q4,2.1,Northern Ireland,True,1108.0,107145.55,3.502480057194868,1.4984887322525342,1.4024800571948677,-0.6015112677474659
Belfast,2014,1,2014 Q1,1.74,Northern Ireland,True,994.0,109558.95,2.252450055088606,12.537236715964315,0.5124500550886062,10.797236715964315
Belfast,2014,2,2014 Q2,1.72,Northern Ireland,True,1104.0,116766.24,6.578458446343283,16.22509595324171,4.858458446343283,14.505095953241709
Belfast,2014,3,2014 Q3,1.46,Northern Ireland,True,1213.0,122813.79,5.179193917694014,18.637982167467683,3.719193917694014,17.177982167467682
Belfast,2014,4,2014 Q4,0.94,Northern Ireland,True,1194.0,125515.12,2.199533130603659,17.144501101538978,1.2595331306036592,16.204501101538977
Belfast,2015,1,2015 Q1,0.1,Northern Ireland,True,962.0,134119.75,6.85545295260046,22.41788553103148,6.755452952600461,22.31788553103148
Belfast,2015,2,2015 Q2,-0.02,Northern Ireland,True,1096.0,141559.25,5.546908639480752,21.23302934135756,5.566908639480752,21.25302934135756
Belfast,2015,3,2015 Q3,0.01,Northern Ireland,True,1174.0,148246.48,4.723979535071021,20.708334137396143,4.713979535071021,20.69833413739614
Belfast,2015,4,2015 Q4,0.07,Northern Ireland,True,1305.0,147670.5,-0.3885286180150826,17.651562616519833,-0.4585286180150826,17.581562616519832
Belfast,2016,1,2016 Q1,0.35,Northern Ireland,True,1250.0,135798.14,-8.039764204766687,1.2514115184378172,-8.389764204766687,0.9014115184378172
Belfast,2016,2,2016 Q2,0.35,Northern Ireland,True,1015.0,142727.29,5.102536750503361,0.8251244620185672,4.752536750503362,0.4751244620185672
Belfast,2016,3,2016 Q3,0.73,Northern Ireland,True,1147.0,131695.02,-7.72961498813578,-11.164824959081676,-8.45961498813578,-11.894824959081676
Belfast,2016,4,2016 Q4,1.21,Northern Ireland,True,1150.0,129269.69,-1.841626205759328,-12.460721674268049,-3.051626205759328,-13.670721674268048
Belfast,2017,1,2017 Q1,2.14,Northern Ireland,True,1058.0,128314.41,-0.7389822006999447,-5.510922314547173,-2.878982200699945,-7.650922314547174
Belfast,2017,2,2017 Q2,2.74,Northern Ireland,True,1139.0,131490.45,2.4752013433253506,-7.872944270153237,-0.2647986566746496,-10.612944270153235
Belfast,2017,3,2017 Q3,2.82,Northern Ireland,True,1286.0,128773.38,-2.066362994422799,-2.218489355178344,-4.886362994422798,-5.038489355178344
Belfast,2017,4,2017 Q4,3.02,Northern Ireland,True,1220.0,129565.33,0.6149951177797819,0.2287001693900503,-2.405004882220218,-2.7912998306099497
Belfast,2018,1,2018 Q1,2.72,Northern Ireland,True,1062.0,131316.5,1.3515729863845527,2.3396358990389388,-1.3684270136154475,-0.3803641009610614
Belfast,2018,2,2018 Q2,2.42,Northern Ireland,True,1148.0,134889.57,2.720960427669028,2.585069866290657,0.3009604276690281,0.1650698662906569
Belfast,2018,3,2018 Q3,2.52,Northern Ireland,True,1229.0,136179.62,0.9563749072667216,5.7513750124443375,-1.5636250927332784,3.231375012444337
Belfast,2018,4,2018 Q4,2.27,Northern Ireland,True,1280.0,139840.44,2.688228972881568,7.93044713427582,0.4182289728815678,5.66044713427582
Belfast,2019,1,2019 Q1,1.88,Northern Ireland,True,959.0,139267.79,-0.4095024300552752,6.055057818324428,-2.289502430055275,4.175057818324428
Belfast,2019,2,2019 Q2,2.05,Northern Ireland,True,1152.0,140158.47,0.6395448653274238,3.90608406565458,-1.410455134672576,1.8560840656545805
Belfast,2019,3,2019 Q3,1.83,Northern Ireland,True,1254.0,139783.5,-0.2675328861680648,2.6464165489667346,-2.097532886168065,0.8164165489667345
Belfast,2019,4,2019 Q4,1.41,Northern Ireland,True,1208.0,144860.61,3.632123963128686,3.5899272056066023,2.222123963128686,2.179927205606602
Belfast,2020,1,2020 Q1,1.67,Northern Ireland,True,1062.0,147056.9,1.5161402399175294,5.592901273151529,-0.1538597600824705,3.92290127315153
Belfast,2020,2,2020 Q2,0.62,Northern Ireland,True,329.0,144028.31,-2.0594681378432456,2.761046121579369,-2.6794681378432457,2.141046121579369
Belfast,2020,3,2020 Q3,0.6,Northern Ireland,True,960.0,142801.7,-0.8516450689451172,2.159196185529777,-1.4516450689451172,1.559196185529777
Belfast,2020,4,2020 Q4,0.53,Northern Ireland,True,1566.0,147346.25,3.1824200972397243,1.7158839797789094,2.652420097239724,1.1858839797789094
Belfast,2021,1,2021 Q1,0.61,Northern Ireland,True,1503.0,154284.17,4.70858267516141,4.91460788307112,4.09858267516141,4.30460788307112
Belfast,2021,2,2021 Q2,2.05,Northern Ireland,True,1589.0,160091.83,3.76426175154585,11.153029567589856,1.71426175154585,9.103029567589855
Belfast,2021,3,2021 Q3,2.77,Northern Ireland,True,1626.0,165805.27,3.568851702176179,16.108750806187857,0.798851702176179,13.338750806187855
Belfast,2021,4,2021 Q4,4.91,Northern Ireland,True,1322.0,164632.21,-0.7074925905551699,11.731523537246446,-5.61749259055517,6.821523537246446
Belfast,2022,1,2022 Q1,6.22,Northern Ireland,True,1281.0,172007.3,4.479736984639882,11.487328868541711,-1.7402630153601182,5.267328868541713
Belfast,2022,2,2022 Q2,9.17,Northern Ireland,True,1179.0,173701.47,0.9849407554214372,8.501145873590188,-8.185059244578563,-0.668854126409812
Belfast,2022,3,2022 Q3,10.02,Northern Ireland,True,1349.0,180468.56,3.895816195453028,8.843681506625224,-6.124183804546972,-1.176318493374776
Belfast,2022,4,2022 Q4,10.75,Northern Ireland,True,1225.0,174613.46,-3.244387831320872,6.0627564921833965,-13.994387831320871,-4.687243507816604
Belfast,2023,1,2023 Q1,10.18,Northern Ireland,True,1074.0,169185.31,-3.10866642239378,-1.6406222294053752,-13.28866642239378,-11.820622229405377
Belfast,2023,2,2023 Q2,8.43,Northern Ireland,True,1013.0,171442.79,1.3343238842663083,-1.3003229045787543,-7.095676115733691,-9.730322904578754
Belfast,2023,3,2023 Q3,6.71,Northern Ireland,True,1248.0,182102.98,6.217928441318521,0.9056535941772914,-0.492071558681479,-5.8043464058227086
Belfast,2023,4,2023 Q4,4.18,Northern Ireland,True,1104.0,176781.45,-2.922264094744631,1.2415938610918165,-7.102264094744631,-2.9384061389081837
Belfast,2024,1,2024 Q1,3.54,Northern Ireland,True,922.0,180978.71,2.3742649469160826,6.97069976110809,-1.1657350530839174,3.43069976110809
Belfast,2024,2,2024 Q2,2.1,Northern Ireland,True,1113.0,185667.67,2.5908903870516253,8.2971584865132,0.4908903870516252,6.197158486513201
Belfast,2024,3,2024 Q3,2.04,Northern Ireland,True,1264.0,197972.33,6.627249644485755,8.71449220655256,4.587249644485755,6.67449220655256
Belfast,2024,4,2024 Q4,2.47,Northern Ireland,True,1260.0,203419.85,2.75165726442681,15.068549330260606,0.2816572644268098,12.598549330260605
Belfast,2025,1,2025 Q1,2.8,Northern Ireland,True,1341.0,203463.63,0.0215219901106067,12.42406910735523,-2.778478009889393,9.62406910735523
Belfast,2025,2,2025 Q2,3.49,Northern Ireland,True,905.0,201835.93,-0.7999955569454875,8.708171971997047,-4.289995556945488,5.218171971997046
Belfast,2025,3,2025 Q3,3.8,Northern Ireland,True,1159.0,204925.26,1.5306144946541478,3.512071611219625,-2.269385505345852,-0.2879283887803749
Carlow,2010,1,2010 Q1,-3.37,Republic of Ireland,False,23.0,171836.96,,,,
Carlow,2010,2,2010 Q2,-1.33,Republic of Ireland,False,25.0,177037.0,3.0261475761675483,,4.356147576167548,
Carlow,2010,3,2010 Q3,0.2,Republic of Ireland,False,33.0,164772.73,-6.92751797646819,,-7.12751797646819,
Carlow,2010,4,2010 Q4,0.93,Republic of Ireland,False,31.0,195185.81,18.457593073805345,,17.527593073805345,
Carlow,2011,1,2011 Q1,2.27,Republic of Ireland,False,20.0,161475.0,-17.27113769182299,-6.030111333440713,-19.54113769182299,-8.300111333440713
Carlow,2011,2,2011 Q2,2.87,Republic of Ireland,False,28.0,129868.75,-19.57346338442484,-26.643159339573085,-22.44346338442484,-29.51315933957309
Carlow,2011,3,2011 Q3,2.43,Republic of Ireland,False,30.0,125825.0,-3.1137205832811987,-23.63724264324565,-5.543720583281199,-26.06724264324565
Carlow,2011,4,2011 Q4,2.7,Republic of Ireland,False,30.0,114411.83,-9.070669580766932,-41.3831210373336,-11.770669580766931,-44.083121037333605
Carlow,2012,1,2012 Q1,2.13,Republic of Ireland,False,27.0,113648.15,-0.6674834236984117,-29.618733550085157,-2.797483423698412,-31.748733550085152
Carlow,2012,2,2012 Q2,1.8,Republic of Ireland,False,40.0,106701.98,-6.111995663809744,-17.838602435150875,-7.911995663809743,-19.63860243515088
Carlow,2012,3,2012 Q3,1.77,Republic of Ireland,False,50.0,118720.75,11.26386783075628,-5.646135505662631,9.49386783075628,-7.416135505662631
Carlow,2012,4,2012 Q4,1.07,Republic of Ireland,False,61.0,102775.98,-13.430482876834926,-10.170145866909053,-14.500482876834926,-11.240145866909051
Carlow,2013,1,2013 Q1,0.97,Republic of Ireland,False,33.0,110106.06,7.132094483555407,-3.116715934223302,6.162094483555407,-4.086715934223302
Carlow,2013,2,2013 Q2,0.53,Republic of Ireland,False,61.0,115076.31,4.51405671949392,7.848336085234786,3.98405671949392,7.318336085234786
Carlow,2013,3,2013 Q3,0.3,Republic of Ireland,False,50.0,99289.0,-13.718992206128268,-16.367610548282418,-14.018992206128267,-16.66761054828242
Carlow,2013,4,2013 Q4,0.23,Republic of Ireland,False,98.0,103165.99,3.9047527923536496,0.379475826939335,3.6747527923536496,0.149475826939335
Carlow,2014,1,2014 Q1,0.07,Republic of Ireland,False,47.0,102015.96,-1.114737521541742,-7.347551987601763,-1.1847375215417422,-7.4175519876017635
Carlow,2014,2,2014 Q2,0.37,Republic of Ireland,False,68.0,98200.0,-3.740551968535122,-14.665320777143442,-4.1105519685351215,-15.035320777143442
Carlow,2014,3,2014 Q3,0.37,Republic of Ireland,False,83.0,112891.57,14.960865580448068,13.699976835298976,14.59086558044807,13.329976835298975
Carlow,2014,4,2014 Q4,-0.03,Republic of Ireland,False,112.0,111268.82,-1.4374412544709947,7.854167831860104,-1.4074412544709949,7.884167831860104
Carlow,2015,1,2015 Q1,-0.6,Republic of Ireland,False,76.0,116039.47,4.287499409088724,13.746388310221258,4.887499409088724,14.346388310221258
Carlow,2015,2,2015 Q2,-0.43,Republic of Ireland,False,81.0,111160.16,-4.204870980537912,13.197718940936864,-3.774870980537912,13.627718940936864
Carlow,2015,3,2015 Q3,-0.17,Republic of Ireland,False,102.0,105099.67,-5.452034253998916,-6.902109696941949,-5.2820342539989165,-6.732109696941949
Carlow,2015,4,2015 Q4,-0.07,Republic of Ireland,False,118.0,122689.83,16.73664627110627,10.264340001089243,16.80664627110627,10.334340001089243
Carlow,2016,1,2016 Q1,-0.13,Republic of Ireland,False,82.0,128237.8,4.521947744161037,10.51222484901042,4.651947744161037,10.642224849010422
Carlow,2016,2,2016 Q2,0.17,Republic of Ireland,False,79.0,131873.42,2.8350611130259606,18.633708335792253,2.6650611130259607,18.46370833579225
Carlow,2016,3,2016 Q3,0.13,Republic of Ireland,False,108.0,136297.5,3.35479280055071,29.68404182429878,3.22479280055071,29.554041824298785
Carlow,2016,4,2016 Q4,-0.07,Republic of Ireland,False,131.0,140251.91,2.901307800950126,14.31421006940836,2.9713078009501257,14.38421006940836
Carlow,2017,1,2017 Q1,0.57,Republic of Ireland,False,78.0,140705.13,0.323147114360145,9.722039835368346,-0.2468528856398549,9.152039835368344
Carlow,2017,2,2017 Q2,0.23,Republic of Ireland,False,100.0,135453.5,-3.732365692707862,2.714785132591535,-3.962365692707862,2.484785132591535
Carlow,2017,3,2017 Q3,0.2,Republic of Ireland,False,99.0,159219.7,17.54565219798676,16.817769951759942,17.345652197986762,16.617769951759943
Carlow,2017,4,2017 Q4,0.47,Republic of Ireland,False,118.0,144063.98,-9.518746737997876,2.718016460524497,-9.988746737997875,2.248016460524497
Carlow,2018,1,2018 Q1,0.23,Republic of Ireland,False,108.0,146665.67,1.805926783363887,4.236192383319648,1.575926783363887,4.006192383319648
Carlow,2018,2,2018 Q2,0.17,Republic of Ireland,False,105.0,156075.18,6.415618597044537,15.224176562436554,6.245618597044537,15.054176562436554
Carlow,2018,3,2018 Q3,0.77,Republic of Ireland,False,119.0,175593.15,12.50549254532336,10.28355787631805,11.73549254532336,9.51355787631805
Carlow,2018,4,2018 Q4,0.73,Republic of Ireland,False,148.0,158490.39,-9.739992704726795,10.013891050351376,-10.469992704726796,9.283891050351375
Carlow,2019,1,2019 Q1,0.83,Republic of Ireland,False,88.0,169731.25,7.092455258643748,15.726638687840166,6.262455258643748,14.896638687840166
Carlow,2019,2,2019 Q2,1.17,Republic of Ireland,False,96.0,170027.27,0.1744051257502654,8.939339361966447,-0.9955948742497344,7.769339361966447
Carlow,2019,3,2019 Q3,0.7,Republic of Ireland,False,137.0,161082.58,-5.260738468599779,-8.263744912600524,-5.96073846859978,-8.963744912600523
Carlow,2019,4,2019 Q4,1.03,Republic of Ireland,False,124.0,162904.78,1.1312210171950277,2.7852729745948546,0.1012210171950276,1.7552729745948543
Carlow,2020,1,2020 Q1,1.03,Republic of Ireland,False,108.0,168929.99,3.6986084754541793,-0.4720757079206161,2.668608475454179,-1.5020757079206162
Carlow,2020,2,2020 Q2,-0.3,Republic of Ireland,False,74.0,149459.62,-11.52570363616312,-12.09667719772246,-11.22570363616312,-11.79667719772246
Carlow,2020,3,2020 Q3,-0.93,Republic of Ireland,False,75.0,171435.29,14.703416213690378,6.426958147802209,15.633416213690378,7.356958147802208
Carlow,2020,4,2020 Q4,-1.13,Republic of Ireland,False,148.0,194610.1,13.5181093694303,19.46248599949001,14.648109369430298,20.59248599949001
Carlow,2021,1,2021 Q1,-0.23,Republic of Ireland,False,139.0,159288.56,-18.14990075026939,-5.707352495551554,-17.919900750269388,-5.477352495551553
Carlow,2021,2,2021 Q2,1.4,Republic of Ireland,False,98.0,184390.69,15.75890321313722,23.37157688478,14.35890321313722,21.97157688478
Carlow,2021,3,2021 Q3,2.93,Republic of Ireland,False,132.0,196000.17,6.296131328539434,14.328951757832352,3.3661313285394336,11.398951757832354
Carlow,2021,4,2021 Q4,5.27,Republic of Ireland,False,151.0,222251.74,13.393646546326954,14.203599915934472,8.123646546326954,8.933599915934472
Carlow,2022,1,2022 Q1,5.77,Republic of Ireland,False,104.0,197520.19,-11.127719405031424,24.00149138142753,-16.897719405031424,18.23149138142753
Carlow,2022,2,2022 Q2,7.97,Republic of Ireland,False,139.0,221837.84,12.311475601557497,20.308590417444616,4.341475601557497,12.338590417444616
Carlow,2022,3,2022 Q3,8.7,Republic of Ireland,False,127.0,221496.06,-0.1540674936250763,13.008095860325009,-8.854067493625076,4.308095860325009
Carlow,2022,4,2022 Q4,8.8,Republic of Ireland,False,163.0,236643.31,6.838609228534365,6.475346379740388,-1.961390771465636,-2.324653620259613
Carlow,2023,1,2023 Q1,7.97,Republic of Ireland,False,134.0,232072.96,-1.9313244054944945,17.493285116827796,-9.901324405494494,9.523285116827797
Carlow,2023,2,2023 Q2,6.63,Republic of Ireland,False,101.0,223268.32,-3.793910328889672,0.6448313777307035,-10.423910328889672,-5.985168622269296
Carlow,2023,3,2023 Q3,6.23,Republic of Ireland,False,128.0,238984.38,7.0390909019246495,7.895544507653995,0.809090901924649,1.665544507653995
Carlow,2023,4,2023 Q4,4.5,Republic of Ireland,False,159.0,223536.3,-6.464054261621621,-5.538719856479357,-10.96405426162162,-10.038719856479355
Carlow,2024,1,2024 Q1,3.47,Republic of Ireland,False,97.0,240634.02,7.648744297905985,3.6889519571776,4.178744297905984,0.2189519571775995
Carlow,2024,2,2024 Q2,2.47,Republic of Ireland,False,116.0,213202.04,-11.399876044127089,-4.508602026476483,-13.86987604412709,-6.978602026476484
Carlow,2024,3,2024 Q3,1.53,Republic of Ireland,False,112.0,258038.81,21.03017869810251,7.973085939758895,19.50017869810251,6.443085939758895
Carlow,2024,4,2024 Q4,1.03,Republic of Ireland,False,140.0,252857.5,-2.007957640170488,13.116974737436385,-3.037957640170488,12.086974737436384
Carlow,2025,1,2025 Q1,1.9,Republic of Ireland,False,81.0,254608.38,0.6924374400601119,5.807308542657452,-1.207562559939888,3.907308542657452
Carlow,2025,2,2025 Q2,1.9,Republic of Ireland,False,118.0,250312.34,-1.6873128842027962,17.406165531999584,-3.587312884202796,15.506165531999583
Carlow,2025,3,2025 Q3,2.13,Republic of Ireland,False,145.0,264589.66,5.703801898060634,2.53870725880343,3.5738018980606343,0.4087072588034299
Carlow,2025,4,2025 Q4,3.05,Republic of Ireland,False,62.0,288037.1,8.861812664939372,13.912816507321304,5.811812664939372,10.862816507321302
Causeway Coast and Glens,2010,1,2010 Q1,3.28,Northern Ireland,True,191.0,143542.27,,,,
Causeway Coast and Glens,2010,2,2010 Q2,3.46,Northern Ireland,True,210.0,153271.33,6.777836242940838,,3.317836242940838,
Causeway Coast and Glens,2010,3,2010 Q3,3.09,Northern Ireland,True,400.0,144217.08,-5.9073343984161975,,-8.997334398416196,
Causeway Coast and Glens,2010,4,2010 Q4,3.38,Northern Ireland,True,249.0,144280.54,0.0440031097564963,,-3.3359968902435035,
Causeway Coast and Glens,2011,1,2011 Q1,4.12,Northern Ireland,True,189.0,140319.76,-2.745193495948928,-2.2449902735967475,-6.865193495948928,-6.364990273596748
Causeway Coast and Glens,2011,2,2011 Q2,4.38,Northern Ireland,True,201.0,129018.05,-8.054254083672896,-15.823755166735998,-12.434254083672895,-20.203755166736
Causeway Coast and Glens,2011,3,2011 Q3,4.71,Northern Ireland,True,273.0,122237.42,-5.255566953616187,-15.240677456512074,-9.965566953616186,-19.950677456512075
Causeway Coast and Glens,2011,4,2011 Q4,4.65,Northern Ireland,True,236.0,128325.3,4.980373440473462,-11.058483701266995,0.3303734404734619,-15.708483701266998
Causeway Coast and Glens,2012,1,2012 Q1,3.49,Northern Ireland,True,215.0,118795.32,-7.426423316368636,-15.339564434830844,-10.916423316368636,-18.829564434830843
Causeway Coast and Glens,2012,2,2012 Q2,2.76,Northern Ireland,True,236.0,126266.78,6.289355506597394,-2.1324690614995423,3.529355506597394,-4.892469061499542
Causeway Coast and Glens,2012,3,2012 Q3,2.41,Northern Ireland,True,277.0,121520.62,-3.758835063347621,-0.5863998111216739,-6.168835063347621,-2.996399811121674
Causeway Coast and Glens,2012,4,2012 Q4,2.67,Northern Ireland,True,279.0,117709.92,-3.135846410263543,-8.272242496218595,-5.805846410263543,-10.942242496218595
Causeway Coast and Glens,2013,1,2013 Q1,2.78,Northern Ireland,True,280.0,109343.06,-7.108033035788319,-7.95676125961865,-9.888033035788318,-10.73676125961865
Causeway Coast and Glens,2013,2,2013 Q2,2.68,Northern Ireland,True,335.0,110508.75,1.0660850354837326,-12.479949199623208,-1.6139149645162676,-15.159949199623208
Causeway Coast and Glens,2013,3,2013 Q3,2.71,Northern Ireland,True,308.0,112215.33,1.5442940038684627,-7.657375349138274,-1.1657059961315372,-10.367375349138277
Causeway Coast and Glens,2013,4,2013 Q4,2.1,Northern Ireland,True,408.0,114599.39,2.124540381425599,-2.642538538807948,0.0245403814255991,-4.742538538807948
Causeway Coast and Glens,2014,1,2014 Q1,1.74,Northern Ireland,True,335.0,112366.11,-1.948771280545214,2.764738795493749,-3.6887712805452137,1.0247387954937486
Causeway Coast and Glens,2014,2,2014 Q2,1.72,Northern Ireland,True,444.0,122783.68,9.271096062682949,11.107654371260178,7.551096062682949,9.387654371260178
Causeway Coast and Glens,2014,3,2014 Q3,1.46,Northern Ireland,True,432.0,131389.93,7.009278431791577,17.08732666027002,5.549278431791577,15.627326660270018
Causeway Coast and Glens,2014,4,2014 Q4,0.94,Northern Ireland,True,501.0,130096.96,-0.9840708492652284,13.52325697370642,-1.9240708492652283,12.58325697370642
Causeway Coast and Glens,2015,1,2015 Q1,0.1,Northern Ireland,True,378.0,136252.29,4.731340378745208,21.257459210788745,4.631340378745208,21.15745921078874
Causeway Coast and Glens,2015,2,2015 Q2,-0.02,Northern Ireland,True,401.0,148607.2,9.067671449778937,21.03172017649253,9.087671449778934,21.05172017649253
Causeway Coast and Glens,2015,3,2015 Q3,0.01,Northern Ireland,True,449.0,155164.8,4.412706786750564,18.094895095841814,4.4027067867505645,18.08489509584181
Causeway Coast and Glens,2015,4,2015 Q4,0.07,Northern Ireland,True,496.0,153649.18,-0.9767808162676084,18.10358981485807,-1.0467808162676084,18.033589814858068
Causeway Coast and Glens,2016,1,2016 Q1,0.35,Northern Ireland,True,594.0,149280.2,-2.8434775896623576,9.56160810214639,-3.1934775896623577,9.211608102146393
Causeway Coast and Glens,2016,2,2016 Q2,0.35,Northern Ireland,True,409.0,146213.99,-2.0539964442705894,-1.6104266818835256,-2.403996444270589,-1.9604266818835256
Causeway Coast and Glens,2016,3,2016 Q3,0.73,Northern Ireland,True,486.0,139316.27,-4.717551309556633,-10.213998277959943,-5.4475513095566335,-10.943998277959944
Causeway Coast and Glens,2016,4,2016 Q4,1.21,Northern Ireland,True,516.0,138399.94,-0.6577336588181604,-9.92471290767708,-1.8677336588181603,-11.13471290767708
Causeway Coast and Glens,2017,1,2017 Q1,2.14,Northern Ireland,True,381.0,140212.32,1.3095236890998674,-6.07440236548451,-0.8304763109001327,-8.21440236548451
Causeway Coast and Glens,2017,2,2017 Q2,2.74,Northern Ireland,True,517.0,142347.95,1.5231400493194824,-2.644097189331873,-1.2168599506805178,-5.384097189331873
Causeway Coast and Glens,2017,3,2017 Q3,2.82,Northern Ireland,True,612.0,139357.95,-2.100486870376428,0.0299175394230744,-4.920486870376427,-2.790082460576925
Causeway Coast and Glens,2017,4,2017 Q4,3.02,Northern Ireland,True,611.0,141724.58,1.698238241879979,2.402197573207032,-1.321761758120021,-0.6178024267929678
Causeway Coast and Glens,2018,1,2018 Q1,2.72,Northern Ireland,True,470.0,139596.61,-1.5014826644749957,-0.439126889848207,-4.221482664474996,-3.159126889848207
Causeway Coast and Glens,2018,2,2018 Q2,2.42,Northern Ireland,True,529.0,147408.31,5.5959095281755244,3.5549229897585466,3.1759095281755245,1.1349229897585469
Causeway Coast and Glens,2018,3,2018 Q3,2.52,Northern Ireland,True,550.0,147499.81,0.0620724842446129,5.8424079860531775,-2.457927515755387,3.322407986053177
Causeway Coast and Glens,2018,4,2018 Q4,2.27,Northern Ireland,True,558.0,149907.89,1.632598713178024,5.774093668155533,-0.637401286821976,3.504093668155533
Causeway Coast and Glens,2019,1,2019 Q1,1.88,Northern Ireland,True,403.0,154091.9,2.7910538931606554,10.383697713003205,0.9110538931606555,8.503697713003206
Causeway Coast and Glens,2019,2,2019 Q2,2.05,Northern Ireland,True,488.0,154317.38,0.146328262549833,4.687028838469143,-1.9036717374501668,2.637028838469143
Causeway Coast and Glens,2019,3,2019 Q3,1.83,Northern Ireland,True,552.0,153842.13,-0.3079691995807598,4.299883504934687,-2.13796919958076,2.4698835049346872
Causeway Coast and Glens,2019,4,2019 Q4,1.41,Northern Ireland,True,555.0,162395.42,5.559783916148331,8.330135258390992,4.149783916148331,6.920135258390992
Causeway Coast and Glens,2020,1,2020 Q1,1.67,Northern Ireland,True,410.0,166408.45,2.471147277429364,7.992989897587099,0.8011472774293642,6.3229898975871
Causeway Coast and Glens,2020,2,2020 Q2,0.62,Northern Ireland,True,150.0,154842.38,-6.95041027063229,0.3402079532454527,-7.57041027063229,-0.2797920467545473
Causeway Coast and Glens,2020,3,2020 Q3,0.6,Northern Ireland,True,486.0,160502.19,3.6552073146899344,4.3291522289765405,3.0552073146899343,3.729152228976541
Causeway Coast and Glens,2020,4,2020 Q4,0.53,Northern Ireland,True,730.0,167755.63,4.519215594503723,3.300715007849364,3.9892155945037215,2.770715007849364
Causeway Coast and Glens,2021,1,2021 Q1,0.61,Northern Ireland,True,612.0,171166.05,2.032969027626663,2.8589894323274967,1.422969027626663,2.248989432327497
Causeway Coast and Glens,2021,2,2021 Q2,2.05,Northern Ireland,True,677.0,186422.77,8.913403095999461,20.395185090800076,6.863403095999462,18.345185090800072
Causeway Coast and Glens,2021,3,2021 Q3,2.77,Northern Ireland,True,647.0,192382.42,3.196846608383752,19.862800625960308,0.4268466083837521,17.092800625960308
Causeway Coast and Glens,2021,4,2021 Q4,4.91,Northern Ireland,True,463.0,194524.39,1.1133917537787583,15.956996495438048,-3.7966082462212416,11.046996495438048
Causeway Coast and Glens,2022,1,2022 Q1,6.22,Northern Ireland,True,390.0,203586.18,4.658433834441,18.94074788779667,-1.5615661655589994,12.720747887796673
Causeway Coast and Glens,2022,2,2022 Q2,9.17,Northern Ireland,True,417.0,208976.33,2.6476011289174872,12.09807149630917,-6.522398871082513,2.9280714963091707
Causeway Coast and Glens,2022,3,2022 Q3,10.02,Northern Ireland,True,464.0,215524.38,3.133393145529939,12.029144866771093,-6.8866068544700605,2.0091448667710914
Causeway Coast and Glens,2022,4,2022 Q4,10.75,Northern Ireland,True,534.0,210028.53,-2.549989936173347,7.970280744743619,-13.299989936173349,-2.7797192552563814
Causeway Coast and Glens,2023,1,2023 Q1,10.18,Northern Ireland,True,358.0,206477.4,-1.690784580551985,1.4201455128241005,-11.870784580551984,-8.7598544871759
Causeway Coast and Glens,2023,2,2023 Q2,8.43,Northern Ireland,True,454.0,210288.12,1.8455869746519584,0.6277218094508541,-6.5844130253480415,-7.802278190549146
Causeway Coast and Glens,2023,3,2023 Q3,6.71,Northern Ireland,True,466.0,213699.37,1.6221791321354706,-0.8467765920495918,-5.087820867864529,-7.556776592049592
Causeway Coast and Glens,2023,4,2023 Q4,4.18,Northern Ireland,True,401.0,212088.13,-0.7539750819106295,0.9806286793513364,-4.93397508191063,-3.199371320648664
Causeway Coast and Glens,2024,1,2024 Q1,3.54,Northern Ireland,True,346.0,204376.59,-3.636007352226645,-1.0174527575415038,-7.1760073522266445,-4.557452757541504
Causeway Coast and Glens,2024,2,2024 Q2,2.1,Northern Ireland,True,412.0,228913.47,12.005719441742336,8.85706239610684,9.905719441742336,6.757062396106841
Causeway Coast and Glens,2024,3,2024 Q3,2.04,Northern Ireland,True,495.0,234312.88,2.3587122243177827,9.64603218062834,0.3187122243177827,7.606032180628339
Causeway Coast and Glens,2024,4,2024 Q4,2.47,Northern Ireland,True,482.0,237240.46,1.2494319561092704,11.859376571428104,-1.2205680438907298,9.389376571428103
Causeway Coast and Glens,2025,1,2025 Q1,2.8,Northern Ireland,True,507.0,239392.13,0.906957438878675,17.1328526422718,-1.8930425611213249,14.3328526422718
Causeway Coast and Glens,2025,2,2025 Q2,3.49,Northern Ireland,True,359.0,233896.09,-2.2958315296329967,2.1766390592917078,-5.785831529632997,-1.313360940708293
Causeway Coast and Glens,2025,3,2025 Q3,3.8,Northern Ireland,True,454.0,239122.74,2.234603408718794,2.0527510054078046,-1.565396591281206,-1.7472489945921952
Cavan,2010,1,2010 Q1,-3.37,Republic of Ireland,False,19.0,151184.21,,,,
Cavan,2010,2,2010 Q2,-1.33,Republic of Ireland,False,26.0,138265.38,-8.545092109817542,,-7.215092109817542,
Cavan,2010,3,2010 Q3,0.2,Republic of Ireland,False,34.0,115476.47,-16.48200728193855,,-16.68200728193855,
Cavan,2010,4,2010 Q4,0.93,Republic of Ireland,False,42.0,113752.9,-1.4925724695256104,,-2.4225724695256106,
Cavan,2011,1,2011 Q1,2.27,Republic of Ireland,False,34.0,148255.03,30.330769589170917,-1.9374906942993488,28.060769589170917,-4.207490694299349
Cavan,2011,2,2011 Q2,2.87,Republic of Ireland,False,36.0,120833.33,-18.49630329574652,-12.607675182319678,-21.36630329574652,-15.47767518231968
Cavan,2011,3,2011 Q3,2.43,Republic of Ireland,False,46.0,119194.58,-1.3562069339643323,3.2197988040334025,-3.786206933964333,0.7897988040334023
Cavan,2011,4,2011 Q4,2.7,Republic of Ireland,False,44.0,112462.86,-5.647672905932466,-1.1340721862915126,-8.347672905932466,-3.834072186291513
Cavan,2012,1,2012 Q1,2.13,Republic of Ireland,False,36.0,102281.92,-9.052713046778294,-31.009477385016883,-11.182713046778291,-33.13947738501688
Cavan,2012,2,2012 Q2,1.8,Republic of Ireland,False,47.0,81165.79,-20.64502699988424,-32.8283098711258,-22.44502699988424,-34.62830987112579
Cavan,2012,3,2012 Q3,1.77,Republic of Ireland,False,55.0,114463.64,41.02448827270702,-3.96908986969039,39.254488272707015,-5.73908986969039
Cavan,2012,4,2012 Q4,1.07,Republic of Ireland,False,78.0,99311.54,-13.237478731237273,-11.69392277592799,-14.307478731237271,-12.76392277592799
Cavan,2013,1,2013 Q1,0.97,Republic of Ireland,False,54.0,86775.2,-12.623245999407516,-15.160763505417185,-13.593245999407518,-16.130763505417185
Cavan,2013,2,2013 Q2,0.53,Republic of Ireland,False,50.0,81150.0,-6.482497303377,-0.0194540088872319,-7.012497303377,-0.549454008887232
Cavan,2013,3,2013 Q3,0.3,Republic of Ireland,False,91.0,96412.09,18.80725816389401,-15.770553863218051,18.50725816389401,-16.070553863218052
Cavan,2013,4,2013 Q4,0.23,Republic of Ireland,False,153.0,62964.71,-34.69210137442305,-36.59879808529804,-34.92210137442305,-36.82879808529803
Cavan,2014,1,2014 Q1,0.07,Republic of Ireland,False,165.0,39079.45,-37.93436037424773,-54.96472494445418,-38.00436037424773,-55.03472494445418
Cavan,2014,2,2014 Q2,0.37,Republic of Ireland,False,115.0,75869.42,94.14147333189185,-6.507184226740604,93.77147333189184,-6.877184226740604
Cavan,2014,3,2014 Q3,0.37,Republic of Ireland,False,145.0,82608.14,8.881997516258867,-14.31765455971341,8.511997516258868,-14.68765455971341
Cavan,2014,4,2014 Q4,-0.03,Republic of Ireland,False,191.0,81116.39,-1.8058147780594005,28.828338921913566,-1.7758147780594002,28.858338921913568
Cavan,2015,1,2015 Q1,-0.6,Republic of Ireland,False,121.0,81090.99,-0.0313130305724773,107.50289474391278,0.5686869694275226,108.10289474391276
Cavan,2015,2,2015 Q2,-0.43,Republic of Ireland,False,162.0,74616.45,-7.984290239889791,-1.6514822440978238,-7.554290239889791,-1.221482244097824
Cavan,2015,3,2015 Q3,-0.17,Republic of Ireland,False,129.0,93184.97,24.885290039930872,12.80361717380394,25.055290039930878,12.97361717380394
Cavan,2015,4,2015 Q4,-0.07,Republic of Ireland,False,194.0,93269.6,0.0908193671146806,14.98243449936567,0.1608193671146806,15.05243449936567
Cavan,2016,1,2016 Q1,-0.13,Republic of Ireland,False,114.0,95191.67,2.060767924382634,17.38871359197858,2.1907679243826337,17.518713591978578
Cavan,2016,2,2016 Q2,0.17,Republic of Ireland,False,140.0,96871.07,1.7642300003771538,29.825353524591435,1.594230000377154,29.655353524591437
Cavan,2016,3,2016 Q3,0.13,Republic of Ireland,False,155.0,101884.98,5.17585900517048,9.336280303572565,5.04585900517048,9.206280303572564
Cavan,2016,4,2016 Q4,-0.07,Republic of Ireland,False,212.0,98053.09,-3.760995978013637,5.128670006089853,-3.690995978013637,5.198670006089853
Cavan,2017,1,2017 Q1,0.57,Republic of Ireland,False,169.0,111586.89,13.8025226945933,17.223376793368583,13.2325226945933,16.653376793368583
Cavan,2017,2,2017 Q2,0.23,Republic of Ireland,False,154.0,112922.08,1.196547372186818,16.569456701572506,0.966547372186818,16.339456701572505
Cavan,2017,3,2017 Q3,0.2,Republic of Ireland,False,160.0,108881.82,-3.5779185080544007,6.8673910521452886,-3.777918508054401,6.667391052145288
Cavan,2017,4,2017 Q4,0.47,Republic of Ireland,False,195.0,132033.18,21.262833409654604,34.65478752377922,20.792833409654605,34.18478752377922
Cavan,2018,1,2018 Q1,0.23,Republic of Ireland,False,141.0,117364.64,-11.109737718958211,5.177803593235719,-11.339737718958212,4.947803593235719
Cavan,2018,2,2018 Q2,0.17,Republic of Ireland,False,152.0,127836.22,8.922261423883725,13.207461286579214,8.752261423883725,13.037461286579214
Cavan,2018,3,2018 Q3,0.77,Republic of Ireland,False,163.0,124061.45,-2.9528172844910494,13.941381582343126,-3.7228172844910494,13.171381582343129
Cavan,2018,4,2018 Q4,0.73,Republic of Ireland,False,205.0,140569.52,13.306365514831551,6.465299101331956,12.576365514831553,5.735299101331956
Cavan,2019,1,2019 Q1,0.83,Republic of Ireland,False,133.0,135579.02,-3.5502006409355302,15.519478439161905,-4.38020064093553,14.689478439161904
Cavan,2019,2,2019 Q2,1.17,Republic of Ireland,False,169.0,131871.12,-2.7348626653297847,3.156304214877448,-3.9048626653297847,1.986304214877448
Cavan,2019,3,2019 Q3,0.7,Republic of Ireland,False,159.0,154185.43,16.92130164663801,24.281499208658296,16.22130164663801,23.581499208658297
Cavan,2019,4,2019 Q4,1.03,Republic of Ireland,False,219.0,132939.71,-13.779330511320042,-5.427784060157559,-14.809330511320042,-6.457784060157559
Cavan,2020,1,2020 Q1,1.03,Republic of Ireland,False,140.0,131292.99,-1.238696849872778,-3.161278197762452,-2.2686968498727778,-4.191278197762451
Cavan,2020,2,2020 Q2,-0.3,Republic of Ireland,False,100.0,140145.0,6.7421802184564505,6.274216826246715,7.04218021845645,6.574216826246714
Cavan,2020,3,2020 Q3,-0.93,Republic of Ireland,False,140.0,127602.14,-8.94991615826466,-17.241116751433637,-8.01991615826466,-16.311116751433637
Cavan,2020,4,2020 Q4,-1.13,Republic of Ireland,False,194.0,154578.18,21.14074262390897,16.276904771343336,22.27074262390897,17.406904771343335
Cavan,2021,1,2021 Q1,-0.23,Republic of Ireland,False,189.0,147065.87,-4.859877377259847,12.013497445674748,-4.629877377259847,12.243497445674748
Cavan,2021,2,2021 Q2,1.4,Republic of Ireland,False,150.0,152348.45,3.591982286576778,8.707731278318898,2.191982286576778,7.307731278318897
Cavan,2021,3,2021 Q3,2.93,Republic of Ireland,False,204.0,160682.6,5.470452767980238,25.924690604718712,2.5404527679802382,22.994690604718716
Cavan,2021,4,2021 Q4,5.27,Republic of Ireland,False,207.0,179813.19,11.905825521867342,16.32507899886,6.635825521867343,11.05507899886
Cavan,2022,1,2022 Q1,5.77,Republic of Ireland,False,154.0,182331.17,1.4003310880586817,23.979255010016946,-4.369668911941318,18.209255010016943
Cavan,2022,2,2022 Q2,7.97,Republic of Ireland,False,163.0,170863.1,-6.289692541324676,12.152831223422345,-14.259692541324675,4.182831223422345
Cavan,2022,3,2022 Q3,8.7,Republic of Ireland,False,210.0,192294.52,12.543035915888211,19.67351785445344,3.843035915888212,10.973517854453435
Cavan,2022,4,2022 Q4,8.8,Republic of Ireland,False,224.0,185450.04,-3.559373402840593,3.1348367714292946,-12.359373402840594,-5.665163228570706
Cavan,2023,1,2023 Q1,7.97,Republic of Ireland,False,148.0,200675.62,8.210071025058818,10.061060870722203,0.2400710250588185,2.091060870722205
Cavan,2023,2,2023 Q2,6.63,Republic of Ireland,False,172.0,184684.3,-7.968740796714623,8.089049069108523,-14.598740796714624,1.4590490691085227
Cavan,2023,3,2023 Q3,6.23,Republic of Ireland,False,179.0,191643.35,3.768078824242238,-0.3386315949097218,-2.4619211757577624,-6.568631594909722
Cavan,2023,4,2023 Q4,4.5,Republic of Ireland,False,202.0,200046.12,4.384587307621146,7.870626504043887,-0.1154126923788538,3.370626504043887
Cavan,2024,1,2024 Q1,3.47,Republic of Ireland,False,125.0,204554.8,2.2538202690459475,1.9330599302496143,-1.2161797309540527,-1.536940069750386
Cavan,2024,2,2024 Q2,2.47,Republic of Ireland,False,146.0,179647.63,-12.176282345855483,-2.7271782170980363,-14.646282345855484,-5.1971782170980365
Cavan,2024,3,2024 Q3,1.53,Republic of Ireland,False,191.0,208954.25,16.313390830705643,9.032872781654032,14.783390830705644,7.502872781654033
Cavan,2024,4,2024 Q4,1.03,Republic of Ireland,False,181.0,229455.8,9.81150180003516,14.701449845665593,8.78150180003516,13.671449845665594
Cavan,2025,1,2025 Q1,1.9,Republic of Ireland,False,118.0,241432.29,5.219519401993766,18.02817142399007,3.3195194019937664,16.12817142399007
Cavan,2025,2,2025 Q2,1.9,Republic of Ireland,False,138.0,224011.09,-7.215770516860031,24.694709303985807,-9.115770516860032,22.794709303985808
Cavan,2025,3,2025 Q3,2.13,Republic of Ireland,False,176.0,228375.0,1.9480776599051453,9.294259389316071,-0.1819223400948546,7.164259389316073
Cavan,2025,4,2025 Q4,3.05,Republic of Ireland,False,62.0,240756.89,5.42173617952928,4.925170773630483,2.37173617952928,1.875170773630483
Clare,2010,1,2010 Q1,-3.37,Republic of Ireland,False,52.0,189805.77,,,,
Clare,2010,2,2010 Q2,-1.33,Republic of Ireland,False,78.0,166660.53,-12.194170914825186,,-10.864170914825186,
Clare,2010,3,2010 Q3,0.2,Republic of Ireland,False,123.0,154507.44,-7.292122495950304,,-7.492122495950304,
Clare,2010,4,2010 Q4,0.93,Republic of Ireland,False,89.0,156511.39,1.2969925590638365,,0.3669925590638364,
Clare,2011,1,2011 Q1,2.27,Republic of Ireland,False,58.0,165143.1,5.515068264360812,-12.993635546485226,3.245068264360812,-15.263635546485226
Clare,2011,2,2011 Q2,2.87,Republic of Ireland,False,72.0,150084.53,-9.1184978361191,-9.945966210475865,-11.988497836119098,-12.815966210475864
Clare,2011,3,2011 Q3,2.43,Republic of Ireland,False,95.0,148659.82,-0.9492717204098168,-3.784685061120674,-3.379271720409817,-6.214685061120674
Clare,2011,4,2011 Q4,2.7,Republic of Ireland,False,96.0,145078.31,-2.4091983967154063,-7.304950777064856,-5.109198396715406,-10.004950777064856
Clare,2012,1,2012 Q1,2.13,Republic of Ireland,False,81.0,129686.5,-10.609311619359229,-21.47022794170632,-12.739311619359228,-23.60022794170632
Clare,2012,2,2012 Q2,1.8,Republic of Ireland,False,103.0,126862.14,-2.177836551992696,-15.472873853154622,-3.977836551992696,-17.27287385315462
Clare,2012,3,2012 Q3,1.77,Republic of Ireland,False,114.0,118774.12,-6.37544030078635,-20.103414628108663,-8.14544030078635,-21.873414628108662
Clare,2012,4,2012 Q4,1.07,Republic of Ireland,False,152.0,118079.56,-0.5847738547757664,-18.609777023181483,-1.6547738547757664,-19.679777023181483
Clare,2013,1,2013 Q1,0.97,Republic of Ireland,False,73.0,113819.27,-3.607982617821404,-12.2350668728048,-4.577982617821403,-13.2050668728048
Clare,2013,2,2013 Q2,0.53,Republic of Ireland,False,105.0,112515.24,-1.1457023050666204,-11.309047758456536,-1.6757023050666204,-11.839047758456536
Clare,2013,3,2013 Q3,0.3,Republic of Ireland,False,158.0,113471.89,0.8502403763259059,-4.464129054376487,0.5502403763259058,-4.764129054376487
Clare,2013,4,2013 Q4,0.23,Republic of Ireland,False,170.0,106458.64,-6.180605610781664,-9.84160171328552,-6.410605610781665,-10.07160171328552
Clare,2014,1,2014 Q1,0.07,Republic of Ireland,False,118.0,111423.75,4.663886369391901,-2.104669973722384,4.5938863693919005,-2.174669973722384
Clare,2014,2,2014 Q2,0.37,Republic of Ireland,False,163.0,95997.1,-13.84502855091486,-14.680802351752533,-14.21502855091486,-15.05080235175253
Clare,2014,3,2014 Q3,0.37,Republic of Ireland,False,212.0,106069.54,10.492441959184172,-6.523509919505177,10.122441959184174,-6.893509919505177
Clare,2014,4,2014 Q4,-0.03,Republic of Ireland,False,345.0,111244.99,4.879298995734316,4.495971393209608,4.909298995734316,4.525971393209608
Clare,2015,1,2015 Q1,-0.6,Republic of Ireland,False,209.0,108528.26,-2.4421144718517307,-2.598629107349204,-1.8421144718517304,-1.998629107349204
Clare,2015,2,2015 Q2,-0.43,Republic of Ireland,False,187.0,120007.07,10.576793546676244,25.011140961549884,11.006793546676244,25.441140961549884
Clare,2015,3,2015 Q3,-0.17,Republic of Ireland,False,296.0,101230.82,-15.645953192591069,-4.561837451166461,-15.475953192591067,-4.391837451166461
Clare,2015,4,2015 Q4,-0.07,Republic of Ireland,False,291.0,121009.15,19.537854183143025,8.777168302141058,19.607854183143026,8.847168302141059
Clare,2016,1,2016 Q1,-0.13,Republic of Ireland,False,163.0,128576.99,6.253940301208627,18.47328059991011,6.383940301208627,18.60328059991011
Clare,2016,2,2016 Q2,0.17,Republic of Ireland,False,242.0,127838.28,-0.5745273707216225,6.525623865327268,-0.7445273707216226,6.355623865327268
Clare,2016,3,2016 Q3,0.13,Republic of Ireland,False,278.0,131024.96,2.492743175205425,29.43188645513293,2.3627431752054253,29.301886455132927
Clare,2016,4,2016 Q4,-0.07,Republic of Ireland,False,270.0,133925.34,2.213608765841246,10.673730044380946,2.283608765841246,10.743730044380946
Clare,2017,1,2017 Q1,0.57,Republic of Ireland,False,238.0,141197.01,5.429644606465067,9.81514655149418,4.859644606465067,9.24514655149418
Clare,2017,2,2017 Q2,0.23,Republic of Ireland,False,223.0,142554.26,0.9612455674521624,11.511403313624058,0.7312455674521625,11.281403313624056
Clare,2017,3,2017 Q3,0.2,Republic of Ireland,False,257.0,149296.11,4.729322013947512,13.944785787379722,4.529322013947512,13.744785787379724
Clare,2017,4,2017 Q4,0.47,Republic of Ireland,False,278.0,141428.52,-5.269789011917325,5.602509577351067,-5.739789011917325,5.132509577351067
Clare,2018,1,2018 Q1,0.23,Republic of Ireland,False,201.0,161994.26,14.541437611027842,14.729242495999028,14.31143761102784,14.499242495999027
Clare,2018,2,2018 Q2,0.17,Republic of Ireland,False,203.0,155939.98,-3.7373422984246503,9.389912304269266,-3.90734229842465,9.219912304269268
Clare,2018,3,2018 Q3,0.77,Republic of Ireland,False,260.0,157923.05,1.27168799175168,5.778409095856563,0.5016879917516799,5.008409095856562
Clare,2018,4,2018 Q4,0.73,Republic of Ireland,False,287.0,168486.54,6.689010882198643,19.13194029040255,5.959010882198642,18.40194029040255
Clare,2019,1,2019 Q1,0.83,Republic of Ireland,False,199.0,159302.91,-5.450660925199136,-1.6613860268876235,-6.280660925199136,-2.491386026887624
Clare,2019,2,2019 Q2,1.17,Republic of Ireland,False,231.0,172296.61,8.156599273673027,10.48905482737652,6.986599273673027,9.31905482737652
Clare,2019,3,2019 Q3,0.7,Republic of Ireland,False,280.0,171664.14,-0.3670820917486272,8.701130075691953,-1.0670820917486272,8.001130075691954
Clare,2019,4,2019 Q4,1.03,Republic of Ireland,False,288.0,176478.9,2.804755844755924,4.743619282584821,1.774755844755924,3.713619282584821
Clare,2020,1,2020 Q1,1.03,Republic of Ireland,False,207.0,173068.07,-1.9327126359015123,8.640871657648951,-2.962712635901513,7.610871657648951
Clare,2020,2,2020 Q2,-0.3,Republic of Ireland,False,155.0,175777.13,1.5653147342545637,2.020074567920993,1.865314734254564,2.320074567920993
Clare,2020,3,2020 Q3,-0.93,Republic of Ireland,False,210.0,158121.19,-10.04450351419437,-7.889213204341927,-9.11450351419437,-6.959213204341928
Clare,2020,4,2020 Q4,-1.13,Republic of Ireland,False,296.0,177475.77,12.240345522317408,0.5648663947928068,13.370345522317407,1.6948663947928069
Clare,2021,1,2021 Q1,-0.23,Republic of Ireland,False,233.0,180287.49,1.5842838715391938,4.171433817919157,1.8142838715391936,4.401433817919157
Clare,2021,2,2021 Q2,1.4,Republic of Ireland,False,246.0,182936.0,1.4690481297398916,4.0726970567786624,0.0690481297398917,2.6726970567786625
Clare,2021,3,2021 Q3,2.93,Republic of Ireland,False,308.0,207131.76,13.226352385533737,30.99557371153101,10.296352385533735,28.06557371153101
Clare,2021,4,2021 Q4,5.27,Republic of Ireland,False,354.0,209435.71,1.1123113133398643,18.00805822676528,-4.157688686660135,12.73805822676528
Clare,2022,1,2022 Q1,5.77,Republic of Ireland,False,253.0,214618.04,2.4744252066660533,19.04211434747913,-3.2955747933339463,13.272114347479135
Clare,2022,2,2022 Q2,7.97,Republic of Ireland,False,247.0,217269.67,1.2355112366136731,18.76813202431453,-6.734488763386326,10.798132024314532
Clare,2022,3,2022 Q3,8.7,Republic of Ireland,False,263.0,229663.3,5.704261436950664,10.87787792659125,-2.9957385630493354,2.1778779265912505
Clare,2022,4,2022 Q4,8.8,Republic of Ireland,False,353.0,234913.02,2.2858332175841767,12.16474019640681,-6.514166782415824,3.3647401964068084
Clare,2023,1,2023 Q1,7.97,Republic of Ireland,False,233.0,225718.71,-3.913920990841635,5.172291201615664,-11.883920990841634,-2.797708798384336
Clare,2023,2,2023 Q2,6.63,Republic of Ireland,False,298.0,212413.04,-5.894801543035566,-2.235300490860048,-12.524801543035563,-8.865300490860047
Clare,2023,3,2023 Q3,6.23,Republic of Ireland,False,277.0,237850.37,11.97540885437165,3.5648142302231234,5.74540885437165,-2.665185769776877
Clare,2023,4,2023 Q4,4.5,Republic of Ireland,False,305.0,228803.3,-3.80368128079851,-2.6008434951796167,-8.30368128079851,-7.100843495179617
Clare,2024,1,2024 Q1,3.47,Republic of Ireland,False,195.0,238539.02,4.255061006550176,5.679772846477804,0.7850610065501757,2.209772846477804
Clare,2024,2,2024 Q2,2.47,Republic of Ireland,False,227.0,242900.72,1.828505877151665,14.353017121736023,-0.6414941228483353,11.883017121736025
Clare,2024,3,2024 Q3,1.53,Republic of Ireland,False,235.0,275317.42,13.345658259061556,15.752361453127016,11.815658259061555,14.222361453127018
Clare,2024,4,2024 Q4,1.03,Republic of Ireland,False,286.0,277980.21,0.9671709113066695,21.493094723721228,-0.0628290886933304,20.463094723721227
Clare,2025,1,2025 Q1,1.9,Republic of Ireland,False,170.0,284154.19,2.221014222559225,19.122728851657065,0.3210142225592256,17.222728851657067
Clare,2025,2,2025 Q2,1.9,Republic of Ireland,False,249.0,268014.23,-5.6800007066585945,10.339001876980848,-7.580000706658595,8.439001876980846
Clare,2025,3,2025 Q3,2.13,Republic of Ireland,False,282.0,290499.18,8.38946126106812,5.514275122874546,6.259461261068121,3.384275122874546
Clare,2025,4,2025 Q4,3.05,Republic of Ireland,False,114.0,315950.18,8.761126279254894,13.659234950574351,5.711126279254894,10.60923495057435
Cork,2010,1,2010 Q1,-3.37,Republic of Ireland,False,286.0,236462.83,,,,
Cork,2010,2,2010 Q2,-1.33,Republic of Ireland,False,346.0,215937.72,-8.680057664876962,,-7.350057664876962,
Cork,2010,3,2010 Q3,0.2,Republic of Ireland,False,405.0,202981.2,-6.000118923178399,,-6.200118923178399,
Cork,2010,4,2010 Q4,0.93,Republic of Ireland,False,435.0,210597.72,3.752327801786559,,2.822327801786559,
Cork,2011,1,2011 Q1,2.27,Republic of Ireland,False,268.0,202865.81,-3.6714120171861375,-14.208161172730616,-5.9414120171861375,-16.478161172730616
Cork,2011,2,2011 Q2,2.87,Republic of Ireland,False,371.0,187924.31,-7.365213487674438,-12.97291181920417,-10.23521348767444,-15.842911819204168
Cork,2011,3,2011 Q3,2.43,Republic of Ireland,False,415.0,186333.17,-0.8466919474122259,-8.201759571822409,-3.276691947412226,-10.631759571822409
Cork,2011,4,2011 Q4,2.7,Republic of Ireland,False,479.0,182049.66,-2.298844591116012,-13.555730802783616,-4.998844591116011,-16.255730802783617
Cork,2012,1,2012 Q1,2.13,Republic of Ireland,False,356.0,162222.01,-10.89134140651512,-20.03482006159638,-13.02134140651512,-22.16482006159638
Cork,2012,2,2012 Q2,1.8,Republic of Ireland,False,433.0,161580.46,-0.3954765447672703,-14.018330039365324,-2.1954765447672706,-15.818330039365325
Cork,2012,3,2012 Q3,1.77,Republic of Ireland,False,492.0,171467.71,6.119087666912204,-7.977892502982709,4.3490876669122045,-9.747892502982708
Cork,2012,4,2012 Q4,1.07,Republic of Ireland,False,790.0,164585.37,-4.013781953465168,-9.593146177806656,-5.083781953465168,-10.663146177806656
Cork,2013,1,2013 Q1,0.97,Republic of Ireland,False,432.0,153547.15,-6.706683589191432,-5.3475234340888855,-7.676683589191431,-6.317523434088885
Cork,2013,2,2013 Q2,0.53,Republic of Ireland,False,489.0,146826.09,-4.377196190225607,-9.131283572283431,-4.907196190225608,-9.661283572283432
Cork,2013,3,2013 Q3,0.3,Republic of Ireland,False,638.0,159363.74,8.539115902357675,-7.059037529573353,8.239115902357675,-7.359037529573353
Cork,2013,4,2013 Q4,0.23,Republic of Ireland,False,867.0,155754.03,-2.265076108279085,-5.365811068140502,-2.495076108279085,-5.595811068140502
Cork,2014,1,2014 Q1,0.07,Republic of Ireland,False,580.0,146286.97,-6.078211908866815,-4.728306582049879,-6.148211908866816,-4.79830658204988
Cork,2014,2,2014 Q2,0.37,Republic of Ireland,False,755.0,150900.12,3.153493438274091,2.7747316570236213,2.783493438274091,2.404731657023621
Cork,2014,3,2014 Q3,0.37,Republic of Ireland,False,941.0,170192.1,12.784602159362102,6.794745153445825,12.414602159362104,6.424745153445825
Cork,2014,4,2014 Q4,-0.03,Republic of Ireland,False,1388.0,162018.19,-4.8027552395205175,4.021828520263648,-4.772755239520517,4.051828520263649
Cork,2015,1,2015 Q1,-0.6,Republic of Ireland,False,965.0,153155.41,-5.4702376319597175,4.695182352878047,-4.870237631959718,5.295182352878046
Cork,2015,2,2015 Q2,-0.43,Republic of Ireland,False,896.0,170490.76,11.318797031067994,12.9825211537274,11.748797031067994,13.4125211537274
Cork,2015,3,2015 Q3,-0.17,Republic of Ireland,False,1038.0,185408.64,8.749963927663874,8.94080277521696,8.919963927663874,9.11080277521696
Cork,2015,4,2015 Q4,-0.07,Republic of Ireland,False,1255.0,183395.93,-1.0855535103434288,13.194654254562389,-1.0155535103434288,13.264654254562387
Cork,2016,1,2016 Q1,-0.13,Republic of Ireland,False,860.0,183577.95,0.0992497488902843,19.86383634766804,0.2292497488902843,19.99383634766804
Cork,2016,2,2016 Q2,0.17,Republic of Ireland,False,942.0,181709.54,-1.0177747381970417,6.580286227828425,-1.1877747381970414,6.410286227828425
Cork,2016,3,2016 Q3,0.13,Republic of Ireland,False,1103.0,196286.18,8.021945353006776,5.866792399750076,7.891945353006776,5.736792399750076
Cork,2016,4,2016 Q4,-0.07,Republic of Ireland,False,1278.0,195700.98,-0.2981361194150156,6.709554568631937,-0.2281361194150156,6.779554568631937
Cork,2017,1,2017 Q1,0.57,Republic of Ireland,False,917.0,199759.33,2.073750473809577,8.814446397293342,1.503750473809577,8.244446397293341
Cork,2017,2,2017 Q2,0.23,Republic of Ireland,False,974.0,200788.46,0.5151849478069348,10.49967987371494,0.2851849478069348,10.26967987371494
Cork,2017,3,2017 Q3,0.2,Republic of Ireland,False,1158.0,211920.02,5.543924187674931,7.96481953034085,5.343924187674931,7.76481953034085
Cork,2017,4,2017 Q4,0.47,Republic of Ireland,False,1237.0,212443.29,0.2469186252436195,8.555046581780012,-0.2230813747563804,8.085046581780011
Cork,2018,1,2018 Q1,0.23,Republic of Ireland,False,901.0,206492.91,-2.8009263083809355,3.370846307904629,-3.0309263083809355,3.140846307904629
Cork,2018,2,2018 Q2,0.17,Republic of Ireland,False,984.0,228396.97,10.607657182999652,13.750048185040132,10.437657182999653,13.580048185040132
Cork,2018,3,2018 Q3,0.77,Republic of Ireland,False,1121.0,226812.08,-0.6939190130236916,7.027207717326567,-1.4639190130236917,6.257207717326567
Cork,2018,4,2018 Q4,0.73,Republic of Ireland,False,1332.0,223599.53,-1.4163928129401149,5.251396737454028,-2.146392812940115,4.521396737454028
Cork,2019,1,2019 Q1,0.83,Republic of Ireland,False,978.0,226262.67,1.1910311260493245,9.574062373376414,0.3610311260493245,8.744062373376414
Cork,2019,2,2019 Q2,1.17,Republic of Ireland,False,1100.0,224278.68,-0.876852553715568,-1.8031281238100492,-2.046852553715568,-2.9731281238100493
Cork,2019,3,2019 Q3,0.7,Republic of Ireland,False,1178.0,237391.23,5.846543238082202,4.664279786156023,5.146543238082202,3.9642797861560224
Cork,2019,4,2019 Q4,1.03,Republic of Ireland,False,1385.0,229720.92,-3.231083978965865,2.737657811713645,-4.261083978965865,1.7076578117136452
Cork,2020,1,2020 Q1,1.03,Republic of Ireland,False,901.0,229529.85,-0.0831748366670326,1.4439765958741635,-1.1131748366670329,0.4139765958741634
Cork,2020,2,2020 Q2,-0.3,Republic of Ireland,False,653.0,230378.85,0.3698865310982402,2.719906323686238,0.6698865310982403,3.0199063236862385
Cork,2020,3,2020 Q3,-0.93,Republic of Ireland,False,817.0,222555.43,-3.3958933296177163,-6.249514777778442,-2.465893329617716,-5.319514777778442
Cork,2020,4,2020 Q4,-1.13,Republic of Ireland,False,1316.0,242518.2,8.969796872626311,5.570794336014329,10.09979687262631,6.7007943360143285
Cork,2021,1,2021 Q1,-0.23,Republic of Ireland,False,1031.0,246779.86,1.7572536824040252,7.515366737703166,1.9872536824040248,7.745366737703167
Cork,2021,2,2021 Q2,1.4,Republic of Ireland,False,1045.0,247790.52,0.4095390928579023,7.557842223797873,-0.9904609071420976,6.157842223797873
Cork,2021,3,2021 Q3,2.93,Republic of Ireland,False,1171.0,262209.41,5.818983712532666,17.817574704872396,2.888983712532666,14.887574704872396
Cork,2021,4,2021 Q4,5.27,Republic of Ireland,False,1386.0,269057.89,2.6118360893302883,10.943380744208064,-2.6581639106697112,5.673380744208064
Cork,2022,1,2022 Q1,5.77,Republic of Ireland,False,1074.0,279951.61,4.048838709022795,13.441838406100072,-1.7211612909772045,7.671838406100072
Cork,2022,2,2022 Q2,7.97,Republic of Ireland,False,1044.0,277454.5,-0.8919791531114885,11.97139422444411,-8.861979153111488,4.00139422444411
Cork,2022,3,2022 Q3,8.7,Republic of Ireland,False,1193.0,301569.35,8.691461122454314,15.01088004431268,-0.0085388775456856,6.310880044312681
Cork,2022,4,2022 Q4,8.8,Republic of Ireland,False,1350.0,300263.58,-0.4329916153614332,11.598132282981922,-9.232991615361437,2.7981322829819213
Cork,2023,1,2023 Q1,7.97,Republic of Ireland,False,992.0,292979.67,-2.425838658154955,4.653682827542949,-10.395838658154954,-3.316317172457051
Cork,2023,2,2023 Q2,6.63,Republic of Ireland,False,1161.0,294076.35,0.3743194877651401,5.990838137424337,-6.25568051223486,-0.639161862575663
Cork,2023,3,2023 Q3,6.23,Republic of Ireland,False,1178.0,300213.55,2.086941027389666,-0.4495814975891909,-4.143058972610334,-6.679581497589192
Cork,2023,4,2023 Q4,4.5,Republic of Ireland,False,1321.0,301581.28,0.45558569891333,0.43884776168992,-4.04441430108667,-4.06115223831008
Cork,2024,1,2024 Q1,3.47,Republic of Ireland,False,936.0,304275.06,0.8932185711261642,3.8553494172479663,-2.576781428873836,0.3853494172479661
Cork,2024,2,2024 Q2,2.47,Republic of Ireland,False,994.0,306487.56,0.7271381361324769,4.220403986923804,-1.7428618638675233,1.750403986923804
Cork,2024,3,2024 Q3,1.53,Republic of Ireland,False,1054.0,331721.82,8.23337169051821,10.495285772411012,6.7033716905182095,8.965285772411013
Cork,2024,4,2024 Q4,1.03,Republic of Ireland,False,1262.0,335491.7,1.136458252881889,11.244205873786315,0.1064582528818889,10.214205873786318
Cork,2025,1,2025 Q1,1.9,Republic of Ireland,False,917.0,341201.92,1.7020450878516336,12.13601272480236,-0.1979549121483663,10.23601272480236
Cork,2025,2,2025 Q2,1.9,Republic of Ireland,False,1009.0,342317.96,0.3270907736978801,11.690653937145123,-1.5729092263021198,9.790653937145125
Cork,2025,3,2025 Q3,2.13,Republic of Ireland,False,1175.0,356878.52,4.253519155115315,7.583673573236749,2.123519155115315,5.453673573236749
Cork,2025,4,2025 Q4,3.05,Republic of Ireland,False,443.0,356422.83,-0.1276877072904247,6.238941231631068,-3.1776877072904246,3.188941231631068
Derry City and Strabane,2010,1,2010 Q1,3.28,Northern Ireland,True,137.0,128634.51,,,,
Derry City and Strabane,2010,2,2010 Q2,3.46,Northern Ireland,True,178.0,125699.95,-2.2813162657516983,,-5.741316265751698,
Derry City and Strabane,2010,3,2010 Q3,3.09,Northern Ireland,True,178.0,126116.63,0.3314878009100352,,-2.7585121990899646,
Derry City and Strabane,2010,4,2010 Q4,3.38,Northern Ireland,True,180.0,114126.21,-9.507405962243045,,-12.887405962243044,
Derry City and Strabane,2011,1,2011 Q1,4.12,Northern Ireland,True,166.0,120165.68,5.291921987070269,-6.58363762570402,1.1719219870702693,-10.70363762570402
Derry City and Strabane,2011,2,2011 Q2,4.38,Northern Ireland,True,207.0,108325.63,-9.853104480414032,-13.822058004000793,-14.233104480414031,-18.202058004000797
Derry City and Strabane,2011,3,2011 Q3,4.71,Northern Ireland,True,210.0,104940.59,-3.124874510307496,-16.7908387656727,-7.834874510307496,-21.5008387656727
Derry City and Strabane,2011,4,2011 Q4,4.65,Northern Ireland,True,179.0,101405.85,-3.3683248779142527,-11.1458708740087,-8.018324877914253,-15.7958708740087
Derry City and Strabane,2012,1,2012 Q1,3.49,Northern Ireland,True,181.0,106866.65,5.385093660770046,-11.067244823979694,1.895093660770046,-14.557244823979694
Derry City and Strabane,2012,2,2012 Q2,2.76,Northern Ireland,True,194.0,107927.3,0.992498595211888,-0.3677153781612041,-1.7675014047881117,-3.127715378161204
Derry City and Strabane,2012,3,2012 Q3,2.41,Northern Ireland,True,229.0,104819.79,-2.8792622441217497,-0.1151127509384175,-5.289262244121749,-2.5251127509384177
Derry City and Strabane,2012,4,2012 Q4,2.67,Northern Ireland,True,259.0,102305.46,-2.3987168835197914,0.887138168064272,-5.068716883519791,-1.782861831935728
Derry City and Strabane,2013,1,2013 Q1,2.78,Northern Ireland,True,233.0,93106.7,-8.991465362650253,-12.875812987494228,-11.771465362650252,-15.655812987494228
Derry City and Strabane,2013,2,2013 Q2,2.68,Northern Ireland,True,248.0,96219.33,3.343078425075752,-10.848015284362711,0.6630784250757515,-13.528015284362713
Derry City and Strabane,2013,3,2013 Q3,2.71,Northern Ireland,True,260.0,96918.82,0.7269745070974887,-7.537670128894536,-1.9830254929025115,-10.247670128894535
Derry City and Strabane,2013,4,2013 Q4,2.1,Northern Ireland,True,271.0,97798.82,0.907976386835907,-4.405082583080122,-1.192023613164093,-6.505082583080123
Derry City and Strabane,2014,1,2014 Q1,1.74,Northern Ireland,True,323.0,99858.3,2.105833178764316,7.251465254380207,0.3658331787643158,5.511465254380207
Derry City and Strabane,2014,2,2014 Q2,1.72,Northern Ireland,True,302.0,102748.44,2.894241139694942,6.785653153061855,1.174241139694942,5.065653153061855
Derry City and Strabane,2014,3,2014 Q3,1.46,Northern Ireland,True,354.0,109925.02,6.984612126471212,13.41968463916503,5.5246121264712125,11.95968463916503
Derry City and Strabane,2014,4,2014 Q4,0.94,Northern Ireland,True,344.0,112944.23,2.746608551902008,15.486291143390062,1.806608551902008,14.546291143390064
Derry City and Strabane,2015,1,2015 Q1,0.1,Northern Ireland,True,311.0,122108.06,8.113588449803943,22.28133264836272,8.013588449803944,22.18133264836272
Derry City and Strabane,2015,2,2015 Q2,-0.02,Northern Ireland,True,342.0,125331.22,2.6395964361402457,21.97870838720277,2.6595964361402458,21.99870838720277
Derry City and Strabane,2015,3,2015 Q3,0.01,Northern Ireland,True,345.0,131003.62,4.525927378669103,19.17543430967763,4.515927378669104,19.16543430967763
Derry City and Strabane,2015,4,2015 Q4,0.07,Northern Ireland,True,376.0,129735.84,-0.9677442501207169,14.867169398560698,-1.0377442501207168,14.797169398560698
Derry City and Strabane,2016,1,2016 Q1,0.35,Northern Ireland,True,382.0,125557.42,-3.220713721050405,2.8248421930542555,-3.5707137210504056,2.4748421930542555
Derry City and Strabane,2016,2,2016 Q2,0.35,Northern Ireland,True,275.0,124906.39,-0.5185117693562002,-0.3389658219236979,-0.8685117693562002,-0.6889658219236979
Derry City and Strabane,2016,3,2016 Q3,0.73,Northern Ireland,True,368.0,119088.61,-4.657712067413044,-9.095176148567496,-5.3877120674130445,-9.825176148567497
Derry City and Strabane,2016,4,2016 Q4,1.21,Northern Ireland,True,356.0,118587.23,-0.421014234694661,-8.593315463175022,-1.631014234694661,-9.80331546317502
Derry City and Strabane,2017,1,2017 Q1,2.14,Northern Ireland,True,333.0,121280.07,2.2707672655816413,-3.4066883502384737,0.1307672655816412,-5.546688350238474
Derry City and Strabane,2017,2,2017 Q2,2.74,Northern Ireland,True,379.0,121928.69,0.5348116965961491,-2.383945288947986,-2.205188303403851,-5.123945288947986
Derry City and Strabane,2017,3,2017 Q3,2.82,Northern Ireland,True,409.0,120671.69,-1.030930456154333,1.3293294799561428,-3.850930456154333,-1.490670520043857
Derry City and Strabane,2017,4,2017 Q4,3.02,Northern Ireland,True,438.0,126957.68,5.209167121136682,7.058475014552568,2.189167121136682,4.038475014552567
Derry City and Strabane,2018,1,2018 Q1,2.72,Northern Ireland,True,361.0,122883.52,-3.2090693528741165,1.3221051076240276,-5.929069352874117,-1.3978948923759726
Derry City and Strabane,2018,2,2018 Q2,2.42,Northern Ireland,True,411.0,129818.14,5.643246547624936,6.470544381310095,3.223246547624936,4.050544381310095
Derry City and Strabane,2018,3,2018 Q3,2.52,Northern Ireland,True,407.0,128641.79,-0.906152252682102,6.6047802927099,-3.426152252682102,4.084780292709899
Derry City and Strabane,2018,4,2018 Q4,2.27,Northern Ireland,True,433.0,136260.63,5.9225233106597885,7.327599244094585,3.652523310659789,5.057599244094584
Derry City and Strabane,2019,1,2019 Q1,1.88,Northern Ireland,True,349.0,133677.48,-1.8957420055961796,8.783895513409767,-3.7757420055961792,6.903895513409768
Derry City and Strabane,2019,2,2019 Q2,2.05,Northern Ireland,True,393.0,135891.7,1.6563896925645194,4.678514112126408,-0.3936103074354804,2.6285141121264086
Derry City and Strabane,2019,3,2019 Q3,1.83,Northern Ireland,True,442.0,127484.69,-6.186551496522608,-0.8994744242908914,-8.016551496522608,-2.7294744242908915
Derry City and Strabane,2019,4,2019 Q4,1.41,Northern Ireland,True,398.0,141569.86,11.048518845674703,3.896378579784909,9.638518845674705,2.486378579784909
Derry City and Strabane,2020,1,2020 Q1,1.67,Northern Ireland,True,358.0,140436.88,-0.8002974644461647,5.056498671279552,-2.4702974644461646,3.3864986712795524
Derry City and Strabane,2020,2,2020 Q2,0.62,Northern Ireland,True,115.0,137654.57,-1.9811818661878533,1.2972609806191304,-2.6011818661878534,0.6772609806191304
Derry City and Strabane,2020,3,2020 Q3,0.6,Northern Ireland,True,372.0,133502.86,-3.01603499251788,4.720700187606819,-3.61603499251788,4.120700187606819
Derry City and Strabane,2020,4,2020 Q4,0.53,Northern Ireland,True,496.0,137251.78,2.808119616313842,-3.050140757361764,2.278119616313842,-3.580140757361764
Derry City and Strabane,2021,1,2021 Q1,0.61,Northern Ireland,True,468.0,146123.76,6.464018171567609,4.049420636516565,5.854018171567609,3.4394206365165654
Derry City and Strabane,2021,2,2021 Q2,2.05,Northern Ireland,True,448.0,149196.67,2.102950266267456,8.384828778296294,0.0529502662674561,6.334828778296294
Derry City and Strabane,2021,3,2021 Q3,2.77,Northern Ireland,True,512.0,160138.64,7.333923739718862,19.95146770638474,4.563923739718861,17.18146770638474
Derry City and Strabane,2021,4,2021 Q4,4.91,Northern Ireland,True,444.0,162513.72,1.4831398593118994,18.40554636158453,-3.4268601406881007,13.495546361584534
Derry City and Strabane,2022,1,2022 Q1,6.22,Northern Ireland,True,416.0,167107.36,2.826616731190445,14.360156075918097,-3.393383268809554,8.140156075918096
Derry City and Strabane,2022,2,2022 Q2,9.17,Northern Ireland,True,379.0,169493.05,1.427639093813693,13.60377547300484,-7.742360906186307,4.433775473004841
Derry City and Strabane,2022,3,2022 Q3,10.02,Northern Ireland,True,438.0,173716.41,2.4917599866189244,8.478759404975577,-7.528240013381075,-1.5412405950244228
Derry City and Strabane,2022,4,2022 Q4,10.75,Northern Ireland,True,438.0,167824.95,-3.3914239880964536,3.2681732963838472,-14.141423988096454,-7.481826703616153
Derry City and Strabane,2023,1,2023 Q1,10.18,Northern Ireland,True,367.0,160087.94,-4.610166724316023,-4.200545086703533,-14.790166724316023,-14.380545086703531
Derry City and Strabane,2023,2,2023 Q2,8.43,Northern Ireland,True,315.0,175179.12,9.426806291591983,3.354751124013644,0.9968062915919838,-5.075248875986356
Derry City and Strabane,2023,3,2023 Q3,6.71,Northern Ireland,True,339.0,181819.14,3.790417488111597,4.664343454944753,-2.919582511888403,-2.0456565450552477
Derry City and Strabane,2023,4,2023 Q4,4.18,Northern Ireland,True,382.0,175759.27,-3.3329109355593856,4.727735655514853,-7.512910935559385,0.5477356555148534
Derry City and Strabane,2024,1,2024 Q1,3.54,Northern Ireland,True,319.0,175533.73,-0.1283232457667704,9.648315794431484,-3.6683232457667705,6.1083157944314825
Derry City and Strabane,2024,2,2024 Q2,2.1,Northern Ireland,True,377.0,183492.26,4.533903540931994,4.745508482974459,2.433903540931994,2.6455084829744586
Derry City and Strabane,2024,3,2024 Q3,2.04,Northern Ireland,True,386.0,191573.14,4.403935076062604,5.364671728179982,2.363935076062604,3.3246717281799816
Derry City and Strabane,2024,4,2024 Q4,2.47,Northern Ireland,True,417.0,200486.03,4.652473723612816,14.068538177246648,2.1824737236128158,11.598538177246647
Derry City and Strabane,2025,1,2025 Q1,2.8,Northern Ireland,True,378.0,201330.27,0.421096671922716,14.696058700512982,-2.378903328077284,11.89605870051298
Derry City and Strabane,2025,2,2025 Q2,3.49,Northern Ireland,True,318.0,199101.54,-1.1070019426288824,8.506778433052165,-4.597001942628882,5.016778433052165
Derry City and Strabane,2025,3,2025 Q3,3.8,Northern Ireland,True,315.0,211041.56,5.996950098929421,10.162395417228096,2.1969500989294213,6.362395417228098
Donegal,2010,1,2010 Q1,-3.37,Republic of Ireland,False,71.0,143369.61,,,,
Donegal,2010,2,2010 Q2,-1.33,Republic of Ireland,False,90.0,141038.98,-1.6256094998095991,,-0.2956094998095993,
Donegal,2010,3,2010 Q3,0.2,Republic of Ireland,False,91.0,142490.66,1.0292757363957072,,0.8292757363957073,
Donegal,2010,4,2010 Q4,0.93,Republic of Ireland,False,118.0,123821.54,-13.101995597465832,,-14.031995597465832,
Donegal,2011,1,2011 Q1,2.27,Republic of Ireland,False,65.0,120521.94,-2.6648029090899583,-15.936201542293372,-4.934802909089958,-18.20620154229337
Donegal,2011,2,2011 Q2,2.87,Republic of Ireland,False,75.0,120559.36,0.0310482888011831,-14.52053893186126,-2.838951711198817,-17.39053893186126
Donegal,2011,3,2011 Q3,2.43,Republic of Ireland,False,89.0,118460.99,-1.7405284832301635,-16.864031649513024,-4.170528483230164,-19.294031649513023
Donegal,2011,4,2011 Q4,2.7,Republic of Ireland,False,135.0,111194.11,-6.134407622289839,-10.198088313228858,-8.834407622289838,-12.898088313228858
Donegal,2012,1,2012 Q1,2.13,Republic of Ireland,False,102.0,107766.18,-3.082834153715519,-10.583765910173703,-5.212834153715519,-12.713765910173702
Donegal,2012,2,2012 Q2,1.8,Republic of Ireland,False,107.0,109000.0,1.144904644481226,-9.588106638920449,-0.655095355518774,-11.388106638920448
Donegal,2012,3,2012 Q3,1.77,Republic of Ireland,False,115.0,96701.5,-11.283027522935784,-18.36848569305389,-13.053027522935784,-20.13848569305389
Donegal,2012,4,2012 Q4,1.07,Republic of Ireland,False,183.0,98534.14,1.8951515746911785,-11.38546816913234,0.8251515746911784,-12.45546816913234
Donegal,2013,1,2013 Q1,0.97,Republic of Ireland,False,120.0,84112.34,-14.63634837630896,-21.949223773172623,-15.60634837630896,-22.91922377317262
Donegal,2013,2,2013 Q2,0.53,Republic of Ireland,False,107.0,88722.62,5.481098255024164,-18.603100917431192,4.951098255024164,-19.133100917431197
Donegal,2013,3,2013 Q3,0.3,Republic of Ireland,False,154.0,99806.58,12.49282313800022,3.21099465882122,12.192823138000218,2.9109946588212203
Donegal,2013,4,2013 Q4,0.23,Republic of Ireland,False,187.0,87191.78,-12.639246831220952,-11.511096560034929,-12.869246831220952,-11.74109656003493
Donegal,2014,1,2014 Q1,0.07,Republic of Ireland,False,140.0,89551.5,2.706356034938162,6.46654224576324,2.6363560349381623,6.39654224576324
Donegal,2014,2,2014 Q2,0.37,Republic of Ireland,False,192.0,84294.69,-5.870152928761662,-4.990756584961076,-6.240152928761662,-5.360756584961076
Donegal,2014,3,2014 Q3,0.37,Republic of Ireland,False,241.0,81250.43,-3.611449309559134,-18.592110860827017,-3.981449309559134,-18.962110860827018
Donegal,2014,4,2014 Q4,-0.03,Republic of Ireland,False,344.0,88435.75,8.843423967110088,1.4267055908251836,8.873423967110087,1.4567055908251836
Donegal,2015,1,2015 Q1,-0.6,Republic of Ireland,False,269.0,83299.81,-5.807538241039401,-6.981111427502618,-5.207538241039401,-6.381111427502618
Donegal,2015,2,2015 Q2,-0.43,Republic of Ireland,False,289.0,93299.73,12.004733264097478,10.682808134177836,12.434733264097478,11.112808134177834
Donegal,2015,3,2015 Q3,-0.17,Republic of Ireland,False,286.0,100951.76,8.201556424654166,24.247662443140293,8.371556424654166,24.41766244314029
Donegal,2015,4,2015 Q4,-0.07,Republic of Ireland,False,351.0,101181.33,0.2274056440422667,14.41224844025182,0.2974056440422667,14.48224844025182
Donegal,2016,1,2016 Q1,-0.13,Republic of Ireland,False,256.0,91861.22,-9.211294218014332,10.277826564070192,-9.081294218014332,10.407826564070191
Donegal,2016,2,2016 Q2,0.17,Republic of Ireland,False,287.0,102759.99,11.864386299245757,10.139643490929728,11.694386299245757,9.969643490929728
Donegal,2016,3,2016 Q3,0.13,Republic of Ireland,False,256.0,97229.13,-5.382308814938575,-3.687533530866616,-5.512308814938574,-3.817533530866616
Donegal,2016,4,2016 Q4,-0.07,Republic of Ireland,False,351.0,95577.85,-1.6983387591763877,-5.538057268075047,-1.6283387591763876,-5.468057268075047
Donegal,2017,1,2017 Q1,0.57,Republic of Ireland,False,203.0,104984.57,9.84194559722782,14.286061082141078,9.27194559722782,13.716061082141078
Donegal,2017,2,2017 Q2,0.23,Republic of Ireland,False,254.0,104722.21,-0.2499033905649206,1.9095175077381787,-0.4799033905649206,1.6795175077381788
Donegal,2017,3,2017 Q3,0.2,Republic of Ireland,False,280.0,107918.0,3.0516831147852974,10.993485182887053,2.851683114785297,10.793485182887052
Donegal,2017,4,2017 Q4,0.47,Republic of Ireland,False,276.0,113483.76,5.157397283122367,18.73437203285069,4.687397283122367,18.264372032850687
Donegal,2018,1,2018 Q1,0.23,Republic of Ireland,False,204.0,103469.82,-8.824117212894588,-1.4428310750808415,-9.054117212894589,-1.6728310750808415
Donegal,2018,2,2018 Q2,0.17,Republic of Ireland,False,310.0,94222.16,-8.93754333389195,-10.026574114507325,-9.10754333389195,-10.196574114507325
Donegal,2018,3,2018 Q3,0.77,Republic of Ireland,False,293.0,122134.01,29.62344527019969,13.172973924646492,28.85344527019969,12.402973924646492
Donegal,2018,4,2018 Q4,0.73,Republic of Ireland,False,359.0,106902.43,-12.471202738696618,-5.799358428025303,-13.20120273869662,-6.529358428025303
Donegal,2019,1,2019 Q1,0.83,Republic of Ireland,False,223.0,112507.13,5.242818147351769,8.734247338982515,4.412818147351769,7.904247338982515
Donegal,2019,2,2019 Q2,1.17,Republic of Ireland,False,280.0,116076.02,3.172145623126288,23.19397050545222,2.002145623126288,22.02397050545222
Donegal,2019,3,2019 Q3,0.7,Republic of Ireland,False,324.0,120397.37,3.722861965804825,-1.4219135194201815,3.0228619658048244,-2.1219135194201817
Donegal,2019,4,2019 Q4,1.03,Republic of Ireland,False,383.0,113935.53,-5.367093982202431,6.5789898321301,-6.397093982202431,5.5489898321301
Donegal,2020,1,2020 Q1,1.03,Republic of Ireland,False,252.0,132387.39,16.195000804402284,17.67022232279858,15.165000804402284,16.64022232279858
Donegal,2020,2,2020 Q2,-0.3,Republic of Ireland,False,178.0,108376.05,-18.137180587969905,-6.633557904552556,-17.837180587969904,-6.333557904552556
Donegal,2020,3,2020 Q3,-0.93,Republic of Ireland,False,257.0,127725.95,17.854406024209226,6.086993428510934,18.784406024209225,7.016993428510934
Donegal,2020,4,2020 Q4,-1.13,Republic of Ireland,False,390.0,134757.51,5.505192954133453,18.27522986025518,6.635192954133453,19.40522986025518
Donegal,2021,1,2021 Q1,-0.23,Republic of Ireland,False,290.0,135138.01,0.282359031418733,2.0777054370510584,0.512359031418733,2.3077054370510584
Donegal,2021,2,2021 Q2,1.4,Republic of Ireland,False,350.0,132546.23,-1.9178763990974843,22.30214147867542,-3.3178763990974844,20.90214147867542
Donegal,2021,3,2021 Q3,2.93,Republic of Ireland,False,323.0,146927.34,10.849882339165728,15.033272408621734,7.919882339165728,12.103272408621734
Donegal,2021,4,2021 Q4,5.27,Republic of Ireland,False,395.0,144268.75,-1.8094590155923296,7.058040772644136,-7.079459015592329,1.7880407726441367
Donegal,2022,1,2022 Q1,5.77,Republic of Ireland,False,270.0,155237.07,7.60269982238011,14.872987992053456,1.8326998223801103,9.102987992053457
Donegal,2022,2,2022 Q2,7.97,Republic of Ireland,False,325.0,159297.05,2.61534181236478,20.182256409706987,-5.35465818763522,12.212256409706988
Donegal,2022,3,2022 Q3,8.7,Republic of Ireland,False,356.0,165859.17,4.1194234293729926,12.885164871289456,-4.580576570627007,4.185164871289457
Donegal,2022,4,2022 Q4,8.8,Republic of Ireland,False,325.0,176442.29,6.380786784354453,22.30111510635533,-2.419213215645548,13.501115106355329
Donegal,2023,1,2023 Q1,7.97,Republic of Ireland,False,256.0,168251.36,-4.642271419170552,8.383493710619483,-12.61227141917055,0.4134937106194831
Donegal,2023,2,2023 Q2,6.63,Republic of Ireland,False,299.0,162190.43,-3.6023066916071267,1.816342487196088,-10.232306691607128,-4.813657512803912
Donegal,2023,3,2023 Q3,6.23,Republic of Ireland,False,305.0,173458.02,6.947136153470956,4.581507311293054,0.7171361534709559,-1.6484926887069469
Donegal,2023,4,2023 Q4,4.5,Republic of Ireland,False,323.0,172729.33,-0.4200958825657075,-2.104348112915577,-4.920095882565708,-6.604348112915577
Donegal,2024,1,2024 Q1,3.47,Republic of Ireland,False,258.0,168487.97,-2.455494964288918,0.1406288781261588,-5.925494964288918,-3.3293711218738413
Donegal,2024,2,2024 Q2,2.47,Republic of Ireland,False,299.0,173545.79,3.0018879092673645,7.001251553497956,0.5318879092673643,4.531251553497956
Donegal,2024,3,2024 Q3,1.53,Republic of Ireland,False,285.0,187777.22,8.200389073108605,8.255138620860558,6.670389073108605,6.725138620860558
Donegal,2024,4,2024 Q4,1.03,Republic of Ireland,False,345.0,189055.2,0.6805830867024243,9.451706898880484,-0.3494169132975757,8.421706898880485
Donegal,2025,1,2025 Q1,1.9,Republic of Ireland,False,202.0,182686.83,-3.3685241135922306,8.427224804239719,-5.26852411359223,6.527224804239719
Donegal,2025,2,2025 Q2,1.9,Republic of Ireland,False,306.0,187665.36,2.7251718145199666,8.135933461710575,0.8251718145199667,6.235933461710575
Donegal,2025,3,2025 Q3,2.13,Republic of Ireland,False,295.0,184373.37,-1.7541809527341634,-1.812706567921285,-3.8841809527341633,-3.942706567921285
Donegal,2025,4,2025 Q4,3.05,Republic of Ireland,False,121.0,210614.32,14.232505486014604,11.403611220426612,11.182505486014602,8.353611220426611
Dublin,2010,1,2010 Q1,-3.37,Republic of Ireland,False,964.0,337164.27,,,,
Dublin,2010,2,2010 Q2,-1.33,Republic of Ireland,False,1273.0,316153.25,-6.2316864120863125,,-4.901686412086312,
Dublin,2010,3,2010 Q3,0.2,Republic of Ireland,False,1447.0,318730.26,0.815114189083932,,0.615114189083932,
Dublin,2010,4,2010 Q4,0.93,Republic of Ireland,False,1153.0,302575.21,-5.068564873633264,,-5.998564873633264,
Dublin,2011,1,2011 Q1,2.27,Republic of Ireland,False,785.0,304903.63,0.769534291986429,-9.568226194311755,-1.500465708013571,-11.838226194311757
Dublin,2011,2,2011 Q2,2.87,Republic of Ireland,False,917.0,296196.68,-2.855639993528447,-6.312308983064385,-5.725639993528447,-9.182308983064384
Dublin,2011,3,2011 Q3,2.43,Republic of Ireland,False,1305.0,299385.37,1.076544814749436,-6.069360969993875,-1.353455185250564,-8.499360969993875
Dublin,2011,4,2011 Q4,2.7,Republic of Ireland,False,1445.0,265833.15,-11.207033930883114,-12.14311641723722,-13.907033930883111,-14.84311641723722
Dublin,2012,1,2012 Q1,2.13,Republic of Ireland,False,1048.0,258389.68,-2.8000533417295914,-15.255295583066696,-4.930053341729591,-17.385295583066696
Dublin,2012,2,2012 Q2,1.8,Republic of Ireland,False,1520.0,235679.0,-8.789313876622318,-20.43158620143885,-10.589313876622318,-22.23158620143885
Dublin,2012,3,2012 Q3,1.77,Republic of Ireland,False,1755.0,267010.93,13.294324059419791,-10.813634614142977,11.524324059419794,-12.583634614142976
Dublin,2012,4,2012 Q4,1.07,Republic of Ireland,False,2409.0,256665.55,-3.874515548857871,-3.4486293376127186,-4.944515548857871,-4.518629337612719
Dublin,2013,1,2013 Q1,0.97,Republic of Ireland,False,1162.0,253282.59,-1.3180420979753582,-1.9765069564697813,-2.2880420979753584,-2.946506956469781
Dublin,2013,2,2013 Q2,0.53,Republic of Ireland,False,1586.0,271210.22,7.078113817455822,15.076107756736912,6.548113817455822,14.546107756736912
Dublin,2013,3,2013 Q3,0.3,Republic of Ireland,False,2214.0,287749.16,6.098199396763149,7.766809396154684,5.798199396763149,7.466809396154684
Dublin,2013,4,2013 Q4,0.23,Republic of Ireland,False,2846.0,296025.69,2.876300316567404,15.335186198537354,2.646300316567404,15.105186198537352
Dublin,2014,1,2014 Q1,0.07,Republic of Ireland,False,1696.0,273269.56,-7.687214579248169,7.891174043979898,-7.75721457924817,7.821174043979898
Dublin,2014,2,2014 Q2,0.37,Republic of Ireland,False,2309.0,298013.33,9.054711399249893,9.882780228562194,8.684711399249894,9.512780228562194
Dublin,2014,3,2014 Q3,0.37,Republic of Ireland,False,3050.0,328219.81,10.135949287905998,14.064558867869504,9.765949287906,13.694558867869503
Dublin,2014,4,2014 Q4,-0.03,Republic of Ireland,False,3917.0,296471.13,-9.672993229750515,0.1504734268164442,-9.642993229750516,0.1804734268164442
Dublin,2015,1,2015 Q1,-0.6,Republic of Ireland,False,2729.0,300909.16,1.496951827990789,10.114408644709629,2.096951827990789,10.714408644709629
Dublin,2015,2,2015 Q2,-0.43,Republic of Ireland,False,2744.0,298611.32,-0.7636324530632344,0.2006588094566108,-0.3336324530632343,0.6306588094566108
Dublin,2015,3,2015 Q3,-0.17,Republic of Ireland,False,2953.0,343551.18,15.04961700715164,4.671067843223731,15.21961700715164,4.841067843223731
Dublin,2015,4,2015 Q4,-0.07,Republic of Ireland,False,3030.0,321974.69,-6.280429600038051,8.602375550024032,-6.210429600038051,8.672375550024032
Dublin,2016,1,2016 Q1,-0.13,Republic of Ireland,False,2522.0,316629.83,-1.6600248920186855,5.224390643342347,-1.5300248920186856,5.354390643342347
Dublin,2016,2,2016 Q2,0.17,Republic of Ireland,False,2587.0,336012.62,6.121593155010063,12.525077749899104,5.951593155010063,12.355077749899104
Dublin,2016,3,2016 Q3,0.13,Republic of Ireland,False,3027.0,366826.12,9.170340090202568,6.774810087975824,9.040340090202566,6.6448100879758245
Dublin,2016,4,2016 Q4,-0.07,Republic of Ireland,False,3415.0,342990.56,-6.497781564736993,6.527180754487261,-6.427781564736993,6.597180754487261
Dublin,2017,1,2017 Q1,0.57,Republic of Ireland,False,2490.0,368068.27,7.311486940048728,16.245607686426755,6.741486940048728,15.675607686426757
Dublin,2017,2,2017 Q2,0.23,Republic of Ireland,False,2635.0,368553.8,0.1319130279825442,9.684511254368957,-0.0980869720174557,9.454511254368954
Dublin,2017,3,2017 Q3,0.2,Republic of Ireland,False,3224.0,396511.56,7.585801584463381,8.09250987906751,7.385801584463381,7.89250987906751
Dublin,2017,4,2017 Q4,0.47,Republic of Ireland,False,3552.0,389775.14,-1.698921463979508,13.640194645590253,-2.168921463979508,13.170194645590252
Dublin,2018,1,2018 Q1,0.23,Republic of Ireland,False,2629.0,377332.79,-3.192186654079588,2.51706565197809,-3.4221866540795878,2.28706565197809
Dublin,2018,2,2018 Q2,0.17,Republic of Ireland,False,2645.0,387514.11,2.698233567244457,5.144516214457706,2.528233567244457,4.974516214457706
Dublin,2018,3,2018 Q3,0.77,Republic of Ireland,False,3134.0,412757.82,6.51426860301938,4.097297945109091,5.74426860301938,3.3272979451090907
Dublin,2018,4,2018 Q4,0.73,Republic of Ireland,False,3441.0,391885.38,-5.056824847073759,0.5413993309065335,-5.78682484707376,-0.1886006690934665
Dublin,2019,1,2019 Q1,0.83,Republic of Ireland,False,2474.0,384443.72,-1.8989378986274064,1.8845247983881876,-2.7289378986274064,1.0545247983881874
Dublin,2019,2,2019 Q2,1.17,Republic of Ireland,False,2987.0,373365.96,-2.8815036957815177,-3.651002540268778,-4.051503695781518,-4.821002540268777
Dublin,2019,3,2019 Q3,0.7,Republic of Ireland,False,3368.0,404794.35,8.41758311336147,-1.9293323140431415,7.71758311336147,-2.629332314043141
Dublin,2019,4,2019 Q4,1.03,Republic of Ireland,False,3479.0,391323.2,-3.327899710062643,-0.143455211317145,-4.357899710062643,-1.173455211317145
Dublin,2020,1,2020 Q1,1.03,Republic of Ireland,False,2556.0,399922.5,2.1974930185585606,4.02627984142907,1.1674930185585606,2.99627984142907
Dublin,2020,2,2020 Q2,-0.3,Republic of Ireland,False,1598.0,382812.29,-4.278381436403311,2.5300458563496164,-3.978381436403312,2.8300458563496163
Dublin,2020,3,2020 Q3,-0.93,Republic of Ireland,False,2181.0,391910.56,2.376692242560985,-3.1827988705870003,3.306692242560985,-2.252798870587
Dublin,2020,4,2020 Q4,-1.13,Republic of Ireland,False,3775.0,403984.91,3.080894273428103,3.23561444861944,4.210894273428103,4.365614448619439
Dublin,2021,1,2021 Q1,-0.23,Republic of Ireland,False,2815.0,409392.8,1.3386366337297062,2.3680338065500184,1.5686366337297062,2.5980338065500184
Dublin,2021,2,2021 Q2,1.4,Republic of Ireland,False,2736.0,423678.79,3.489555751835405,10.675336468429483,2.089555751835405,9.275336468429485
Dublin,2021,3,2021 Q3,2.93,Republic of Ireland,False,3434.0,452522.45,6.807907471601316,15.465745551740184,3.8779074716013153,12.535745551740185
Dublin,2021,4,2021 Q4,5.27,Republic of Ireland,False,3794.0,445058.85,-1.6493325358775124,10.167196591575657,-6.919332535877512,4.897196591575657
Dublin,2022,1,2022 Q1,5.77,Republic of Ireland,False,2894.0,445963.43,0.2032495253155852,8.932895253653705,-5.566750474684414,3.162895253653705
Dublin,2022,2,2022 Q2,7.97,Republic of Ireland,False,3189.0,445741.77,-0.0497036270440287,5.207478051945924,-8.019703627044029,-2.762521948054076
Dublin,2022,3,2022 Q3,8.7,Republic of Ireland,False,3711.0,488767.5,9.652613440288537,8.009558420803199,0.9526134402885376,-0.6904415791968006
Dublin,2022,4,2022 Q4,8.8,Republic of Ireland,False,3622.0,474692.73,-2.879645230094064,6.658418319285198,-11.679645230094064,-2.141581680714803
Dublin,2023,1,2023 Q1,7.97,Republic of Ireland,False,2898.0,470705.91,-0.8398738274335904,5.548096174612338,-8.80987382743359,-2.4219038253876617
Dublin,2023,2,2023 Q2,6.63,Republic of Ireland,False,3285.0,451936.23,-3.9875598757619146,1.3896969987802432,-10.617559875761916,-5.240303001219757
Dublin,2023,3,2023 Q3,6.23,Republic of Ireland,False,3761.0,469650.31,3.919597240522199,-3.911305477553229,-2.3104027594778014,-10.141305477553228
Dublin,2023,4,2023 Q4,4.5,Republic of Ireland,False,3726.0,482698.07,2.7781861785633577,1.686425658973123,-1.7218138214366423,-2.813574341026877
Dublin,2024,1,2024 Q1,3.47,Republic of Ireland,False,2764.0,485791.22,0.6408043023664822,3.20482697997142,-2.829195697633518,-0.26517302002858
Dublin,2024,2,2024 Q2,2.47,Republic of Ireland,False,3146.0,481648.31,-0.8528169776308325,6.574396569179686,-3.3228169776308327,4.104396569179686
Dublin,2024,3,2024 Q3,1.53,Republic of Ireland,False,3517.0,532958.69,10.6530800450644,13.479897415589903,9.1230800450644,11.949897415589904
Dublin,2024,4,2024 Q4,1.03,Republic of Ireland,False,3759.0,530002.71,-0.5546358574245236,9.80004747066836,-1.5846358574245236,8.770047470668361
Dublin,2025,1,2025 Q1,1.9,Republic of Ireland,False,2845.0,524846.16,-0.972928987476296,8.039449539660271,-2.872928987476296,6.139449539660271
Dublin,2025,2,2025 Q2,1.9,Republic of Ireland,False,3075.0,534031.92,1.750181424591157,10.87590445401958,-0.1498185754088425,8.97590445401958
Dublin,2025,3,2025 Q3,2.13,Republic of Ireland,False,3643.0,546410.86,2.318014998054796,2.5240549131490875,0.188014998054796,0.3940549131490876
Dublin,2025,4,2025 Q4,3.05,Republic of Ireland,False,1395.0,548900.94,0.455715686177971,3.565685541494678,-2.594284313822029,0.5156855414946788
Fermanagh and Omagh,2010,1,2010 Q1,3.28,Northern Ireland,True,80.0,135555.93,,,,
Fermanagh and Omagh,2010,2,2010 Q2,3.46,Northern Ireland,True,95.0,137293.06,1.281485804420357,,-2.178514195579643,
Fermanagh and Omagh,2010,3,2010 Q3,3.09,Northern Ireland,True,85.0,146362.99,6.606255261555094,,3.516255261555094,
Fermanagh and Omagh,2010,4,2010 Q4,3.38,Northern Ireland,True,116.0,128786.7,-12.00869837381704,,-15.38869837381704,
Fermanagh and Omagh,2011,1,2011 Q1,4.12,Northern Ireland,True,85.0,128208.11,-0.4492622297178172,-5.420507977777134,-4.569262229717817,-9.540507977777134
Fermanagh and Omagh,2011,2,2011 Q2,4.38,Northern Ireland,True,101.0,134462.77,4.878521335350783,-2.061495315203843,0.4985213353507829,-6.441495315203843
Fermanagh and Omagh,2011,3,2011 Q3,4.71,Northern Ireland,True,121.0,118959.35,-11.52989782971151,-18.723066534784504,-16.23989782971151,-23.433066534784505
Fermanagh and Omagh,2011,4,2011 Q4,4.65,Northern Ireland,True,113.0,118943.66,-0.0131893793972492,-7.642901013846925,-4.66318937939725,-12.292901013846926
Fermanagh and Omagh,2012,1,2012 Q1,3.49,Northern Ireland,True,108.0,116089.11,-2.399917742568203,-9.452600151425685,-5.889917742568203,-12.942600151425683
Fermanagh and Omagh,2012,2,2012 Q2,2.76,Northern Ireland,True,115.0,115911.39,-0.153089294939035,-13.796666541972913,-2.913089294939035,-16.556666541972913
Fermanagh and Omagh,2012,3,2012 Q3,2.41,Northern Ireland,True,108.0,118855.05,2.539577862020304,-0.0876770089950906,0.1295778620203034,-2.497677008995091
Fermanagh and Omagh,2012,4,2012 Q4,2.67,Northern Ireland,True,140.0,109578.59,-7.804851371481492,-7.873534411165761,-10.474851371481492,-10.543534411165762
Fermanagh and Omagh,2013,1,2013 Q1,2.78,Northern Ireland,True,127.0,106639.15,-2.6824948194715814,-8.140263974803496,-5.462494819471582,-10.920263974803497
Fermanagh and Omagh,2013,2,2013 Q2,2.68,Northern Ireland,True,136.0,105858.08,-0.7324420721657954,-8.67327188466983,-3.4124420721657955,-11.35327188466983
Fermanagh and Omagh,2013,3,2013 Q3,2.71,Northern Ireland,True,166.0,113946.94,7.641230598552329,-4.129492183966943,4.931230598552329,-6.839492183966943
Fermanagh and Omagh,2013,4,2013 Q4,2.1,Northern Ireland,True,171.0,105598.66,-7.326462650072041,-3.6320324983192376,-9.42646265007204,-5.732032498319238
Fermanagh and Omagh,2014,1,2014 Q1,1.74,Northern Ireland,True,227.0,110707.66,4.838129574750294,3.815212330555906,3.0981295747502937,2.075212330555906
Fermanagh and Omagh,2014,2,2014 Q2,1.72,Northern Ireland,True,183.0,120393.16,8.74871711677403,13.730723247578268,7.02871711677403,12.010723247578268
Fermanagh and Omagh,2014,3,2014 Q3,1.46,Northern Ireland,True,224.0,122520.24,1.7667781126436075,7.523940528811046,0.3067781126436077,6.063940528811046
Fermanagh and Omagh,2014,4,2014 Q4,0.94,Northern Ireland,True,238.0,123641.08,0.914820277857764,17.0858418089775,-0.0251797221422358,16.145841808977497
Fermanagh and Omagh,2015,1,2015 Q1,0.1,Northern Ireland,True,155.0,127975.24,3.505436866128964,15.597457303315789,3.405436866128964,15.497457303315787
Fermanagh and Omagh,2015,2,2015 Q2,-0.02,Northern Ireland,True,189.0,137835.65,7.704935736006435,14.487941009273284,7.724935736006435,14.507941009273283
Fermanagh and Omagh,2015,3,2015 Q3,0.01,Northern Ireland,True,202.0,146756.61,6.4721717494711895,19.781523444616145,6.46217174947119,19.771523444616143
Fermanagh and Omagh,2015,4,2015 Q4,0.07,Northern Ireland,True,243.0,153642.25,4.691877251729926,24.26472657793024,4.621877251729925,24.19472657793024
Fermanagh and Omagh,2016,1,2016 Q1,0.35,Northern Ireland,True,241.0,141601.94,-7.8365879177114355,10.647919081847393,-8.186587917711435,10.297919081847391
Fermanagh and Omagh,2016,2,2016 Q2,0.35,Northern Ireland,True,186.0,138571.2,-2.1403237836995714,0.5336427839967461,-2.4903237836995715,0.1836427839967461
Fermanagh and Omagh,2016,3,2016 Q3,0.73,Northern Ireland,True,211.0,131470.35,-5.124333194776409,-10.416062349764,-5.854333194776409,-11.146062349764
Fermanagh and Omagh,2016,4,2016 Q4,1.21,Northern Ireland,True,243.0,129351.45,-1.6116941956874742,-15.809974144481744,-2.821694195687474,-17.019974144481743
Fermanagh and Omagh,2017,1,2017 Q1,2.14,Northern Ireland,True,207.0,129005.05,-0.2677975391849108,-8.895986877015948,-2.407797539184911,-11.035986877015947
Fermanagh and Omagh,2017,2,2017 Q2,2.74,Northern Ireland,True,222.0,134230.68,4.050717394396575,-3.13233918736362,1.3107173943965744,-5.87233918736362
Fermanagh and Omagh,2017,3,2017 Q3,2.82,Northern Ireland,True,275.0,130431.6,-2.830262053354704,-0.7901021028695832,-5.650262053354703,-3.610102102869583
Fermanagh and Omagh,2017,4,2017 Q4,3.02,Northern Ireland,True,288.0,133582.73,2.415925281910214,3.27115003349403,-0.6040747180897861,0.2511500334940302
Fermanagh and Omagh,2018,1,2018 Q1,2.72,Northern Ireland,True,234.0,134909.61,0.9933020533417602,4.576999117476399,-1.72669794665824,1.856999117476399
Fermanagh and Omagh,2018,2,2018 Q2,2.42,Northern Ireland,True,249.0,138746.23,2.8438448528611326,3.364022293562119,0.4238448528611327,0.944022293562119
Fermanagh and Omagh,2018,3,2018 Q3,2.52,Northern Ireland,True,279.0,137025.75,-1.2400192783616593,5.05563835757592,-3.7600192783616593,2.53563835757592
Fermanagh and Omagh,2018,4,2018 Q4,2.27,Northern Ireland,True,288.0,140142.61,2.2746527568723307,4.910724612380646,0.0046527568723306,2.640724612380646
Fermanagh and Omagh,2019,1,2019 Q1,1.88,Northern Ireland,True,217.0,143453.92,2.362814564392668,6.333359054258647,0.482814564392668,4.453359054258647
Fermanagh and Omagh,2019,2,2019 Q2,2.05,Northern Ireland,True,251.0,141670.31,-1.2433330507803595,2.1075023083509947,-3.2933330507803595,0.0575023083509949
Fermanagh and Omagh,2019,3,2019 Q3,1.83,Northern Ireland,True,274.0,144208.01,1.7912715797685497,5.241540367412712,-0.0387284202314504,3.4115403674127114
Fermanagh and Omagh,2019,4,2019 Q4,1.41,Northern Ireland,True,306.0,150056.54,4.055620766141899,7.0741725161248326,2.6456207661418985,5.664172516124832
Fermanagh and Omagh,2020,1,2020 Q1,1.67,Northern Ireland,True,221.0,150054.61,-0.0012861818618703,4.6012615061338025,-1.6712861818618705,2.9312615061338025
Fermanagh and Omagh,2020,2,2020 Q2,0.62,Northern Ireland,True,112.0,143406.38,-4.430540321287014,1.225429661303079,-5.050540321287014,0.6054296613030791
Fermanagh and Omagh,2020,3,2020 Q3,0.6,Northern Ireland,True,212.0,142210.57,-0.8338610876308272,-1.385110300045056,-1.433861087630827,-1.985110300045056
Fermanagh and Omagh,2020,4,2020 Q4,0.53,Northern Ireland,True,337.0,149920.55,5.42152387125654,-0.0906258401000226,4.891523871256539,-0.6206258401000226
Fermanagh and Omagh,2021,1,2021 Q1,0.61,Northern Ireland,True,291.0,153970.44,2.701357485681588,2.609603263771776,2.091357485681588,1.999603263771776
Fermanagh and Omagh,2021,2,2021 Q2,2.05,Northern Ireland,True,317.0,161026.63,4.582821222047562,12.28693590898815,2.532821222047562,10.236935908988151
Fermanagh and Omagh,2021,3,2021 Q3,2.77,Northern Ireland,True,345.0,166552.32,3.4315380008884238,17.116695334249776,0.6615380008884233,14.346695334249777
Fermanagh and Omagh,2021,4,2021 Q4,4.91,Northern Ireland,True,286.0,173545.87,4.199010857369023,15.758560117342157,-0.7109891426309769,10.848560117342156
Fermanagh and Omagh,2022,1,2022 Q1,6.22,Northern Ireland,True,255.0,179035.06,3.162962045711604,16.278851966650222,-3.057037954288396,10.058851966650224
Fermanagh and Omagh,2022,2,2022 Q2,9.17,Northern Ireland,True,230.0,179374.77,0.1897449583338595,11.394475559725723,-8.98025504166614,2.2244755597257253
Fermanagh and Omagh,2022,3,2022 Q3,10.02,Northern Ireland,True,266.0,184318.59,2.7561401193713086,10.667080470569235,-7.263859880628691,0.6470804705692359
Fermanagh and Omagh,2022,4,2022 Q4,10.75,Northern Ireland,True,312.0,183993.83,-0.1761949242341853,6.020287316546336,-10.926194924234183,-4.7297126834536645
Fermanagh and Omagh,2023,1,2023 Q1,10.18,Northern Ireland,True,249.0,177640.55,-3.452985352824056,-0.7789033053079097,-13.632985352824056,-10.95890330530791
Fermanagh and Omagh,2023,2,2023 Q2,8.43,Northern Ireland,True,238.0,182038.44,2.475724151946168,1.4849747263787405,-5.954275848053832,-6.945025273621259
Fermanagh and Omagh,2023,3,2023 Q3,6.71,Northern Ireland,True,262.0,186335.07,2.360287200879108,1.0940187856254724,-4.349712799120892,-5.615981214374528
Fermanagh and Omagh,2023,4,2023 Q4,4.18,Northern Ireland,True,272.0,185379.98,-0.512565884672167,0.7533676536870981,-4.692565884672167,-3.4266323463129016
Fermanagh and Omagh,2024,1,2024 Q1,3.54,Northern Ireland,True,243.0,189399.1,2.1680442515960907,6.619293849292873,-1.371955748403909,3.079293849292873
Fermanagh and Omagh,2024,2,2024 Q2,2.1,Northern Ireland,True,246.0,200102.08,5.651019461021711,9.92298110223313,3.551019461021711,7.822981102233131
Fermanagh and Omagh,2024,3,2024 Q3,2.04,Northern Ireland,True,251.0,205499.39,2.69727830915103,10.284870153535785,0.6572783091510299,8.244870153535786
Fermanagh and Omagh,2024,4,2024 Q4,2.47,Northern Ireland,True,327.0,212597.34,3.454000520390821,14.681930594662916,0.9840005203908206,12.211930594662917
Fermanagh and Omagh,2025,1,2025 Q1,2.8,Northern Ireland,True,254.0,210071.9,-1.1878982117085712,10.914940989687905,-3.987898211708571,8.114940989687906
Fermanagh and Omagh,2025,2,2025 Q2,3.49,Northern Ireland,True,182.0,214491.6,2.103898712774055,7.19108966783355,-1.3861012872259453,3.70108966783355
Fermanagh and Omagh,2025,3,2025 Q3,3.8,Northern Ireland,True,203.0,217379.38,1.3463371059752482,5.781034191877654,-2.453662894024752,1.9810341918776544
Galway,2010,1,2010 Q1,-3.37,Republic of Ireland,False,110.0,235751.73,,,,
Galway,2010,2,2010 Q2,-1.33,Republic of Ireland,False,135.0,232360.43,-1.4385048203039763,,-0.1085048203039762,
Galway,2010,3,2010 Q3,0.2,Republic of Ireland,False,155.0,227388.19,-2.139882423181949,,-2.3398824231819493,
Galway,2010,4,2010 Q4,0.93,Republic of Ireland,False,165.0,209098.33,-8.043452036801035,,-8.973452036801035,
Galway,2011,1,2011 Q1,2.27,Republic of Ireland,False,91.0,213291.77,2.00548708351711,-9.526954478764594,-0.2645129164828899,-11.796954478764594
Galway,2011,2,2011 Q2,2.87,Republic of Ireland,False,145.0,182970.46,-14.2158837164697,-21.25575770366753,-17.085883716469702,-24.12575770366753
Galway,2011,3,2011 Q3,2.43,Republic of Ireland,False,183.0,173643.44,-5.097555091679817,-23.635682222546382,-7.527555091679817,-26.065682222546386
Galway,2011,4,2011 Q4,2.7,Republic of Ireland,False,234.0,173231.66,-0.2371411209084573,-17.153015999697363,-2.937141120908457,-19.85301599969736
Galway,2012,1,2012 Q1,2.13,Republic of Ireland,False,131.0,151206.11,-12.714506112797174,-29.108324245234595,-14.844506112797172,-31.238324245234597
Galway,2012,2,2012 Q2,1.8,Republic of Ireland,False,181.0,157562.78,4.203976942466148,-13.886219666278365,2.403976942466148,-15.686219666278364
Galway,2012,3,2012 Q3,1.77,Republic of Ireland,False,237.0,164739.38,4.554755888414763,-5.127783692836307,2.784755888414763,-6.897783692836308
Galway,2012,4,2012 Q4,1.07,Republic of Ireland,False,335.0,158621.61,-3.713605089444927,-8.433822085408648,-4.783605089444927,-9.503822085408649
Galway,2013,1,2013 Q1,0.97,Republic of Ireland,False,176.0,147412.05,-7.06685551861439,-2.50919754499338,-8.03685551861439,-3.4791975449933803
Galway,2013,2,2013 Q2,0.53,Republic of Ireland,False,263.0,145345.46,-1.4019138869583614,-7.753937827194979,-1.9319138869583612,-8.283937827194979
Galway,2013,3,2013 Q3,0.3,Republic of Ireland,False,330.0,156505.88,7.67854737258391,-4.997894249693058,7.378547372583911,-5.297894249693058
Galway,2013,4,2013 Q4,0.23,Republic of Ireland,False,434.0,150763.11,-3.669363732531983,-4.954242993750979,-3.899363732531983,-5.18424299375098
Galway,2014,1,2014 Q1,0.07,Republic of Ireland,False,280.0,138138.35,-8.373905261041637,-6.291005382531467,-8.443905261041637,-6.361005382531467
Galway,2014,2,2014 Q2,0.37,Republic of Ireland,False,380.0,150156.99,8.700436917047272,3.310409558028171,8.330436917047273,2.940409558028171
Galway,2014,3,2014 Q3,0.37,Republic of Ireland,False,530.0,153644.84,2.322802288458248,-1.828071890973049,1.952802288458248,-2.198071890973049
Galway,2014,4,2014 Q4,-0.03,Republic of Ireland,False,727.0,147774.02,-3.821032974488437,-1.9826401829996727,-3.791032974488437,-1.952640182999673
Galway,2015,1,2015 Q1,-0.6,Republic of Ireland,False,502.0,153559.88,3.915343170606045,11.163829595474397,4.5153431706060445,11.763829595474396
Galway,2015,2,2015 Q2,-0.43,Republic of Ireland,False,478.0,146916.19,-4.326449069900296,-2.1582744832591483,-3.896449069900296,-1.7282744832591483
Galway,2015,3,2015 Q3,-0.17,Republic of Ireland,False,634.0,155657.96,5.950174722064316,1.3102425047271329,6.120174722064316,1.4802425047271326
Galway,2015,4,2015 Q4,-0.07,Republic of Ireland,False,666.0,158223.12,1.6479465618076894,7.070999354284346,1.7179465618076897,7.140999354284347
Galway,2016,1,2016 Q1,-0.13,Republic of Ireland,False,361.0,167205.3,5.676907395076003,8.886057999003372,5.806907395076003,9.016057999003372
Galway,2016,2,2016 Q2,0.17,Republic of Ireland,False,512.0,156376.92,-6.476098544723152,6.439542163460676,-6.646098544723152,6.2695421634606765
Galway,2016,3,2016 Q3,0.13,Republic of Ireland,False,533.0,181635.73,16.152517903537177,16.6890083873642,16.022517903537178,16.5590083873642
Galway,2016,4,2016 Q4,-0.07,Republic of Ireland,False,558.0,185426.35,2.086935208177376,17.192955113007514,2.156935208177376,17.262955113007514
Galway,2017,1,2017 Q1,0.57,Republic of Ireland,False,432.0,186217.26,0.4265359265282376,11.370429047404617,-0.1434640734717623,10.800429047404617
Galway,2017,2,2017 Q2,0.23,Republic of Ireland,False,484.0,185739.27,-0.2566840474400811,18.77665195094005,-0.4866840474400811,18.54665195094005
Galway,2017,3,2017 Q3,0.2,Republic of Ireland,False,618.0,191947.75,3.342578012716424,5.677308093512212,3.142578012716424,5.477308093512212
Galway,2017,4,2017 Q4,0.47,Republic of Ireland,False,694.0,201341.14,4.8937223801789775,8.582809293285454,4.423722380178978,8.112809293285453
Galway,2018,1,2018 Q1,0.23,Republic of Ireland,False,401.0,196285.97,-2.510748672625973,5.406969257307304,-2.740748672625973,5.176969257307303
Galway,2018,2,2018 Q2,0.17,Republic of Ireland,False,480.0,209879.17,6.92520204067566,12.996659241742492,6.75520204067566,12.826659241742492
Galway,2018,3,2018 Q3,0.77,Republic of Ireland,False,586.0,215955.21,2.895018119234982,12.507289092995366,2.125018119234982,11.737289092995368
Galway,2018,4,2018 Q4,0.73,Republic of Ireland,False,617.0,219991.88,1.86921630647392,9.26325340166445,1.1392163064739198,8.53325340166445
Galway,2019,1,2019 Q1,0.83,Republic of Ireland,False,448.0,219714.33,-0.1261637474983201,11.935830156378469,-0.95616374749832,11.105830156378468
Galway,2019,2,2019 Q2,1.17,Republic of Ireland,False,487.0,205184.19,-6.613196326338833,-2.236991884425698,-7.783196326338833,-3.4069918844256986
Galway,2019,3,2019 Q3,0.7,Republic of Ireland,False,541.0,228365.56,11.297834399424245,5.746724054492591,10.597834399424244,5.046724054492591
Galway,2019,4,2019 Q4,1.03,Republic of Ireland,False,659.0,219223.18,-4.003397009601628,-0.3494219877570037,-5.033397009601628,-1.3794219877570038
Galway,2020,1,2020 Q1,1.03,Republic of Ireland,False,437.0,226656.89,3.3909324734729296,3.159812106929949,2.3609324734729293,2.1298121069299487
Galway,2020,2,2020 Q2,-0.3,Republic of Ireland,False,263.0,221262.97,-2.37977323345433,7.836266527162738,-2.07977323345433,8.13626652716274
Galway,2020,3,2020 Q3,-0.93,Republic of Ireland,False,362.0,221330.64,0.0305835178837199,-3.080552076241261,0.96058351788372,-2.1505520762412607
Galway,2020,4,2020 Q4,-1.13,Republic of Ireland,False,631.0,227464.18,2.7712114328138027,3.7591827652532,3.9012114328138026,4.889182765253199
Galway,2021,1,2021 Q1,-0.23,Republic of Ireland,False,452.0,228846.96,0.6079111005521831,0.9662490295353264,0.8379111005521831,1.1962490295353263
Galway,2021,2,2021 Q2,1.4,Republic of Ireland,False,507.0,229250.99,0.1765503024379278,3.610192884963981,-1.223449697562072,2.210192884963981
Galway,2021,3,2021 Q3,2.93,Republic of Ireland,False,524.0,250829.6,9.412657280127789,13.328005557657985,6.482657280127789,10.398005557657983
Galway,2021,4,2021 Q4,5.27,Republic of Ireland,False,647.0,253778.6,1.1756985618922131,11.56859950432636,-4.094301438107786,6.298599504326361
Galway,2022,1,2022 Q1,5.77,Republic of Ireland,False,447.0,263169.67,3.700497205044062,14.998106157931913,-2.069502794955937,9.228106157931911
Galway,2022,2,2022 Q2,7.97,Republic of Ireland,False,528.0,272171.17,3.420416950023153,18.721916969693343,-4.549583049976847,10.751916969693344
Galway,2022,3,2022 Q3,8.7,Republic of Ireland,False,547.0,287554.06,5.651917504708526,14.641198646411734,-3.0480824952914736,5.941198646411735
Galway,2022,4,2022 Q4,8.8,Republic of Ireland,False,638.0,289661.71,0.7329578306075835,14.139533435837382,-8.067042169392417,5.339533435837382
Galway,2023,1,2023 Q1,7.97,Republic of Ireland,False,462.0,294215.79,1.572206419688671,11.796997731539506,-6.397793580311329,3.826997731539506
Galway,2023,2,2023 Q2,6.63,Republic of Ireland,False,479.0,281055.78,-4.4729108522693295,3.2643464772554864,-11.102910852269329,-3.365653522744513
Galway,2023,3,2023 Q3,6.23,Republic of Ireland,False,541.0,285330.1,1.5208084316927994,-0.7734058771418528,-4.709191568307201,-7.003405877141853
Galway,2023,4,2023 Q4,4.5,Republic of Ireland,False,597.0,306230.95,7.325147259262188,5.720203750782238,2.825147259262188,1.220203750782238
Galway,2024,1,2024 Q1,3.47,Republic of Ireland,False,411.0,303786.61,-0.7982014881252275,3.252993321670461,-4.268201488125228,-0.2170066783295392
Galway,2024,2,2024 Q2,2.47,Republic of Ireland,False,471.0,297168.03,-2.178693787721575,5.732758813926542,-4.648693787721575,3.262758813926541
Galway,2024,3,2024 Q3,1.53,Republic of Ireland,False,507.0,325676.34,9.59333007659,14.14019761672536,8.06333007659,12.61019761672536
Galway,2024,4,2024 Q4,1.03,Republic of Ireland,False,588.0,328002.3,0.714193729885304,7.109454481984923,-0.315806270114696,6.079454481984922
Galway,2025,1,2025 Q1,1.9,Republic of Ireland,False,362.0,327597.17,-0.1235143777955194,7.837922810356912,-2.02351437779552,5.937922810356913
Galway,2025,2,2025 Q2,1.9,Republic of Ireland,False,428.0,338759.26,3.4072608136389126,13.995862879327902,1.5072608136389127,12.0958628793279
Galway,2025,3,2025 Q3,2.13,Republic of Ireland,False,519.0,364285.81,7.535306931535968,11.855165775935683,5.405306931535968,9.725165775935682
Galway,2025,4,2025 Q4,3.05,Republic of Ireland,False,227.0,318005.06,-12.704516269793764,-3.0479176517969497,-15.754516269793765,-6.09791765179695
Kerry,2010,1,2010 Q1,-3.37,Republic of Ireland,False,83.0,183927.31,,,,
Kerry,2010,2,2010 Q2,-1.33,Republic of Ireland,False,98.0,198944.53,8.164758131894612,,9.494758131894612,
Kerry,2010,3,2010 Q3,0.2,Republic of Ireland,False,105.0,173180.26,-12.950479211466623,,-13.150479211466624,
Kerry,2010,4,2010 Q4,0.93,Republic of Ireland,False,120.0,166684.52,-3.750854745223287,,-4.680854745223287,
Kerry,2011,1,2011 Q1,2.27,Republic of Ireland,False,73.0,158802.47,-4.728723459143048,-13.660200869571792,-6.998723459143047,-15.930200869571792
Kerry,2011,2,2011 Q2,2.87,Republic of Ireland,False,85.0,179599.76,13.096326524392232,-9.723700370148403,10.226326524392231,-12.593700370148404
Kerry,2011,3,2011 Q3,2.43,Republic of Ireland,False,102.0,159096.38,-11.416151112896811,-8.132497318112353,-13.84615111289681,-10.562497318112351
Kerry,2011,4,2011 Q4,2.7,Republic of Ireland,False,128.0,145662.5,-8.443862770479127,-12.6118610174478,-11.143862770479128,-15.3118610174478
Kerry,2012,1,2012 Q1,2.13,Republic of Ireland,False,90.0,152640.12,4.790265167767949,-3.880512689758542,2.6602651677679487,-6.010512689758542
Kerry,2012,2,2012 Q2,1.8,Republic of Ireland,False,116.0,128395.47,-15.883537041244466,-28.510221839940098,-17.683537041244467,-30.310221839940095
Kerry,2012,3,2012 Q3,1.77,Republic of Ireland,False,145.0,128116.34,-0.2173986356372226,-19.472498368598966,-1.9873986356372224,-21.24249836859897
Kerry,2012,4,2012 Q4,1.07,Republic of Ireland,False,191.0,142851.05,11.501038821433696,-1.9301124174032516,10.431038821433695,-3.000112417403251
Kerry,2013,1,2013 Q1,0.97,Republic of Ireland,False,121.0,110202.55,-22.85492476254112,-27.80236939017081,-23.82492476254112,-28.77236939017081
Kerry,2013,2,2013 Q2,0.53,Republic of Ireland,False,141.0,131791.36,19.59011837747855,2.644867455214728,19.06011837747855,2.1148674552147275
Kerry,2013,3,2013 Q3,0.3,Republic of Ireland,False,162.0,120227.1,-8.774672330568546,-6.157871821814442,-9.074672330568546,-6.457871821814442
Kerry,2013,4,2013 Q4,0.23,Republic of Ireland,False,220.0,129408.21,7.636472974895003,-9.410389353105897,7.406472974895003,-9.640389353105896
Kerry,2014,1,2014 Q1,0.07,Republic of Ireland,False,143.0,124863.74,-3.511732369994147,13.30385730638719,-3.581732369994147,13.23385730638719
Kerry,2014,2,2014 Q2,0.37,Republic of Ireland,False,209.0,117650.0,-5.7772897079648615,-10.73011159456886,-6.147289707964862,-11.100111594568858
Kerry,2014,3,2014 Q3,0.37,Republic of Ireland,False,252.0,120191.43,2.160161495962587,-0.0296688516981724,1.790161495962587,-0.3996688516981724
Kerry,2014,4,2014 Q4,-0.03,Republic of Ireland,False,341.0,118386.09,-1.5020538485980173,-8.517326682750658,-1.4720538485980172,-8.487326682750659
Kerry,2015,1,2015 Q1,-0.6,Republic of Ireland,False,218.0,121120.1,2.309401383219956,-2.9981802563338267,2.909401383219956,-2.3981802563338266
Kerry,2015,2,2015 Q2,-0.43,Republic of Ireland,False,264.0,123248.29,1.757090689324059,4.758427539311505,2.187090689324059,5.188427539311505
Kerry,2015,3,2015 Q3,-0.17,Republic of Ireland,False,274.0,134118.06,8.819408366639415,11.587040773206535,8.989408366639415,11.757040773206535
Kerry,2015,4,2015 Q4,-0.07,Republic of Ireland,False,327.0,125919.6,-6.112868020906348,6.36350942919055,-6.042868020906347,6.433509429190551
Kerry,2016,1,2016 Q1,-0.13,Republic of Ireland,False,233.0,138796.48,10.226271366808673,14.594092970530914,10.356271366808672,14.724092970530917
Kerry,2016,2,2016 Q2,0.17,Republic of Ireland,False,284.0,128713.6,-7.26450699614285,4.434390124195642,-7.43450699614285,4.264390124195642
Kerry,2016,3,2016 Q3,0.13,Republic of Ireland,False,337.0,124267.32,-3.454397981254509,-7.344827385663044,-3.584397981254509,-7.474827385663044
Kerry,2016,4,2016 Q4,-0.07,Republic of Ireland,False,329.0,143332.16,15.341797022740966,13.828315845984251,15.411797022740966,13.898315845984252
Kerry,2017,1,2017 Q1,0.57,Republic of Ireland,False,243.0,137109.42,-4.341482051201906,-1.2154919202561842,-4.911482051201906,-1.785491920256184
Kerry,2017,2,2017 Q2,0.23,Republic of Ireland,False,380.0,120803.82,-11.892399515656916,-6.1452558237824135,-12.122399515656916,-6.375255823782414
Kerry,2017,3,2017 Q3,0.2,Republic of Ireland,False,325.0,152507.79,26.24417837118065,22.72558062731216,26.04417837118065,22.52558062731216
Kerry,2017,4,2017 Q4,0.47,Republic of Ireland,False,359.0,159805.53,4.78515884336137,11.49314292061181,4.31515884336137,11.023142920611807
Kerry,2018,1,2018 Q1,0.23,Republic of Ireland,False,274.0,145218.59,-9.127931930766096,5.91437845773104,-9.357931930766098,5.68437845773104
Kerry,2018,2,2018 Q2,0.17,Republic of Ireland,False,325.0,150904.17,3.915187442599466,24.916720348743947,3.745187442599466,24.746720348743946
Kerry,2018,3,2018 Q3,0.77,Republic of Ireland,False,297.0,161190.15,6.816233110059167,5.693060006967499,6.046233110059166,4.923060006967498
Kerry,2018,4,2018 Q4,0.73,Republic of Ireland,False,330.0,165211.64,2.4948732909548355,3.382930490578162,1.7648732909548357,2.652930490578162
Kerry,2019,1,2019 Q1,0.83,Republic of Ireland,False,225.0,163518.84,-1.0246251414246732,12.601864540896578,-1.8546251414246733,11.771864540896578
Kerry,2019,2,2019 Q2,1.17,Republic of Ireland,False,266.0,178279.33,9.026782479621298,18.14075780675905,7.856782479621298,16.970757806759053
Kerry,2019,3,2019 Q3,0.7,Republic of Ireland,False,339.0,172132.59,-3.447814168922436,6.7885289516760094,-4.147814168922436,6.088528951676009
Kerry,2019,4,2019 Q4,1.03,Republic of Ireland,False,369.0,175098.17,1.722846324452565,5.984160680203887,0.6928463244525649,4.954160680203887
Kerry,2020,1,2020 Q1,1.03,Republic of Ireland,False,256.0,167604.2,-4.279867687937577,2.49840324209738,-5.309867687937578,1.46840324209738
Kerry,2020,2,2020 Q2,-0.3,Republic of Ireland,False,205.0,174023.49,3.830029319074324,-2.387175226651339,4.130029319074324,-2.0871752266513397
Kerry,2020,3,2020 Q3,-0.93,Republic of Ireland,False,253.0,178800.61,2.7451006757765795,3.873769633048574,3.67510067577658,4.8037696330485735
Kerry,2020,4,2020 Q4,-1.13,Republic of Ireland,False,387.0,181194.38,1.33879297167947,3.481595495829559,2.46879297167947,4.611595495829559
Kerry,2021,1,2021 Q1,-0.23,Republic of Ireland,False,290.0,177050.65,-2.286897639982,5.636165442154772,-2.056897639982,5.866165442154773
Kerry,2021,2,2021 Q2,1.4,Republic of Ireland,False,313.0,195278.14,10.295070930267713,12.213667246875715,8.895070930267712,10.813667246875715
Kerry,2021,3,2021 Q3,2.93,Republic of Ireland,False,342.0,207974.54,6.501700599974991,16.31645999418012,3.571700599974991,13.386459994180122
Kerry,2021,4,2021 Q4,5.27,Republic of Ireland,False,379.0,209993.25,0.9706524654411908,15.893909071572754,-4.299347534558809,10.623909071572754
Kerry,2022,1,2022 Q1,5.77,Republic of Ireland,False,311.0,218452.31,4.028253289093819,23.38407681643644,-1.7417467109061802,17.61407681643644
Kerry,2022,2,2022 Q2,7.97,Republic of Ireland,False,330.0,227399.06,4.095516316581871,16.44880476637067,-3.874483683418129,8.478804766370672
Kerry,2022,3,2022 Q3,8.7,Republic of Ireland,False,343.0,229175.92,0.7813840567326924,10.19421896545607,-7.918615943267307,1.4942189654560707
Kerry,2022,4,2022 Q4,8.8,Republic of Ireland,False,360.0,237406.09,3.591201902887531,13.054152931106122,-5.20879809711247,4.2541529311061215
Kerry,2023,1,2023 Q1,7.97,Republic of Ireland,False,298.0,236182.55,-0.5153785229351171,8.11629778600189,-8.485378522935116,0.1462977860018908
Kerry,2023,2,2023 Q2,6.63,Republic of Ireland,False,253.0,246872.13,4.525982126960693,8.56339071938117,-2.1040178730393078,1.93339071938117
Kerry,2023,3,2023 Q3,6.23,Republic of Ireland,False,326.0,241731.26,-2.082401930100408,5.478472607418783,-8.312401930100409,-0.7515273925812176
Kerry,2023,4,2023 Q4,4.5,Republic of Ireland,False,340.0,247194.72,2.2601379730532223,4.123158761428569,-2.2398620269467777,-0.3768412385714308
Kerry,2024,1,2024 Q1,3.47,Republic of Ireland,False,252.0,247775.98,0.2351425629155912,4.908673396912699,-3.234857437084409,1.4386733969126992
Kerry,2024,2,2024 Q2,2.47,Republic of Ireland,False,285.0,243973.8,-1.5345232415184151,-1.1740207369701938,-4.004523241518415,-3.644020736970194
Kerry,2024,3,2024 Q3,1.53,Republic of Ireland,False,282.0,261050.44,6.999374523002055,7.992007322511774,5.469374523002055,6.462007322511774
Kerry,2024,4,2024 Q4,1.03,Republic of Ireland,False,334.0,287088.43,9.974313776295496,16.138576908115176,8.944313776295497,15.108576908115175
Kerry,2025,1,2025 Q1,1.9,Republic of Ireland,False,222.0,272903.39,-4.94100023466636,10.141180755293554,-6.84100023466636,8.241180755293554
Kerry,2025,2,2025 Q2,1.9,Republic of Ireland,False,269.0,281367.04,3.101335604515554,15.326744101210863,1.201335604515554,13.426744101210865
Kerry,2025,3,2025 Q3,2.13,Republic of Ireland,False,250.0,281540.72,0.0617272015940528,7.849165088555288,-2.068272798405947,5.719165088555288
Kerry,2025,4,2025 Q4,3.05,Republic of Ireland,False,96.0,319230.71,13.38704752903952,11.195951017601114,10.33704752903952,8.145951017601114
Kildare,2010,1,2010 Q1,-3.37,Republic of Ireland,False,98.0,262754.54,,,,
Kildare,2010,2,2010 Q2,-1.33,Republic of Ireland,False,123.0,259471.5,-1.249470323138846,,0.080529676861154,
Kildare,2010,3,2010 Q3,0.2,Republic of Ireland,False,189.0,238939.43,-7.913034764897109,,-8.113034764897108,
Kildare,2010,4,2010 Q4,0.93,Republic of Ireland,False,150.0,253448.67,6.072350637146839,,5.14235063714684,
Kildare,2011,1,2011 Q1,2.27,Republic of Ireland,False,97.0,214760.82,-15.26457013958684,-18.26561017746828,-17.53457013958684,-20.53561017746828
Kildare,2011,2,2011 Q2,2.87,Republic of Ireland,False,120.0,231551.67,7.818395366529152,-10.760268468791368,4.948395366529152,-13.630268468791368
Kildare,2011,3,2011 Q3,2.43,Republic of Ireland,False,144.0,215398.15,-6.9762053540792905,-9.852404854234395,-9.40620535407929,-12.282404854234397
Kildare,2011,4,2011 Q4,2.7,Republic of Ireland,False,183.0,196078.11,-8.969454937287068,-22.635968064066,-11.669454937287068,-25.335968064066
Kildare,2012,1,2012 Q1,2.13,Republic of Ireland,False,120.0,181323.33,-7.524950133393271,-15.569641613400442,-9.654950133393273,-17.69964161340044
Kildare,2012,2,2012 Q2,1.8,Republic of Ireland,False,132.0,171503.69,-5.415541397789236,-25.932864142158863,-7.215541397789236,-27.732864142158864
Kildare,2012,3,2012 Q3,1.77,Republic of Ireland,False,198.0,179302.54,4.5473365616798045,-16.75762303436682,2.7773365616798045,-18.52762303436682
Kildare,2012,4,2012 Q4,1.07,Republic of Ireland,False,334.0,183930.65,2.581173696702788,-6.195214753956979,1.5111736967027876,-7.265214753956979
Kildare,2013,1,2013 Q1,0.97,Republic of Ireland,False,134.0,172459.99,-6.236404862376121,-4.888140979983103,-7.206404862376121,-5.858140979983102
Kildare,2013,2,2013 Q2,0.53,Republic of Ireland,False,166.0,188481.37,9.289911242601834,9.89930887201318,8.759911242601834,9.36930887201318
Kildare,2013,3,2013 Q3,0.3,Republic of Ireland,False,255.0,188886.01,0.2146843478482818,5.34486014531641,-0.0853156521517181,5.04486014531641
Kildare,2013,4,2013 Q4,0.23,Republic of Ireland,False,360.0,194556.82,3.002239287070552,5.777269856872702,2.772239287070552,5.547269856872702
Kildare,2014,1,2014 Q1,0.07,Republic of Ireland,False,204.0,169129.86,-13.069169202087094,-1.930958015247486,-13.139169202087094,-2.0009580152474857
Kildare,2014,2,2014 Q2,0.37,Republic of Ireland,False,264.0,216510.27,28.014219369660687,14.87091270612051,27.64421936966069,14.500912706120513
Kildare,2014,3,2014 Q3,0.37,Republic of Ireland,False,372.0,210788.74,-2.6426136737070283,11.595739673891137,-3.0126136737070284,11.225739673891136
Kildare,2014,4,2014 Q4,-0.03,Republic of Ireland,False,488.0,217700.26,3.2788848208874954,11.8954658078807,3.3088848208874952,11.9254658078807
Kildare,2015,1,2015 Q1,-0.6,Republic of Ireland,False,389.0,190668.8,-12.416824858178863,12.73514919246075,-11.816824858178864,13.335149192460747
Kildare,2015,2,2015 Q2,-0.43,Republic of Ireland,False,337.0,222269.92,16.57382854457574,2.660220228814092,17.00382854457574,3.090220228814092
Kildare,2015,3,2015 Q3,-0.17,Republic of Ireland,False,413.0,236842.84,6.556406732858844,12.36029021284535,6.726406732858844,12.53029021284535
Kildare,2015,4,2015 Q4,-0.07,Republic of Ireland,False,434.0,215928.4,-8.830513939116758,-0.8138988901529198,-8.760513939116757,-0.7438988901529198
Kildare,2016,1,2016 Q1,-0.13,Republic of Ireland,False,295.0,218935.79,1.3927718632657848,14.825178529471009,1.5227718632657847,14.955178529471008
Kildare,2016,2,2016 Q2,0.17,Republic of Ireland,False,376.0,228875.77,4.540134803907558,2.971994591080951,4.370134803907559,2.801994591080951
Kildare,2016,3,2016 Q3,0.13,Republic of Ireland,False,381.0,232897.97,1.7573725694074227,-1.6656066106959355,1.6273725694074228,-1.7956066106959354
Kildare,2016,4,2016 Q4,-0.07,Republic of Ireland,False,445.0,245304.68,5.327100961850362,13.60463931562499,5.397100961850362,13.67463931562499
Kildare,2017,1,2017 Q1,0.57,Republic of Ireland,False,380.0,231935.18,-5.450160999781984,5.9375353842329615,-6.020160999781984,5.367535384232961
Kildare,2017,2,2017 Q2,0.23,Republic of Ireland,False,412.0,243005.08,4.772842136324473,6.173353343606447,4.542842136324473,5.943353343606447
Kildare,2017,3,2017 Q3,0.2,Republic of Ireland,False,463.0,243684.45,0.2795702871726035,4.63141864224923,0.0795702871726035,4.43141864224923
Kildare,2017,4,2017 Q4,0.47,Republic of Ireland,False,492.0,267264.31,9.676390922769173,8.951981674381425,9.206390922769172,8.481981674381425
Kildare,2018,1,2018 Q1,0.23,Republic of Ireland,False,317.0,268985.27,0.6439168776407156,15.974329551903256,0.4139168776407156,15.744329551903254
Kildare,2018,2,2018 Q2,0.17,Republic of Ireland,False,358.0,261333.57,-2.844653909859085,7.542430800212085,-3.014653909859085,7.372430800212085
Kildare,2018,3,2018 Q3,0.77,Republic of Ireland,False,482.0,268029.7,2.5622923224138505,9.990481542831308,1.7922923224138505,9.220481542831308
Kildare,2018,4,2018 Q4,0.73,Republic of Ireland,False,513.0,271122.55,1.1539206289452153,1.4436046473994102,0.4239206289452153,0.7136046473994102
Kildare,2019,1,2019 Q1,0.83,Republic of Ireland,False,375.0,264288.89,-2.520505948324836,-1.7459617770147815,-3.350505948324836,-2.575961777014782
Kildare,2019,2,2019 Q2,1.17,Republic of Ireland,False,416.0,264671.49,0.144765828030069,1.2772641494163794,-1.025234171969931,0.1072641494163795
Kildare,2019,3,2019 Q3,0.7,Republic of Ireland,False,442.0,277798.07,4.95957460321852,3.644510291210268,4.259574603218519,2.944510291210268
Kildare,2019,4,2019 Q4,1.03,Republic of Ireland,False,477.0,284015.32,2.238046506226632,4.755329278217557,1.208046506226632,3.725329278217557
Kildare,2020,1,2020 Q1,1.03,Republic of Ireland,False,364.0,256808.19,-9.579458601036029,-2.8305011232216404,-10.609458601036028,-3.86050112322164
Kildare,2020,2,2020 Q2,-0.3,Republic of Ireland,False,242.0,251785.63,-1.95576317094871,-4.868624119658671,-1.65576317094871,-4.568624119658671
Kildare,2020,3,2020 Q3,-0.93,Republic of Ireland,False,310.0,285186.02,13.265407561186082,2.6594677205640904,14.195407561186082,3.5894677205640906
Kildare,2020,4,2020 Q4,-1.13,Republic of Ireland,False,544.0,298736.51,4.751456610671156,5.183238002795054,5.881456610671156,6.313238002795054
Kildare,2021,1,2021 Q1,-0.23,Republic of Ireland,False,357.0,291329.19,-2.479549620500021,13.442328299576436,-2.249549620500021,13.672328299576437
Kildare,2021,2,2021 Q2,1.4,Republic of Ireland,False,395.0,306830.41,5.320860570133723,21.86176391400889,3.920860570133723,20.46176391400889
Kildare,2021,3,2021 Q3,2.93,Republic of Ireland,False,507.0,311120.19,1.3980947977092706,9.093773250175442,-1.5319052022907296,6.163773250175442
Kildare,2021,4,2021 Q4,5.27,Republic of Ireland,False,520.0,311271.58,0.0486596514356785,4.196028801434415,-5.221340348564321,-1.0739711985655849
Kildare,2022,1,2022 Q1,5.77,Republic of Ireland,False,426.0,312784.53,0.4860546536243459,7.364637920422612,-5.283945346375654,1.5946379204226124
Kildare,2022,2,2022 Q2,7.97,Republic of Ireland,False,442.0,329517.63,5.349721100337024,7.394058496353084,-2.620278899662976,-0.5759415036469155
Kildare,2022,3,2022 Q3,8.7,Republic of Ireland,False,537.0,332691.99,0.9633354063635302,6.933590520113775,-7.736664593636469,-1.7664094798862244
Kildare,2022,4,2022 Q4,8.8,Republic of Ireland,False,596.0,348222.69,4.668191740955363,11.871019512928216,-4.131808259044638,3.071019512928215
Kildare,2023,1,2023 Q1,7.97,Republic of Ireland,False,389.0,348684.88,0.1327282837313204,11.477661634991977,-7.837271716268679,3.507661634991975
Kildare,2023,2,2023 Q2,6.63,Republic of Ireland,False,479.0,331091.5,-5.045638916146866,0.4776284655846785,-11.675638916146866,-6.152371534415321
Kildare,2023,3,2023 Q3,6.23,Republic of Ireland,False,541.0,353796.8,6.857711538955247,6.343648369772903,0.6277115389552463,0.1136483697729024
Kildare,2023,4,2023 Q4,4.5,Republic of Ireland,False,541.0,363008.99,2.6038081746358355,4.246219567139642,-1.8961918253641643,-0.2537804328603581
Kildare,2024,1,2024 Q1,3.47,Republic of Ireland,False,384.0,365315.11,0.6352790326211943,4.769415295552815,-2.834720967378806,1.2994152955528144
Kildare,2024,2,2024 Q2,2.47,Republic of Ireland,False,421.0,364057.31,-0.344305495603503,9.956706831797256,-2.814305495603503,7.486706831797257
Kildare,2024,3,2024 Q3,1.53,Republic of Ireland,False,468.0,398501.68,9.461249384059878,12.63575023855501,7.931249384059877,11.10575023855501
Kildare,2024,4,2024 Q4,1.03,Republic of Ireland,False,523.0,406255.84,1.945828685088613,11.913437736073718,0.915828685088613,10.883437736073718
Kildare,2025,1,2025 Q1,1.9,Republic of Ireland,False,371.0,405574.71,-0.1676603590486269,11.020513222133088,-2.067660359048627,9.120513222133088
Kildare,2025,2,2025 Q2,1.9,Republic of Ireland,False,402.0,410989.72,1.3351448861296022,12.891489529491928,-0.5648551138703977,10.991489529491927
Kildare,2025,3,2025 Q3,2.13,Republic of Ireland,False,456.0,427679.56,4.060889892817765,7.321896359382984,1.930889892817765,5.1918963593829845
Kildare,2025,4,2025 Q4,3.05,Republic of Ireland,False,216.0,425297.14,-0.5570572509941751,4.687021853027384,-3.607057250994175,1.6370218530273846
Kilkenny,2010,1,2010 Q1,-3.37,Republic of Ireland,False,37.0,193538.29,,,,
Kilkenny,2010,2,2010 Q2,-1.33,Republic of Ireland,False,62.0,187588.63,-3.074151373353562,,-1.744151373353562,
Kilkenny,2010,3,2010 Q3,0.2,Republic of Ireland,False,65.0,182132.11,-2.908769044264581,,-3.108769044264581,
Kilkenny,2010,4,2010 Q4,0.93,Republic of Ireland,False,72.0,148092.78,-18.689362353513605,,-19.619362353513605,
Kilkenny,2011,1,2011 Q1,2.27,Republic of Ireland,False,51.0,157467.28,6.330153299843522,-18.63766079570095,4.060153299843522,-20.90766079570095
Kilkenny,2011,2,2011 Q2,2.87,Republic of Ireland,False,52.0,157866.27,0.2533796227381257,-15.84443577417246,-2.6166203772618744,-18.71443577417246
Kilkenny,2011,3,2011 Q3,2.43,Republic of Ireland,False,76.0,154926.32,-1.862304088137368,-14.937393521658526,-4.292304088137367,-17.367393521658528
Kilkenny,2011,4,2011 Q4,2.7,Republic of Ireland,False,75.0,136400.53,-11.957806781959324,-7.895219469848569,-14.657806781959325,-10.595219469848567
Kilkenny,2012,1,2012 Q1,2.13,Republic of Ireland,False,62.0,134836.69,-1.1465058090316729,-14.371614217251992,-3.2765058090316725,-16.501614217251994
Kilkenny,2012,2,2012 Q2,1.8,Republic of Ireland,False,66.0,117819.87,-12.6203186981229,-25.36729346933958,-14.420318698122902,-27.16729346933958
Kilkenny,2012,3,2012 Q3,1.77,Republic of Ireland,False,74.0,133001.35,12.885330802011596,-14.151869094934932,11.115330802011597,-15.921869094934932
Kilkenny,2012,4,2012 Q4,1.07,Republic of Ireland,False,114.0,131864.52,-0.8547507224550888,-3.325507606165468,-1.9247507224550888,-4.395507606165467
Kilkenny,2013,1,2013 Q1,0.97,Republic of Ireland,False,53.0,124028.24,-5.942675103204397,-8.015956191152418,-6.912675103204397,-8.985956191152418
Kilkenny,2013,2,2013 Q2,0.53,Republic of Ireland,False,76.0,100213.07,-19.201409291948345,-14.943829084177384,-19.731409291948346,-15.473829084177384
Kilkenny,2013,3,2013 Q3,0.3,Republic of Ireland,False,92.0,134187.26,33.90195510425935,0.8916526035262162,33.60195510425935,0.5916526035262162
Kilkenny,2013,4,2013 Q4,0.23,Republic of Ireland,False,118.0,133624.69,-0.419242482483062,1.334832144385767,-0.649242482483062,1.104832144385767
Kilkenny,2014,1,2014 Q1,0.07,Republic of Ireland,False,71.0,111275.61,-16.725262374790173,-10.282037381164166,-16.795262374790173,-10.352037381164166
Kilkenny,2014,2,2014 Q2,0.37,Republic of Ireland,False,118.0,126570.99,13.745491936642718,26.30187858729405,13.37549193664272,25.931878587294047
Kilkenny,2014,3,2014 Q3,0.37,Republic of Ireland,False,133.0,145584.02,15.021633314237317,8.493175879737013,14.651633314237316,8.123175879737014
Kilkenny,2014,4,2014 Q4,-0.03,Republic of Ireland,False,167.0,140973.75,-3.166741789380445,5.49977702473996,-3.136741789380445,5.5297770247399605
Kilkenny,2015,1,2015 Q1,-0.6,Republic of Ireland,False,128.0,147134.11,4.369863183748746,32.22494129665969,4.969863183748745,32.824941296659695
Kilkenny,2015,2,2015 Q2,-0.43,Republic of Ireland,False,108.0,129291.67,-12.126650985281383,2.149528892837127,-11.696650985281384,2.579528892837127
Kilkenny,2015,3,2015 Q3,-0.17,Republic of Ireland,False,183.0,147544.36,14.117452423655742,1.3465351485691943,14.287452423655742,1.5165351485691945
Kilkenny,2015,4,2015 Q4,-0.07,Republic of Ireland,False,168.0,156907.11,6.345718670642508,11.302359481818414,6.415718670642509,11.372359481818414
Kilkenny,2016,1,2016 Q1,-0.13,Republic of Ireland,False,117.0,161406.1,2.867295178656981,9.699987310896184,2.997295178656981,9.829987310896186
Kilkenny,2016,2,2016 Q2,0.17,Republic of Ireland,False,134.0,156148.34,-3.257472920788007,20.772158020698477,-3.427472920788007,20.60215802069847
Kilkenny,2016,3,2016 Q3,0.13,Republic of Ireland,False,149.0,164601.86,5.413775132031495,11.560929878986917,5.283775132031495,11.430929878986914
Kilkenny,2016,4,2016 Q4,-0.07,Republic of Ireland,False,164.0,186502.13,13.304995459954116,18.86149072530876,13.374995459954118,18.931490725308763
Kilkenny,2017,1,2017 Q1,0.57,Republic of Ireland,False,119.0,160368.49,-14.012515567516582,-0.6428567445716182,-14.582515567516582,-1.212856744571618
Kilkenny,2017,2,2017 Q2,0.23,Republic of Ireland,False,138.0,177559.38,10.71961829908108,13.711986947795918,10.48961829908108,13.481986947795916
Kilkenny,2017,3,2017 Q3,0.2,Republic of Ireland,False,178.0,172632.35,-2.774863259828908,4.878735878197249,-2.974863259828908,4.678735878197249
Kilkenny,2017,4,2017 Q4,0.47,Republic of Ireland,False,182.0,177334.93,2.7240433209650305,-4.915332602367606,2.254043320965031,-5.385332602367606
Kilkenny,2018,1,2018 Q1,0.23,Republic of Ireland,False,122.0,192646.72,8.634390303139948,20.12753877024096,8.404390303139948,19.89753877024096
Kilkenny,2018,2,2018 Q2,0.17,Republic of Ireland,False,145.0,183422.22,-4.788298497892929,3.3019038476029827,-4.958298497892929,3.131903847602983
Kilkenny,2018,3,2018 Q3,0.77,Republic of Ireland,False,181.0,189785.65,3.469279785186319,9.936318424675328,2.699279785186319,9.166318424675328
Kilkenny,2018,4,2018 Q4,0.73,Republic of Ireland,False,197.0,201849.41,6.35651852497805,13.823830420774977,5.626518524978049,13.093830420774974
Kilkenny,2019,1,2019 Q1,0.83,Republic of Ireland,False,142.0,195150.87,-3.318582898012934,1.2998664083146538,-4.148582898012934,0.4698664083146538
Kilkenny,2019,2,2019 Q2,1.17,Republic of Ireland,False,168.0,197485.88,1.196515290964384,7.667369853009087,0.0265152909643839,6.497369853009087
Kilkenny,2019,3,2019 Q3,0.7,Republic of Ireland,False,202.0,201055.03,1.8072937670277955,5.937951578530831,1.1072937670277956,5.237951578530831
Kilkenny,2019,4,2019 Q4,1.03,Republic of Ireland,False,193.0,191026.17,-4.988116934950593,-5.362036975981244,-6.018116934950593,-6.392036975981244
Kilkenny,2020,1,2020 Q1,1.03,Republic of Ireland,False,124.0,207439.17,8.592016476067133,6.2968205061038285,7.562016476067133,5.266820506103828
Kilkenny,2020,2,2020 Q2,-0.3,Republic of Ireland,False,87.0,193254.29,-6.838091378788302,-2.142730406852378,-6.538091378788303,-1.8427304068523775
Kilkenny,2020,3,2020 Q3,-0.93,Republic of Ireland,False,137.0,190297.85,-1.5298185618544349,-5.350366016706964,-0.5998185618544346,-4.420366016706964
Kilkenny,2020,4,2020 Q4,-1.13,Republic of Ireland,False,213.0,210602.94,10.670162589855847,10.24821363481243,11.800162589855848,11.378213634812427
Kilkenny,2021,1,2021 Q1,-0.23,Republic of Ireland,False,165.0,212964.96,1.1215512945830677,2.6638122395109765,1.3515512945830674,2.8938122395109764
Kilkenny,2021,2,2021 Q2,1.4,Republic of Ireland,False,145.0,214142.65,0.5529970751996016,10.80874323669605,-0.8470029248003983,9.408743236696049
Kilkenny,2021,3,2021 Q3,2.93,Republic of Ireland,False,185.0,245427.5,14.609350355942642,28.970190677403878,11.679350355942642,26.040190677403874
Kilkenny,2021,4,2021 Q4,5.27,Republic of Ireland,False,224.0,252397.39,2.8398977294720407,19.84514081332389,-2.430102270527959,14.575140813323893
Kilkenny,2022,1,2022 Q1,5.77,Republic of Ireland,False,155.0,245493.87,-2.735178838418262,15.274301462550463,-8.505178838418262,9.504301462550464
Kilkenny,2022,2,2022 Q2,7.97,Republic of Ireland,False,188.0,258529.54,5.309977801075028,20.727720517141268,-2.660022198924972,12.75772051714127
Kilkenny,2022,3,2022 Q3,8.7,Republic of Ireland,False,202.0,244127.72,-5.570667088952385,-0.5295983538927018,-14.270667088952385,-9.2295983538927
Kilkenny,2022,4,2022 Q4,8.8,Republic of Ireland,False,199.0,274280.89,12.351391312711236,8.670256059303938,3.5513913127112358,-0.1297439406960627
Kilkenny,2023,1,2023 Q1,7.97,Republic of Ireland,False,136.0,236811.06,-13.661115799937797,-3.5368744645232875,-21.631115799937795,-11.506874464523287
Kilkenny,2023,2,2023 Q2,6.63,Republic of Ireland,False,180.0,261003.63,10.21597977729587,0.956985418378098,3.585979777295869,-5.673014581621902
Kilkenny,2023,3,2023 Q3,6.23,Republic of Ireland,False,164.0,277531.5,6.332429169663278,13.68291155137975,0.1024291696632779,7.452911551379749
Kilkenny,2023,4,2023 Q4,4.5,Republic of Ireland,False,185.0,269472.65,-2.903760474036277,-1.753034999995806,-7.403760474036277,-6.253034999995807
Kilkenny,2024,1,2024 Q1,3.47,Republic of Ireland,False,150.0,279026.8,3.5454989587996977,17.826760287294018,0.0754989587996974,14.356760287294016
Kilkenny,2024,2,2024 Q2,2.47,Republic of Ireland,False,160.0,275767.17,-1.168213949341068,5.656450065464602,-3.638213949341068,3.186450065464602
Kilkenny,2024,3,2024 Q3,1.53,Republic of Ireland,False,181.0,285256.73,3.4411492854642622,2.783550696047099,1.9111492854642624,1.253550696047099
Kilkenny,2024,4,2024 Q4,1.03,Republic of Ireland,False,183.0,290060.79,1.6841180223863494,7.640159400221114,0.6541180223863494,6.6101594002211135
Kilkenny,2025,1,2025 Q1,1.9,Republic of Ireland,False,136.0,298807.5,3.0154747906464774,7.089175663412983,1.1154747906464777,5.189175663412984
Kilkenny,2025,2,2025 Q2,1.9,Republic of Ireland,False,168.0,287304.7,-3.849568702258144,4.183793886705223,-5.749568702258143,2.2837938867052228
Kilkenny,2025,3,2025 Q3,2.13,Republic of Ireland,False,168.0,330973.47,15.199462452232758,16.026524597684343,13.06946245223276,13.896524597684344
Kilkenny,2025,4,2025 Q4,3.05,Republic of Ireland,False,55.0,298173.47,-9.910159868704882,2.7968895761471213,-12.96015986870488,-0.2531104238528785
Laois,2010,1,2010 Q1,-3.37,Republic of Ireland,False,44.0,163837.11,,,,
Laois,2010,2,2010 Q2,-1.33,Republic of Ireland,False,38.0,153786.05,-6.134788388296153,,-4.804788388296153,
Laois,2010,3,2010 Q3,0.2,Republic of Ireland,False,53.0,148860.24,-3.2030278429025283,,-3.4030278429025285,
Laois,2010,4,2010 Q4,0.93,Republic of Ireland,False,59.0,138902.54,-6.689294602776396,,-7.619294602776396,
Laois,2011,1,2011 Q1,2.27,Republic of Ireland,False,34.0,127250.0,-8.389004261549148,-22.3313936628887,-10.659004261549148,-24.6013936628887
Laois,2011,2,2011 Q2,2.87,Republic of Ireland,False,48.0,135005.21,6.094467583497054,-12.212317046962315,3.224467583497054,-15.082317046962316
Laois,2011,3,2011 Q3,2.43,Republic of Ireland,False,49.0,112099.1,-16.966834094773077,-24.69506968415473,-19.39683409477308,-27.12506968415473
Laois,2011,4,2011 Q4,2.7,Republic of Ireland,False,55.0,116403.64,3.839941623081722,-16.197615968721667,1.1399416230817216,-18.897615968721663
Laois,2012,1,2012 Q1,2.13,Republic of Ireland,False,39.0,105783.69,-9.123383083209424,-16.869398821218073,-11.253383083209425,-18.999398821218072
Laois,2012,2,2012 Q2,1.8,Republic of Ireland,False,66.0,92600.0,-12.462875893249702,-31.410054471231145,-14.262875893249705,-33.21005447123114
Laois,2012,3,2012 Q3,1.77,Republic of Ireland,False,64.0,101400.31,9.50357451403887,-9.544046294751707,7.733574514038871,-11.314046294751709
Laois,2012,4,2012 Q4,1.07,Republic of Ireland,False,83.0,88964.25,-12.26432147988502,-23.57262195580826,-13.334321479885022,-24.64262195580826
Laois,2013,1,2013 Q1,0.97,Republic of Ireland,False,41.0,116343.2,30.77522712775076,9.982172109897093,29.80522712775076,9.012172109897092
Laois,2013,2,2013 Q2,0.53,Republic of Ireland,False,56.0,92702.23,-20.320027298544307,0.1103995680345582,-20.85002729854431,-0.4196004319654418
Laois,2013,3,2013 Q3,0.3,Republic of Ireland,False,72.0,97169.44,4.818880840299111,-4.172442865312731,4.518880840299111,-4.472442865312731
Laois,2013,4,2013 Q4,0.23,Republic of Ireland,False,111.0,85406.62,-12.105472667126628,-3.998943395802257,-12.335472667126629,-4.228943395802257
Laois,2014,1,2014 Q1,0.07,Republic of Ireland,False,74.0,89417.7,4.696450930852913,-23.14316608104299,4.626450930852913,-23.21316608104299
Laois,2014,2,2014 Q2,0.37,Republic of Ireland,False,105.0,100641.9,12.552548320970017,8.564702273073689,12.182548320970016,8.19470227307369
Laois,2014,3,2014 Q3,0.37,Republic of Ireland,False,106.0,100008.49,-0.6293700734982033,2.9217519417627624,-0.9993700734982032,2.5517519417627623
Laois,2014,4,2014 Q4,-0.03,Republic of Ireland,False,176.0,100915.96,0.9073929623375054,18.159411998742023,0.9373929623375056,18.189411998742028
Laois,2015,1,2015 Q1,-0.6,Republic of Ireland,False,97.0,112523.2,11.50188731296813,25.83996233407928,12.10188731296813,26.439962334079283
Laois,2015,2,2015 Q2,-0.43,Republic of Ireland,False,124.0,108723.31,-3.376983590939464,8.029866288295429,-2.946983590939464,8.459866288295428
Laois,2015,3,2015 Q3,-0.17,Republic of Ireland,False,111.0,123830.63,13.89519873889049,23.820117672009644,14.06519873889049,23.99011767200965
Laois,2015,4,2015 Q4,-0.07,Republic of Ireland,False,149.0,123358.72,-0.3810931108078841,22.23905911413813,-0.3110931108078841,22.30905911413813
Laois,2016,1,2016 Q1,-0.13,Republic of Ireland,False,108.0,125901.19,2.061037922572484,11.889094871102143,2.191037922572484,12.019094871102146
Laois,2016,2,2016 Q2,0.17,Republic of Ireland,False,135.0,118201.92,-6.115327424625616,8.718102861290733,-6.285327424625616,8.548102861290733
Laois,2016,3,2016 Q3,0.13,Republic of Ireland,False,141.0,125333.82,6.033658336514347,1.2139080613576825,5.903658336514347,1.0839080613576826
Laois,2016,4,2016 Q4,-0.07,Republic of Ireland,False,167.0,128464.02,2.4974903022982886,4.138580555959082,2.5674903022982885,4.208580555959082
Laois,2017,1,2017 Q1,0.57,Republic of Ireland,False,119.0,136086.73,5.933731483725957,8.090106217423365,5.363731483725957,7.520106217423365
Laois,2017,2,2017 Q2,0.23,Republic of Ireland,False,106.0,157064.58,15.415059205258274,32.87819690238534,15.185059205258272,32.648196902385344
Laois,2017,3,2017 Q3,0.2,Republic of Ireland,False,185.0,137249.11,-12.616128983377417,9.506843404278252,-12.816128983377416,9.306843404278254
Laois,2017,4,2017 Q4,0.47,Republic of Ireland,False,165.0,155257.86,13.12121441078926,20.857077335739604,12.65121441078926,20.387077335739605
Laois,2018,1,2018 Q1,0.23,Republic of Ireland,False,112.0,147806.5,-4.799344780354431,8.611985900462148,-5.029344780354432,8.381985900462148
Laois,2018,2,2018 Q2,0.17,Republic of Ireland,False,129.0,157040.29,6.247215108943127,-0.0154649762536984,6.077215108943127,-0.1854649762536984
Laois,2018,3,2018 Q3,0.77,Republic of Ireland,False,167.0,161696.99,2.965289990231157,17.812778530950048,2.195289990231157,17.04277853095005
Laois,2018,4,2018 Q4,0.73,Republic of Ireland,False,173.0,153824.93,-4.86840231225083,-0.922935560235083,-5.59840231225083,-1.652935560235083
Laois,2019,1,2019 Q1,0.83,Republic of Ireland,False,137.0,159855.96,3.9207103816006894,8.15218545869092,3.0907103816006893,7.322185458690919
Laois,2019,2,2019 Q2,1.17,Republic of Ireland,False,186.0,158667.06,-0.7437320447733042,1.0358934003496634,-1.913732044773304,-0.1341065996503365
Laois,2019,3,2019 Q3,0.7,Republic of Ireland,False,181.0,178116.58,12.258070452682478,10.154542765452844,11.55807045268248,9.454542765452846
Laois,2019,4,2019 Q4,1.03,Republic of Ireland,False,173.0,180809.99,1.5121613046915616,17.542709104434493,0.4821613046915616,16.512709104434492
Laois,2020,1,2020 Q1,1.03,Republic of Ireland,False,125.0,170452.57,-5.72834498801752,6.628848871196302,-6.75834498801752,5.598848871196302
Laois,2020,2,2020 Q2,-0.3,Republic of Ireland,False,110.0,169709.81,-0.4357575834732285,6.959699133518948,-0.1357575834732285,7.259699133518948
Laois,2020,3,2020 Q3,-0.93,Republic of Ireland,False,115.0,171087.34,0.8116973320516863,-3.946426548275284,1.7416973320516864,-3.0164265482752834
Laois,2020,4,2020 Q4,-1.13,Republic of Ireland,False,166.0,183813.99,7.438685995118055,1.6614126243798877,8.568685995118056,2.791412624379888
Laois,2021,1,2021 Q1,-0.23,Republic of Ireland,False,150.0,192346.26,4.641795763206069,12.844446991911006,4.8717957632060696,13.074446991911008
Laois,2021,2,2021 Q2,1.4,Republic of Ireland,False,175.0,182359.11,-5.192276678527586,7.453487809573289,-6.592276678527586,6.053487809573289
Laois,2021,3,2021 Q3,2.93,Republic of Ireland,False,197.0,200098.51,9.72772898485852,16.95693556285347,6.797728984858519,14.02693556285347
Laois,2021,4,2021 Q4,5.27,Republic of Ireland,False,216.0,208544.06,4.220696096137844,13.453856259798291,-1.049303903862156,8.183856259798292
Laois,2022,1,2022 Q1,5.77,Republic of Ireland,False,164.0,208965.72,0.2021922849301027,8.640386353236075,-5.567807715069897,2.870386353236075
Laois,2022,2,2022 Q2,7.97,Republic of Ireland,False,174.0,207990.72,-0.4665837056910593,14.055568707261193,-8.43658370569106,6.085568707261191
Laois,2022,3,2022 Q3,8.7,Republic of Ireland,False,214.0,220603.49,6.064102283024919,10.24744262213646,-2.63589771697508,1.5474426221364617
Laois,2022,4,2022 Q4,8.8,Republic of Ireland,False,232.0,224784.35,1.8951921386193948,7.787462275358026,-6.904807861380606,-1.012537724641975
Laois,2023,1,2023 Q1,7.97,Republic of Ireland,False,176.0,220250.85,-2.016821900634991,5.400469512415729,-9.98682190063499,-2.569530487584271
Laois,2023,2,2023 Q2,6.63,Republic of Ireland,False,176.0,226107.43,2.659049896969745,8.710345346176984,-3.970950103030255,2.0803453461769843
Laois,2023,3,2023 Q3,6.23,Republic of Ireland,False,219.0,233136.99,3.1089469284578675,5.681460433830843,-3.121053071542133,-0.5485395661691577
Laois,2023,4,2023 Q4,4.5,Republic of Ireland,False,215.0,244541.14,4.891609006361453,8.789219534189098,0.3916090063614525,4.2892195341890975
Laois,2024,1,2024 Q1,3.47,Republic of Ireland,False,129.0,232123.64,-5.07787769370831,5.390576245222212,-8.54787769370831,1.9205762452222117
Laois,2024,2,2024 Q2,2.47,Republic of Ireland,False,180.0,232821.02,0.3004347166018828,2.9692036214820527,-2.1695652833981174,0.4992036214820525
Laois,2024,3,2024 Q3,1.53,Republic of Ireland,False,180.0,230797.92,-0.8689507502372296,-1.0033028220875484,-2.39895075023723,-2.533302822087548
Laois,2024,4,2024 Q4,1.03,Republic of Ireland,False,231.0,256463.72,11.120464170560984,4.875490479843192,10.090464170560985,3.845490479843192
Laois,2025,1,2025 Q1,1.9,Republic of Ireland,False,123.0,246513.52,-3.879769037117609,6.199230720317828,-5.7797690371176085,4.299230720317828
Laois,2025,2,2025 Q2,1.9,Republic of Ireland,False,163.0,242880.96,-1.4735743499991405,4.320889926519533,-3.3735743499991404,2.4208899265195334
Laois,2025,3,2025 Q3,2.13,Republic of Ireland,False,165.0,271079.73,11.61011962403311,17.453281208080206,9.480119624033112,15.323281208080209
Laois,2025,4,2025 Q4,3.05,Republic of Ireland,False,73.0,305000.38,12.513163562616803,18.92535131284847,9.463163562616804,15.87535131284847
Leitrim,2010,1,2010 Q1,-3.37,Republic of Ireland,False,11.0,115636.36,,,,
Leitrim,2010,2,2010 Q2,-1.33,Republic of Ireland,False,15.0,128622.67,11.230299881455965,,12.560299881455965,
Leitrim,2010,3,2010 Q3,0.2,Republic of Ireland,False,25.0,101690.0,-20.93928698572344,,-21.13928698572344,
Leitrim,2010,4,2010 Q4,0.93,Republic of Ireland,False,23.0,132854.35,30.646425410561505,,29.716425410561506,
Leitrim,2011,1,2011 Q1,2.27,Republic of Ireland,False,18.0,99061.11,-25.436306752469907,-14.333943060815823,-27.706306752469903,-16.603943060815823
Leitrim,2011,2,2011 Q2,2.87,Republic of Ireland,False,18.0,120250.0,21.389715903647755,-6.509482348640406,18.519715903647757,-9.379482348640405
Leitrim,2011,3,2011 Q3,2.43,Republic of Ireland,False,28.0,103896.62,-13.599484407484407,2.169947880814238,-16.029484407484407,-0.2600521191857621
Leitrim,2011,4,2011 Q4,2.7,Republic of Ireland,False,45.0,92405.24,-11.060398307471395,-30.44620669176432,-13.760398307471398,-33.14620669176432
Leitrim,2012,1,2012 Q1,2.13,Republic of Ireland,False,23.0,93399.87,1.0763783525695958,-5.714896592618446,-1.053621647430404,-7.844896592618446
Leitrim,2012,2,2012 Q2,1.8,Republic of Ireland,False,23.0,132543.48,41.90970501350806,10.223268191268197,40.10970501350806,8.423268191268196
Leitrim,2012,3,2012 Q3,1.77,Republic of Ireland,False,36.0,96069.44,-27.518547121291824,-7.533623326726113,-29.288547121291824,-9.303623326726113
Leitrim,2012,4,2012 Q4,1.07,Republic of Ireland,False,40.0,83446.25,-13.13965190179104,-9.695326801813408,-14.20965190179104,-10.765326801813409
Leitrim,2013,1,2013 Q1,0.97,Republic of Ireland,False,23.0,71000.0,-14.91528978234492,-23.98276357343966,-15.885289782344922,-24.952763573439658
Leitrim,2013,2,2013 Q2,0.53,Republic of Ireland,False,64.0,68065.49,-4.133112676056328,-48.646670511442736,-4.663112676056328,-49.17667051144274
Leitrim,2013,3,2013 Q3,0.3,Republic of Ireland,False,56.0,76156.07,11.886464051019097,-20.728100424026614,11.586464051019096,-21.02810042402662
Leitrim,2013,4,2013 Q4,0.23,Republic of Ireland,False,73.0,69981.79,-8.10740365147521,-16.135488413200115,-8.33740365147521,-16.365488413200115
Leitrim,2014,1,2014 Q1,0.07,Republic of Ireland,False,46.0,68889.82,-1.5603630601617735,-2.9720845070422386,-1.6303630601617736,-3.0420845070422384
Leitrim,2014,2,2014 Q2,0.37,Republic of Ireland,False,55.0,80252.73,16.494323834784286,17.90516750852744,16.124323834784285,17.53516750852744
Leitrim,2014,3,2014 Q3,0.37,Republic of Ireland,False,59.0,86438.14,7.707413816327491,13.50131381516928,7.337413816327491,13.13131381516928
Leitrim,2014,4,2014 Q4,-0.03,Republic of Ireland,False,120.0,69026.32,-20.143677316517905,-1.3653123191047056,-20.113677316517904,-1.3353123191047056
Leitrim,2015,1,2015 Q1,-0.6,Republic of Ireland,False,72.0,87351.94,26.54874256660358,26.79948938754666,27.14874256660358,27.399489387546662
Leitrim,2015,2,2015 Q2,-0.43,Republic of Ireland,False,73.0,82325.34,-5.754422855405394,2.5826037319852,-5.324422855405395,3.0126037319852004
Leitrim,2015,3,2015 Q3,-0.17,Republic of Ireland,False,75.0,79495.33,-3.437592848082982,-8.032114064462748,-3.267592848082982,-7.862114064462748
Leitrim,2015,4,2015 Q4,-0.07,Republic of Ireland,False,123.0,83479.67,5.01204284578729,20.938896930909824,5.08204284578729,21.008896930909824
Leitrim,2016,1,2016 Q1,-0.13,Republic of Ireland,False,69.0,78340.06,-6.156720552441097,-10.31674854616853,-6.026720552441097,-10.186748546168529
Leitrim,2016,2,2016 Q2,0.17,Republic of Ireland,False,108.0,72298.08,-7.712503666706405,-12.180040799102676,-7.882503666706405,-12.350040799102675
Leitrim,2016,3,2016 Q3,0.13,Republic of Ireland,False,92.0,79959.55,10.597058732403395,0.5839588312923638,10.467058732403396,0.4539588312923638
Leitrim,2016,4,2016 Q4,-0.07,Republic of Ireland,False,117.0,85618.8,7.077641132297519,2.5624562243717675,7.147641132297519,2.6324562243717677
Leitrim,2017,1,2017 Q1,0.57,Republic of Ireland,False,88.0,82637.92,-3.481571804323358,5.486158677948416,-4.051571804323358,4.916158677948416
Leitrim,2017,2,2017 Q2,0.23,Republic of Ireland,False,89.0,97612.36,18.12054320825114,35.01376523415283,17.890543208251138,34.78376523415283
Leitrim,2017,3,2017 Q3,0.2,Republic of Ireland,False,91.0,107957.42,10.598104584296486,35.01504198060144,10.398104584296489,34.81504198060144
Leitrim,2017,4,2017 Q4,0.47,Republic of Ireland,False,112.0,92443.65,-14.370267462857122,7.971204922283404,-14.840267462857122,7.501204922283404
Leitrim,2018,1,2018 Q1,0.23,Republic of Ireland,False,91.0,108756.1,17.645830730396316,31.605563160350613,17.415830730396316,31.37556316035061
Leitrim,2018,2,2018 Q2,0.17,Republic of Ireland,False,77.0,92031.17,-15.378383373438364,-5.717708290220624,-15.548383373438364,-5.887708290220624
Leitrim,2018,3,2018 Q3,0.77,Republic of Ireland,False,104.0,111397.12,21.04281625453637,3.1861635819010914,20.27281625453637,2.416163581901092
Leitrim,2018,4,2018 Q4,0.73,Republic of Ireland,False,111.0,114157.44,2.4779096622964847,23.48867661543006,1.7479096622964847,22.75867661543006
Leitrim,2019,1,2019 Q1,0.83,Republic of Ireland,False,77.0,102301.95,-10.38521010982727,-5.934517696018893,-11.21521010982727,-6.764517696018893
Leitrim,2019,2,2019 Q2,1.17,Republic of Ireland,False,81.0,111802.09,9.286372351651174,21.48285195113786,8.116372351651174,20.31285195113786
Leitrim,2019,3,2019 Q3,0.7,Republic of Ireland,False,106.0,108422.97,-3.022412192831092,-2.66986256018108,-3.722412192831092,-3.36986256018108
Leitrim,2019,4,2019 Q4,1.03,Republic of Ireland,False,108.0,107641.43,-0.7208251166703983,-5.707915314148604,-1.7508251166703983,-6.737915314148604
Leitrim,2020,1,2020 Q1,1.03,Republic of Ireland,False,74.0,106803.77,-0.778194789868536,4.400522179684763,-1.808194789868536,3.3705221796847624
Leitrim,2020,2,2020 Q2,-0.3,Republic of Ireland,False,59.0,119997.76,12.35348714750424,7.330515914326829,12.65348714750424,7.630515914326829
Leitrim,2020,3,2020 Q3,-0.93,Republic of Ireland,False,73.0,117646.96,-1.959036568682604,8.50741314317438,-1.0290365686826035,9.43741314317438
Leitrim,2020,4,2020 Q4,-1.13,Republic of Ireland,False,139.0,117105.28,-0.460428386759848,8.7920143758774,0.6695716132401519,9.9220143758774
Leitrim,2021,1,2021 Q1,-0.23,Republic of Ireland,False,101.0,127016.26,8.46330754685014,18.924884393125808,8.693307546850141,19.15488439312581
Leitrim,2021,2,2021 Q2,1.4,Republic of Ireland,False,106.0,124026.05,-2.3541946519288093,3.3569709967919525,-3.754194651928809,1.9569709967919529
Leitrim,2021,3,2021 Q3,2.93,Republic of Ireland,False,96.0,137875.43,11.166508971300782,17.19421394313969,8.236508971300783,14.26421394313969
Leitrim,2021,4,2021 Q4,5.27,Republic of Ireland,False,134.0,156365.63,13.410801329867116,33.525687313159594,8.140801329867116,28.255687313159594
Leitrim,2022,1,2022 Q1,5.77,Republic of Ireland,False,105.0,143234.47,-8.397727812691326,12.768609310335544,-14.167727812691323,6.998609310335544
Leitrim,2022,2,2022 Q2,7.97,Republic of Ireland,False,108.0,150715.28,5.222772144163335,21.51905184435044,-2.747227855836665,13.549051844350435
Leitrim,2022,3,2022 Q3,8.7,Republic of Ireland,False,103.0,163082.52,8.205697524497847,18.28251052417389,-0.4943024755021525,9.582510524173893
Leitrim,2022,4,2022 Q4,8.8,Republic of Ireland,False,159.0,170059.83,4.278392313290236,8.757806942612634,-4.521607686709765,-0.042193057387367
Leitrim,2023,1,2023 Q1,7.97,Republic of Ireland,False,99.0,163433.33,-3.896569813106365,14.101954648207226,-11.866569813106365,6.131954648207226
Leitrim,2023,2,2023 Q2,6.63,Republic of Ireland,False,88.0,148670.45,-9.032967755108444,-1.3567502910122875,-15.662967755108443,-7.986750291012287
Leitrim,2023,3,2023 Q3,6.23,Republic of Ireland,False,120.0,174314.48,17.248908575981314,6.887286264646897,11.018908575981314,0.6572862646468964
Leitrim,2023,4,2023 Q4,4.5,Republic of Ireland,False,140.0,170087.22,-2.425076792243541,0.0161060963074,-6.925076792243541,-4.4838939036926
Leitrim,2024,1,2024 Q1,3.47,Republic of Ireland,False,86.0,183982.73,8.169637906951511,12.57356746019922,4.69963790695151,9.10356746019922
Leitrim,2024,2,2024 Q2,2.47,Republic of Ireland,False,111.0,163301.3,-11.240962670789823,9.841128482492634,-13.710962670789824,7.371128482492633
Leitrim,2024,3,2024 Q3,1.53,Republic of Ireland,False,102.0,170718.87,4.54226022695472,-2.0627144687004884,3.0122602269547194,-3.592714468700488
Leitrim,2024,4,2024 Q4,1.03,Republic of Ireland,False,122.0,187530.27,9.847417570184236,10.25535604615091,8.817417570184237,9.22535604615091
Leitrim,2025,1,2025 Q1,1.9,Republic of Ireland,False,75.0,167629.33,-10.612121445780463,-8.88855165916933,-12.512121445780464,-10.78855165916933
Leitrim,2025,2,2025 Q2,1.9,Republic of Ireland,False,91.0,198931.0,18.673146280546504,21.818381115153414,16.773146280546506,19.91838111515342
Leitrim,2025,3,2025 Q3,2.13,Republic of Ireland,False,92.0,216877.06,9.021248573626028,27.0375442386656,6.8912485736260285,24.9075442386656
Leitrim,2025,4,2025 Q4,3.05,Republic of Ireland,False,36.0,208092.97,-4.050262392896697,10.965003143225903,-7.100262392896697,7.915003143225904
Limerick,2010,1,2010 Q1,-3.37,Republic of Ireland,False,83.0,183341.57,,,,
Limerick,2010,2,2010 Q2,-1.33,Republic of Ireland,False,128.0,181354.1,-1.0840258431298433,,0.2459741568701567,
Limerick,2010,3,2010 Q3,0.2,Republic of Ireland,False,143.0,187238.46,3.244679883167789,,3.044679883167789,
Limerick,2010,4,2010 Q4,0.93,Republic of Ireland,False,131.0,172776.35,-7.7238992459134685,,-8.653899245913468,
Limerick,2011,1,2011 Q1,2.27,Republic of Ireland,False,99.0,179301.01,3.7763617532144966,-2.203842805535039,1.5063617532144966,-4.473842805535039
Limerick,2011,2,2011 Q2,2.87,Republic of Ireland,False,111.0,162996.6,-9.09331743306968,-10.12246207833184,-11.96331743306968,-12.99246207833184
Limerick,2011,3,2011 Q3,2.43,Republic of Ireland,False,169.0,161694.98,-0.7985565343080703,-13.642218591201816,-3.2285565343080704,-16.072218591201818
Limerick,2011,4,2011 Q4,2.7,Republic of Ireland,False,152.0,142003.23,-12.178331077439752,-17.81095618700128,-14.878331077439752,-20.51095618700128
Limerick,2012,1,2012 Q1,2.13,Republic of Ireland,False,116.0,143146.07,0.8047985950742076,-20.164381673031293,-1.3252014049257923,-22.29438167303129
Limerick,2012,2,2012 Q2,1.8,Republic of Ireland,False,140.0,129328.36,-9.65287415854309,-20.655792820218345,-11.452874158543093,-22.455792820218345
Limerick,2012,3,2012 Q3,1.77,Republic of Ireland,False,158.0,156334.27,20.88166122264288,-3.315322467030224,19.11166122264288,-5.085322467030224
Limerick,2012,4,2012 Q4,1.07,Republic of Ireland,False,243.0,139338.93,-10.871154481995536,-1.876224928123127,-11.941154481995538,-2.9462249281231268
Limerick,2013,1,2013 Q1,0.97,Republic of Ireland,False,114.0,120969.74,-13.18309965492055,-15.492098385935426,-14.15309965492055,-16.462098385935427
Limerick,2013,2,2013 Q2,0.53,Republic of Ireland,False,168.0,128534.94,6.253795370643922,-0.6134926631714777,5.723795370643922,-1.1434926631714777
Limerick,2013,3,2013 Q3,0.3,Republic of Ireland,False,203.0,132949.62,3.434614743664244,-14.958108673165516,3.134614743664244,-15.258108673165516
Limerick,2013,4,2013 Q4,0.23,Republic of Ireland,False,235.0,130295.26,-1.9965156726284736,-6.490411545430986,-2.226515672628474,-6.720411545430986
Limerick,2014,1,2014 Q1,0.07,Republic of Ireland,False,172.0,111996.02,-14.044440296600191,-7.418152671899603,-14.114440296600192,-7.488152671899603
Limerick,2014,2,2014 Q2,0.37,Republic of Ireland,False,245.0,108528.88,-3.095770724709679,-15.564686146817351,-3.465770724709679,-15.934686146817352
Limerick,2014,3,2014 Q3,0.37,Republic of Ireland,False,341.0,119423.03,10.038019373276486,-10.17422238589324,9.668019373276486,-10.54422238589324
Limerick,2014,4,2014 Q4,-0.03,Republic of Ireland,False,589.0,103439.44,-13.384009767630245,-20.61150958215977,-13.354009767630243,-20.581509582159768
Limerick,2015,1,2015 Q1,-0.6,Republic of Ireland,False,368.0,119489.53,15.51641230849663,6.690871693476241,16.11641230849663,7.290871693476241
Limerick,2015,2,2015 Q2,-0.43,Republic of Ireland,False,334.0,115397.67,-3.424450661074652,6.328997406036074,-2.9944506610746515,6.758997406036074
Limerick,2015,3,2015 Q3,-0.17,Republic of Ireland,False,517.0,107960.87,-6.444497536215421,-9.597947732526968,-6.274497536215421,-9.427947732526968
Limerick,2015,4,2015 Q4,-0.07,Republic of Ireland,False,468.0,148106.38,37.18524128232759,43.18173029552364,37.25524128232759,43.25173029552364
Limerick,2016,1,2016 Q1,-0.13,Republic of Ireland,False,326.0,118469.94,-20.010238586615912,-0.8532881500161515,-19.880238586615917,-0.7232881500161515
Limerick,2016,2,2016 Q2,0.17,Republic of Ireland,False,350.0,126169.04,6.4987793528045845,9.334131269721468,6.328779352804585,9.164131269721468
Limerick,2016,3,2016 Q3,0.13,Republic of Ireland,False,396.0,141234.1,11.940377766209531,30.81971273480846,11.81037776620953,30.68971273480846
Limerick,2016,4,2016 Q4,-0.07,Republic of Ireland,False,491.0,134662.93,-4.652679487460897,-9.076887842373848,-4.582679487460897,-9.006887842373848
Limerick,2017,1,2017 Q1,0.57,Republic of Ireland,False,290.0,146309.13,8.64840828875475,23.498948340819624,8.07840828875475,22.928948340819623
Limerick,2017,2,2017 Q2,0.23,Republic of Ireland,False,403.0,138124.15,-5.594305700539682,9.475470368958971,-5.824305700539682,9.245470368958973
Limerick,2017,3,2017 Q3,0.2,Republic of Ireland,False,485.0,142058.61,2.8484953572564864,0.5837896088833894,2.648495357256486,0.3837896088833893
Limerick,2017,4,2017 Q4,0.47,Republic of Ireland,False,480.0,158039.16,11.249265356038627,17.35906830484084,10.779265356038628,16.88906830484084
Limerick,2018,1,2018 Q1,0.23,Republic of Ireland,False,344.0,162481.4,2.8108476405467986,11.053493380761669,2.5808476405467986,10.823493380761668
Limerick,2018,2,2018 Q2,0.17,Republic of Ireland,False,363.0,162589.98,0.0668261105579048,17.712927102175847,-0.1031738894420951,17.542927102175845
Limerick,2018,3,2018 Q3,0.77,Republic of Ireland,False,442.0,173145.69,6.492226642748822,21.883277613373807,5.722226642748822,21.113277613373807
Limerick,2018,4,2018 Q4,0.73,Republic of Ireland,False,527.0,171191.5,-1.128639124658548,8.322203180528165,-1.858639124658548,7.592203180528164
Limerick,2019,1,2019 Q1,0.83,Republic of Ireland,False,322.0,168592.35,-1.5182704748775475,3.761015106959942,-2.348270474877548,2.9310151069599417
Limerick,2019,2,2019 Q2,1.17,Republic of Ireland,False,370.0,181024.94,7.374350022406118,11.338312483955026,6.204350022406118,10.168312483955026
Limerick,2019,3,2019 Q3,0.7,Republic of Ireland,False,468.0,186340.83,2.936551173556512,7.620830758189823,2.236551173556512,6.920830758189823
Limerick,2019,4,2019 Q4,1.03,Republic of Ireland,False,502.0,169758.99,-8.898661662073737,-0.8367880414623441,-9.928661662073736,-1.866788041462344
Limerick,2020,1,2020 Q1,1.03,Republic of Ireland,False,340.0,182619.41,7.575693045770371,8.320104678533745,6.545693045770371,7.290104678533745
Limerick,2020,2,2020 Q2,-0.3,Republic of Ireland,False,234.0,183542.71,0.5055870019512021,1.3908415050434495,0.8055870019512021,1.6908415050434498
Limerick,2020,3,2020 Q3,-0.93,Republic of Ireland,False,336.0,169703.21,-7.540206854306552,-8.928596057020888,-6.610206854306552,-7.998596057020888
Limerick,2020,4,2020 Q4,-1.13,Republic of Ireland,False,487.0,192023.48,13.15253258910072,13.115352535968803,14.282532589100718,14.245352535968806
Limerick,2021,1,2021 Q1,-0.23,Republic of Ireland,False,350.0,186178.57,-3.043851720633328,1.9489494572345836,-2.813851720633328,2.1789494572345838
Limerick,2021,2,2021 Q2,1.4,Republic of Ireland,False,389.0,199411.0,7.107386204545452,8.645557211179899,5.707386204545452,7.245557211179898
Limerick,2021,3,2021 Q3,2.93,Republic of Ireland,False,488.0,214653.07,7.643545240733962,26.48733633264806,4.713545240733962,23.55733633264806
Limerick,2021,4,2021 Q4,5.27,Republic of Ireland,False,527.0,206392.67,-3.848256165169217,7.483038011809806,-9.118256165169218,2.2130380118098065
Limerick,2022,1,2022 Q1,5.77,Republic of Ireland,False,355.0,233304.55,13.039164617619402,25.312247268845155,7.269164617619403,19.54224726884516
Limerick,2022,2,2022 Q2,7.97,Republic of Ireland,False,404.0,216329.93,-7.275734656696575,8.4844517102868,-15.245734656696577,0.5144517102868003
Limerick,2022,3,2022 Q3,8.7,Republic of Ireland,False,456.0,229230.97,5.963594589061261,6.791377360687179,-2.7364054109387386,-1.9086226393128207
Limerick,2022,4,2022 Q4,8.8,Republic of Ireland,False,553.0,224939.95,-1.8719198370098056,8.986404410582981,-10.671919837009806,0.1864044105829805
Limerick,2023,1,2023 Q1,7.97,Republic of Ireland,False,349.0,236277.93,5.040447461644759,1.27446292839124,-2.9295525383552405,-6.69553707160876
Limerick,2023,2,2023 Q2,6.63,Republic of Ireland,False,379.0,228175.27,-3.429291935984036,5.475589993488184,-10.059291935984035,-1.1544100065118164
Limerick,2023,3,2023 Q3,6.23,Republic of Ireland,False,488.0,238174.61,4.382306636472921,3.90158450230349,-1.8476933635270791,-2.3284154976965104
Limerick,2023,4,2023 Q4,4.5,Republic of Ireland,False,486.0,249413.24,4.718651580871702,10.879921507940216,0.2186515808717022,6.379921507940216
Limerick,2024,1,2024 Q1,3.47,Republic of Ireland,False,332.0,240719.58,-3.4856449481190377,1.8798412530531383,-6.955644948119038,-1.590158746946862
Limerick,2024,2,2024 Q2,2.47,Republic of Ireland,False,377.0,270918.53,12.545281941751483,18.732643550723104,10.075281941751484,16.262643550723105
Limerick,2024,3,2024 Q3,1.53,Republic of Ireland,False,404.0,267766.4,-1.1634973805593862,12.424409973842309,-2.6934973805593865,10.89440997384231
Limerick,2024,4,2024 Q4,1.03,Republic of Ireland,False,424.0,273939.99,2.305588005067083,9.833780275658178,1.275588005067083,8.803780275658179
Limerick,2025,1,2025 Q1,1.9,Republic of Ireland,False,305.0,306263.83,11.79960618382152,27.228466417231225,9.89960618382152,25.328466417231223
Limerick,2025,2,2025 Q2,1.9,Republic of Ireland,False,382.0,292074.76,-4.63295649375246,7.8090745583183185,-6.53295649375246,5.909074558318318
Limerick,2025,3,2025 Q3,2.13,Republic of Ireland,False,380.0,293684.77,0.5512321571367496,9.679470613191189,-1.5787678428632503,7.549470613191189
Limerick,2025,4,2025 Q4,3.05,Republic of Ireland,False,168.0,298771.85,1.7321565568415354,9.06470793110563,-1.3178434431584645,6.01470793110563
Lisburn and Castlereagh,2010,1,2010 Q1,3.28,Northern Ireland,True,212.0,174534.27,,,,
Lisburn and Castlereagh,2010,2,2010 Q2,3.46,Northern Ireland,True,244.0,179473.02,2.8296735076727364,,-0.6303264923272636,
Lisburn and Castlereagh,2010,3,2010 Q3,3.09,Northern Ireland,True,238.0,184636.64,2.8771009703854267,,-0.2128990296145732,
Lisburn and Castlereagh,2010,4,2010 Q4,3.38,Northern Ireland,True,231.0,167592.29,-9.23129342041753,,-12.611293420417528,
Lisburn and Castlereagh,2011,1,2011 Q1,4.12,Northern Ireland,True,209.0,159107.28,-5.062888036197855,-8.83894607059117,-9.182888036197856,-12.958946070591171
Lisburn and Castlereagh,2011,2,2011 Q2,4.38,Northern Ireland,True,188.0,146103.32,-8.173076681343549,-18.593156787577318,-12.553076681343548,-22.973156787577317
Lisburn and Castlereagh,2011,3,2011 Q3,4.71,Northern Ireland,True,301.0,148946.61,1.946081718060877,-19.329874070498697,-2.763918281939123,-24.039874070498698
Lisburn and Castlereagh,2011,4,2011 Q4,4.65,Northern Ireland,True,270.0,149084.76,0.0927513556703507,-11.04318701057191,-4.55724864432965,-15.69318701057191
Lisburn and Castlereagh,2012,1,2012 Q1,3.49,Northern Ireland,True,313.0,144944.19,-2.7773261331339394,-8.901597714447762,-6.26732613313394,-12.391597714447762
Lisburn and Castlereagh,2012,2,2012 Q2,2.76,Northern Ireland,True,281.0,148272.42,2.296214839656563,1.484634298522436,-0.4637851603434368,-1.275365701477564
Lisburn and Castlereagh,2012,3,2012 Q3,2.41,Northern Ireland,True,307.0,151703.38,2.313956971903464,1.8508444065964411,-0.0960430280965365,-0.5591555934035588
Lisburn and Castlereagh,2012,4,2012 Q4,2.67,Northern Ireland,True,326.0,147461.24,-2.796338486327732,-1.0889912557125347,-5.466338486327732,-3.758991255712535
Lisburn and Castlereagh,2013,1,2013 Q1,2.78,Northern Ireland,True,297.0,135705.25,-7.97225765902958,-6.374136141641829,-10.75225765902958,-9.154136141641828
Lisburn and Castlereagh,2013,2,2013 Q2,2.68,Northern Ireland,True,395.0,137091.42,1.02145642854643,-7.540849471533551,-1.65854357145357,-10.220849471533551
Lisburn and Castlereagh,2013,3,2013 Q3,2.71,Northern Ireland,True,454.0,138938.84,1.347582510998846,-8.414143442288502,-1.362417489001154,-11.124143442288505
Lisburn and Castlereagh,2013,4,2013 Q4,2.1,Northern Ireland,True,514.0,141351.89,1.7367713736490265,-4.143020905018824,-0.3632286263509736,-6.243020905018824
Lisburn and Castlereagh,2014,1,2014 Q1,1.74,Northern Ireland,True,481.0,145281.38,2.7799345307657264,7.056565608183907,1.0399345307657264,5.3165656081839066
Lisburn and Castlereagh,2014,2,2014 Q2,1.72,Northern Ireland,True,496.0,154236.24,6.16380433610968,12.506121827317852,4.44380433610968,10.786121827317851
Lisburn and Castlereagh,2014,3,2014 Q3,1.46,Northern Ireland,True,529.0,156178.46,1.2592500958270358,12.408063864647213,-0.2007499041729641,10.94806386464721
Lisburn and Castlereagh,2014,4,2014 Q4,0.94,Northern Ireland,True,537.0,164512.66,5.336331271290562,16.385185935610757,4.396331271290562,15.445185935610755
Lisburn and Castlereagh,2015,1,2015 Q1,0.1,Northern Ireland,True,439.0,172691.25,4.97140463232435,18.86674672280784,4.87140463232435,18.766746722807834
Lisburn and Castlereagh,2015,2,2015 Q2,-0.02,Northern Ireland,True,554.0,183519.78,6.27045666760766,18.98616045100685,6.29045666760766,19.00616045100685
Lisburn and Castlereagh,2015,3,2015 Q3,0.01,Northern Ireland,True,584.0,187682.61,2.2683276974285738,20.17189182170192,2.258327697428574,20.161891821701914
Lisburn and Castlereagh,2015,4,2015 Q4,0.07,Northern Ireland,True,591.0,189519.88,0.9789239397299588,15.200787586803344,0.9089239397299588,15.130787586803343
Lisburn and Castlereagh,2016,1,2016 Q1,0.35,Northern Ireland,True,576.0,176539.0,-6.849350052353353,2.22810941492404,-7.199350052353353,1.87810941492404
Lisburn and Castlereagh,2016,2,2016 Q2,0.35,Northern Ireland,True,506.0,180762.16,2.392196625108345,-1.50262821805911,2.0421966251083448,-1.85262821805911
Lisburn and Castlereagh,2016,3,2016 Q3,0.73,Northern Ireland,True,612.0,168971.97,-6.522487892377482,-9.969298700609496,-7.252487892377482,-10.699298700609496
Lisburn and Castlereagh,2016,4,2016 Q4,1.21,Northern Ireland,True,621.0,163407.06,-3.29339238928208,-13.778406782444142,-4.503392389282079,-14.98840678244414
Lisburn and Castlereagh,2017,1,2017 Q1,2.14,Northern Ireland,True,505.0,164391.83,0.6026483800638749,-6.880728904094857,-1.5373516199361252,-9.020728904094858
Lisburn and Castlereagh,2017,2,2017 Q2,2.74,Northern Ireland,True,628.0,168108.22,2.260690205833238,-7.0003257318899,-0.4793097941667623,-9.7403257318899
Lisburn and Castlereagh,2017,3,2017 Q3,2.82,Northern Ireland,True,678.0,163313.09,-2.852406622353154,-3.349005163400776,-5.672406622353154,-6.169005163400776
Lisburn and Castlereagh,2017,4,2017 Q4,3.02,Northern Ireland,True,663.0,164259.2,0.5793228209692192,0.5214829763169337,-2.440677179030781,-2.4985170236830663
Lisburn and Castlereagh,2018,1,2018 Q1,2.72,Northern Ireland,True,564.0,166534.14,1.384969609008202,1.3031730348156856,-1.3350303909917982,-1.4168269651843146
Lisburn and Castlereagh,2018,2,2018 Q2,2.42,Northern Ireland,True,593.0,171574.68,3.0267307352114026,2.062040749702776,0.6067307352114026,-0.357959250297224
Lisburn and Castlereagh,2018,3,2018 Q3,2.52,Northern Ireland,True,605.0,170947.1,-0.365776581952526,4.674463020692343,-2.885776581952526,2.154463020692343
Lisburn and Castlereagh,2018,4,2018 Q4,2.27,Northern Ireland,True,662.0,173434.3,1.4549530234791774,5.585744968927142,-0.8150469765208226,3.315744968927142
Lisburn and Castlereagh,2019,1,2019 Q1,1.88,Northern Ireland,True,513.0,175303.63,1.077831778373728,5.265881218109381,-0.802168221626272,3.3858812181093807
Lisburn and Castlereagh,2019,2,2019 Q2,2.05,Northern Ireland,True,622.0,178686.36,1.92964058987255,4.144947261449072,-0.1203594101274498,2.0949472614490725
Lisburn and Castlereagh,2019,3,2019 Q3,1.83,Northern Ireland,True,661.0,175042.08,-2.039484155365856,2.395466199777574,-3.869484155365856,0.5654661997775738
Lisburn and Castlereagh,2019,4,2019 Q4,1.41,Northern Ireland,True,667.0,183110.55,4.609445911520238,5.579202037889863,3.199445911520238,4.169202037889863
Lisburn and Castlereagh,2020,1,2020 Q1,1.67,Northern Ireland,True,507.0,184301.78,0.6505523575785377,5.132894281766998,-1.0194476424214622,3.4628942817669977
Lisburn and Castlereagh,2020,2,2020 Q2,0.62,Northern Ireland,True,192.0,181942.9,-1.279900823529756,1.822489416651618,-1.899900823529756,1.202489416651618
Lisburn and Castlereagh,2020,3,2020 Q3,0.6,Northern Ireland,True,529.0,180708.6,-0.6783996517588653,3.237233012770435,-1.2783996517588654,2.637233012770435
Lisburn and Castlereagh,2020,4,2020 Q4,0.53,Northern Ireland,True,833.0,184424.3,2.056183269639611,0.7174627567881897,1.526183269639611,0.1874627567881897
Lisburn and Castlereagh,2021,1,2021 Q1,0.61,Northern Ireland,True,763.0,192643.96,4.456928940492122,4.526369739890734,3.846928940492122,3.9163697398907344
Lisburn and Castlereagh,2021,2,2021 Q2,2.05,Northern Ireland,True,852.0,200563.05,4.110738795028923,10.234062444865932,2.0607387950289238,8.184062444865933
Lisburn and Castlereagh,2021,3,2021 Q3,2.77,Northern Ireland,True,901.0,204426.49,1.9262969923921736,13.124937053355511,-0.8437030076078265,10.354937053355512
Lisburn and Castlereagh,2021,4,2021 Q4,4.91,Northern Ireland,True,643.0,208486.11,1.9858580950052,13.046984589340994,-2.9241419049948005,8.136984589340994
Lisburn and Castlereagh,2022,1,2022 Q1,6.22,Northern Ireland,True,563.0,215470.85,3.3502183910477434,11.849263273034882,-2.8697816089522563,5.629263273034883
Lisburn and Castlereagh,2022,2,2022 Q2,9.17,Northern Ireland,True,574.0,219620.55,1.9258753562256812,9.501999495919122,-7.2441246437743185,0.3319994959191223
Lisburn and Castlereagh,2022,3,2022 Q3,10.02,Northern Ireland,True,617.0,229791.92,4.631338005482655,12.40809349121048,-5.388661994517345,2.3880934912104816
Lisburn and Castlereagh,2022,4,2022 Q4,10.75,Northern Ireland,True,607.0,227865.48,-0.8383410522006196,9.2952811100941,-11.58834105220062,-1.4547188899058998
Lisburn and Castlereagh,2023,1,2023 Q1,10.18,Northern Ireland,True,449.0,219640.45,-3.609598961632976,1.9351109442414136,-13.789598961632976,-8.244889055758586
Lisburn and Castlereagh,2023,2,2023 Q2,8.43,Northern Ireland,True,417.0,223525.78,1.7689501182500678,1.77817148713999,-6.661049881749932,-6.65182851286001
Lisburn and Castlereagh,2023,3,2023 Q3,6.71,Northern Ireland,True,575.0,231588.6,3.607109658671148,0.7818725741096433,-3.102890341328852,-5.928127425890357
Lisburn and Castlereagh,2023,4,2023 Q4,4.18,Northern Ireland,True,491.0,225850.62,-2.477660817501381,-0.8842322233275635,-6.657660817501381,-5.064232223327563
Lisburn and Castlereagh,2024,1,2024 Q1,3.54,Northern Ireland,True,454.0,235028.99,4.0639118015261655,7.006241336693653,0.5239118015261655,3.4662413366936526
Lisburn and Castlereagh,2024,2,2024 Q2,2.1,Northern Ireland,True,511.0,241566.29,2.781486658305443,8.070885604336109,0.6814866583054431,5.970885604336109
Lisburn and Castlereagh,2024,3,2024 Q3,2.04,Northern Ireland,True,649.0,251932.83,4.291385192859476,8.78464224922988,2.251385192859476,6.744642249229879
Lisburn and Castlereagh,2024,4,2024 Q4,2.47,Northern Ireland,True,679.0,261670.93,3.865355698183514,15.86017784675553,1.3953556981835145,13.39017784675553
Lisburn and Castlereagh,2025,1,2025 Q1,2.8,Northern Ireland,True,657.0,264288.9,1.0004817883285888,12.449489741669751,-1.799518211671411,9.64948974166975
Lisburn and Castlereagh,2025,2,2025 Q2,3.49,Northern Ireland,True,470.0,257412.76,-2.601751341051406,6.5598846594034255,-6.091751341051406,3.0698846594034253
Lisburn and Castlereagh,2025,3,2025 Q3,3.8,Northern Ireland,True,515.0,261118.79,1.4397227239240085,3.646194106579914,-2.360277276075992,-0.1538058934200856
Longford,2010,1,2010 Q1,-3.37,Republic of Ireland,False,16.0,147593.75,,,,
Longford,2010,2,2010 Q2,-1.33,Republic of Ireland,False,20.0,92650.0,-37.22633919119204,,-35.89633919119204,
Longford,2010,3,2010 Q3,0.2,Republic of Ireland,False,23.0,134347.83,45.00575283324337,,44.80575283324337,
Longford,2010,4,2010 Q4,0.93,Republic of Ireland,False,20.0,125150.0,-6.846281030367207,,-7.7762810303672065,
Longford,2011,1,2011 Q1,2.27,Republic of Ireland,False,18.0,118027.78,-5.69094686376348,-20.03199322464535,-7.96094686376348,-22.30199322464535
Longford,2011,2,2011 Q2,2.87,Republic of Ireland,False,19.0,96581.58,-18.17046800338021,4.243475445223965,-21.040468003380216,1.3734754452239653
Longford,2011,3,2011 Q3,2.43,Republic of Ireland,False,23.0,81239.13,-15.88548251126146,-39.53074642143456,-18.31548251126146,-41.96074642143456
Longford,2011,4,2011 Q4,2.7,Republic of Ireland,False,20.0,89625.0,10.322451754468553,-28.385936875749096,7.622451754468552,-31.08593687574909
Longford,2012,1,2012 Q1,2.13,Republic of Ireland,False,19.0,84139.58,-6.120412831241284,-28.71205406049321,-8.250412831241285,-30.842054060493208
Longford,2012,2,2012 Q2,1.8,Republic of Ireland,False,23.0,80478.26,-4.351483570514625,-16.673282835091342,-6.151483570514625,-18.473282835091343
Longford,2012,3,2012 Q3,1.77,Republic of Ireland,False,36.0,89255.78,10.906697038430014,9.867966335927036,9.136697038430016,8.097966335927037
Longford,2012,4,2012 Q4,1.07,Republic of Ireland,False,56.0,72197.45,-19.111737077419523,-19.44496513249652,-20.181737077419523,-20.51496513249652
Longford,2013,1,2013 Q1,0.97,Republic of Ireland,False,29.0,65531.13,-9.233456306282283,-22.116166969219485,-10.203456306282284,-23.086166969219484
Longford,2013,2,2013 Q2,0.53,Republic of Ireland,False,48.0,59206.25,-9.651718198663753,-26.431995423360288,-10.18171819866375,-26.96199542336029
Longford,2013,3,2013 Q3,0.3,Republic of Ireland,False,40.0,74037.34,25.049872268552733,-17.05036917497108,24.74987226855273,-17.35036917497108
Longford,2013,4,2013 Q4,0.23,Republic of Ireland,False,59.0,66529.66,-10.140396724139457,-7.850401918627314,-10.370396724139455,-8.080401918627315
Longford,2014,1,2014 Q1,0.07,Republic of Ireland,False,46.0,58107.61,-12.659090697292008,-11.328234382651416,-12.729090697292008,-11.398234382651417
Longford,2014,2,2014 Q2,0.37,Republic of Ireland,False,61.0,62413.11,7.409528631447748,5.416421408212813,7.039528631447748,5.0464214082128125
Longford,2014,3,2014 Q3,0.37,Republic of Ireland,False,93.0,60506.59,-3.0546787365667294,-18.275575540666377,-3.424678736566729,-18.64557554066638
Longford,2014,4,2014 Q4,-0.03,Republic of Ireland,False,123.0,63750.2,5.360754919422828,-4.17777574693754,5.390754919422828,-4.14777574693754
Longford,2015,1,2015 Q1,-0.6,Republic of Ireland,False,107.0,60019.32,-5.85234242402376,3.289947736621768,-5.252342424023761,3.889947736621768
Longford,2015,2,2015 Q2,-0.43,Republic of Ireland,False,74.0,67243.81,12.03694077173816,7.739880291176004,12.46694077173816,8.169880291176005
Longford,2015,3,2015 Q3,-0.17,Republic of Ireland,False,79.0,70222.15,4.429166045172028,16.05702783779419,4.599166045172028,16.227027837794193
Longford,2015,4,2015 Q4,-0.07,Republic of Ireland,False,91.0,76995.19,9.64516181859998,20.776389721130293,9.71516181859998,20.846389721130294
Longford,2016,1,2016 Q1,-0.13,Republic of Ireland,False,73.0,74908.38,-2.710312163655937,24.80711210990063,-2.580312163655937,24.937112109900628
Longford,2016,2,2016 Q2,0.17,Republic of Ireland,False,91.0,68460.45,-8.607755233793613,1.8092966475278471,-8.777755233793613,1.6392966475278472
Longford,2016,3,2016 Q3,0.13,Republic of Ireland,False,78.0,87326.28,27.55726846668405,24.35717220278788,27.42726846668405,24.22717220278788
Longford,2016,4,2016 Q4,-0.07,Republic of Ireland,False,110.0,79651.42,-8.788717439927595,3.4498648551941846,-8.718717439927595,3.5198648551941845
Longford,2017,1,2017 Q1,0.57,Republic of Ireland,False,73.0,79073.29,-0.7258251014231831,5.560005435973903,-1.295825101423183,4.990005435973902
Longford,2017,2,2017 Q2,0.23,Republic of Ireland,False,79.0,89015.82,12.573816012967232,30.02517511935725,12.343816012967231,29.79517511935725
Longford,2017,3,2017 Q3,0.2,Republic of Ireland,False,74.0,97175.68,9.166752606446792,11.278849849094684,8.966752606446793,11.078849849094686
Longford,2017,4,2017 Q4,0.47,Republic of Ireland,False,95.0,96615.26,-0.5767080816928671,21.297598963081875,-1.046708081692867,20.82759896308188
Longford,2018,1,2018 Q1,0.23,Republic of Ireland,False,78.0,89659.27,-7.1996804645560015,13.387554760906006,-7.429680464556002,13.157554760906006
Longford,2018,2,2018 Q2,0.17,Republic of Ireland,False,90.0,88299.82,-1.5162403173704098,-0.8043514063005852,-1.6862403173704097,-0.9743514063005853
Longford,2018,3,2018 Q3,0.77,Republic of Ireland,False,91.0,101641.91,15.1099855016692,4.5960367861588525,14.3399855016692,3.826036786158853
Longford,2018,4,2018 Q4,0.73,Republic of Ireland,False,96.0,107595.83,5.857741162085595,11.365254308687888,5.127741162085595,10.635254308687887
Longford,2019,1,2019 Q1,0.83,Republic of Ireland,False,71.0,111478.87,3.608913096353272,24.33613389892644,2.778913096353272,23.50613389892644
Longford,2019,2,2019 Q2,1.17,Republic of Ireland,False,69.0,117442.85,5.3498748238119065,33.004631266519,4.179874823811907,31.834631266519
Longford,2019,3,2019 Q3,0.7,Republic of Ireland,False,107.0,123281.53,4.9715074182889785,21.290056434397965,4.271507418288978,20.590056434397965
Longford,2019,4,2019 Q4,1.03,Republic of Ireland,False,91.0,119957.15,-2.696575877992436,11.488660852376896,-3.726575877992436,10.458660852376898
Longford,2020,1,2020 Q1,1.03,Republic of Ireland,False,77.0,120776.79,0.6832773202764431,8.340522289111817,-0.3467226797235569,7.310522289111817
Longford,2020,2,2020 Q2,-0.3,Republic of Ireland,False,62.0,103567.73,-14.248648270913645,-11.8143590691132,-13.948648270913644,-11.5143590691132
Longford,2020,3,2020 Q3,-0.93,Republic of Ireland,False,73.0,109495.08,5.723162996813791,-11.18289982286884,6.653162996813791,-10.25289982286884
Longford,2020,4,2020 Q4,-1.13,Republic of Ireland,False,101.0,115274.22,5.277990572727109,-3.9038356613173897,6.407990572727109,-2.77383566131739
Longford,2021,1,2021 Q1,-0.23,Republic of Ireland,False,113.0,115813.56,0.4678756447018317,-4.109423673207402,0.6978756447018317,-3.8794236732074014
Longford,2021,2,2021 Q2,1.4,Republic of Ireland,False,113.0,119731.25,3.382755870728782,15.60671456253797,1.982755870728782,14.20671456253797
Longford,2021,3,2021 Q3,2.93,Republic of Ireland,False,113.0,133798.18,11.748753980268312,22.195609154310848,8.818753980268312,19.265609154310848
Longford,2021,4,2021 Q4,5.27,Republic of Ireland,False,146.0,150373.08,12.387986144505092,30.44814356583805,7.1179861445050925,25.17814356583805
Longford,2022,1,2022 Q1,5.77,Republic of Ireland,False,99.0,146015.15,-2.8980785656581576,26.077766714018622,-8.668078565658156,20.307766714018623
Longford,2022,2,2022 Q2,7.97,Republic of Ireland,False,103.0,149433.57,2.3411406282156437,24.807491778462172,-5.6288593717843565,16.837491778462176
Longford,2022,3,2022 Q3,8.7,Republic of Ireland,False,108.0,159122.28,6.483623458905519,18.927088544851657,-2.2163765410944807,10.227088544851656
Longford,2022,4,2022 Q4,8.8,Republic of Ireland,False,133.0,154128.47,-3.1383474394660493,2.4973818452079355,-11.93834743946605,-6.302618154792065
Longford,2023,1,2023 Q1,7.97,Republic of Ireland,False,90.0,160400.12,4.069105467666034,9.851696895835804,-3.900894532333965,1.8816968958358045
Longford,2023,2,2023 Q2,6.63,Republic of Ireland,False,88.0,177153.41,10.44468669973564,18.54994162288968,3.8146866997356392,11.919941622889676
Longford,2023,3,2023 Q3,6.23,Republic of Ireland,False,96.0,174593.75,-1.4448832794130229,9.723006734192086,-7.674883279413024,3.493006734192086
Longford,2023,4,2023 Q4,4.5,Republic of Ireland,False,118.0,187627.12,7.464969393234289,21.73423897609572,2.9649693932342887,17.23423897609572
Longford,2024,1,2024 Q1,3.47,Republic of Ireland,False,92.0,165407.97,-11.842184647933616,3.1220986617715774,-15.312184647933618,-0.3479013382284228
Longford,2024,2,2024 Q2,2.47,Republic of Ireland,False,83.0,168732.53,2.0099152416899857,-4.753439405992809,-0.4600847583100145,-7.22343940599281
Longford,2024,3,2024 Q3,1.53,Republic of Ireland,False,79.0,225702.53,33.76349539712349,29.27297225702523,32.23349539712349,27.74297225702523
Longford,2024,4,2024 Q4,1.03,Republic of Ireland,False,104.0,198974.04,-11.842352852668505,6.047590561535032,-12.872352852668502,5.017590561535032
Longford,2025,1,2025 Q1,1.9,Republic of Ireland,False,100.0,175535.0,-11.7799487812581,6.122455888915157,-13.6799487812581,4.222455888915157
Longford,2025,2,2025 Q2,1.9,Republic of Ireland,False,91.0,202466.48,15.342512889167416,19.99255863703342,13.442512889167414,18.09255863703342
Longford,2025,3,2025 Q3,2.13,Republic of Ireland,False,104.0,203627.4,0.5733887406942584,-9.7806302835861,-1.5566112593057415,-11.910630283586102
Longford,2025,4,2025 Q4,3.05,Republic of Ireland,False,35.0,181998.0,-10.622047916930622,-8.531786357657511,-13.672047916930625,-11.58178635765751
Louth,2010,1,2010 Q1,-3.37,Republic of Ireland,False,68.0,190250.0,,,,
Louth,2010,2,2010 Q2,-1.33,Republic of Ireland,False,67.0,174924.63,-8.055385019710904,,-6.725385019710904,
Louth,2010,3,2010 Q3,0.2,Republic of Ireland,False,94.0,176515.96,0.9097232333719952,,0.7097232333719952,
Louth,2010,4,2010 Q4,0.93,Republic of Ireland,False,96.0,153842.19,-12.84516708857374,,-13.775167088573738,
Louth,2011,1,2011 Q1,2.27,Republic of Ireland,False,74.0,164914.86,7.197420941550559,-13.316762155059136,4.927420941550558,-15.586762155059136
Louth,2011,2,2011 Q2,2.87,Republic of Ireland,False,65.0,140030.77,-15.089052617817456,-19.947939864157505,-17.959052617817456,-22.817939864157506
Louth,2011,3,2011 Q3,2.43,Republic of Ireland,False,84.0,147512.13,5.342654332329966,-16.431279075274553,2.9126543323299656,-18.861279075274552
Louth,2011,4,2011 Q4,2.7,Republic of Ireland,False,108.0,131012.18,-11.185486915550612,-14.839888849736216,-13.885486915550612,-17.539888849736215
Louth,2012,1,2012 Q1,2.13,Republic of Ireland,False,89.0,121493.12,-7.265782463890003,-26.32979223339849,-9.395782463890002,-28.459792233398485
Louth,2012,2,2012 Q2,1.8,Republic of Ireland,False,85.0,114444.12,-5.801974630332973,-18.272162611117537,-7.601974630332973,-20.072162611117538
Louth,2012,3,2012 Q3,1.77,Republic of Ireland,False,116.0,127347.13,11.274506719960796,-13.670062251829728,9.504506719960798,-15.440062251829728
Louth,2012,4,2012 Q4,1.07,Republic of Ireland,False,157.0,123363.82,-3.1279150146532486,-5.837899957087944,-4.1979150146532485,-6.9078999570879445
Louth,2013,1,2013 Q1,0.97,Republic of Ireland,False,101.0,110940.1,-10.070797094318252,-8.686105023889413,-11.040797094318252,-9.656105023889411
Louth,2013,2,2013 Q2,0.53,Republic of Ireland,False,127.0,120930.12,9.004877406816814,5.667394707565587,8.474877406816814,5.137394707565587
Louth,2013,3,2013 Q3,0.3,Republic of Ireland,False,142.0,112354.03,-7.091773331573636,-11.77341020563244,-7.391773331573636,-12.07341020563244
Louth,2013,4,2013 Q4,0.23,Republic of Ireland,False,199.0,128362.14,14.24791794295228,4.051690357837479,14.01791794295228,3.821690357837479
Louth,2014,1,2014 Q1,0.07,Republic of Ireland,False,146.0,103922.12,-19.039897589741027,-6.32591822073354,-19.109897589741028,-6.39591822073354
Louth,2014,2,2014 Q2,0.37,Republic of Ireland,False,167.0,119164.07,14.66670425892005,-1.460388859285,14.29670425892005,-1.830388859285
Louth,2014,3,2014 Q3,0.37,Republic of Ireland,False,246.0,128637.8,7.950156452360169,14.493267397707063,7.580156452360168,14.123267397707066
Louth,2014,4,2014 Q4,-0.03,Republic of Ireland,False,333.0,123444.91,-4.036830542810899,-3.8307479136761033,-4.006830542810898,-3.800747913676103
Louth,2015,1,2015 Q1,-0.6,Republic of Ireland,False,187.0,133133.71,7.84868327094248,28.10911671162981,8.44868327094248,28.70911671162981
Louth,2015,2,2015 Q2,-0.43,Republic of Ireland,False,203.0,134508.52,1.0326535630983402,12.87674212537384,1.4626535630983402,13.30674212537384
Louth,2015,3,2015 Q3,-0.17,Republic of Ireland,False,280.0,135904.26,1.0376591757905065,5.648775087882418,1.2076591757905062,5.818775087882418
Louth,2015,4,2015 Q4,-0.07,Republic of Ireland,False,297.0,145143.63,6.798440313791487,17.577654680132216,6.868440313791488,17.647654680132216
Louth,2016,1,2016 Q1,-0.13,Republic of Ireland,False,177.0,130829.48,-9.86205870695118,-1.7307637562267275,-9.73205870695118,-1.6007637562267276
Louth,2016,2,2016 Q2,0.17,Republic of Ireland,False,240.0,146308.81,11.831683501302614,8.772894088790807,11.661683501302614,8.602894088790807
Louth,2016,3,2016 Q3,0.13,Republic of Ireland,False,255.0,153488.21,4.907018244492578,12.938483311707794,4.777018244492578,12.808483311707793
Louth,2016,4,2016 Q4,-0.07,Republic of Ireland,False,293.0,169185.03,10.226726860649428,16.56386849357425,10.296726860649429,16.63386849357425
Louth,2017,1,2017 Q1,0.57,Republic of Ireland,False,231.0,397643.16,135.0344826607886,203.94002941844604,134.4644826607886,203.37002941844605
Louth,2017,2,2017 Q2,0.23,Republic of Ireland,False,221.0,161092.9,-59.4880746848506,10.10471618216291,-59.7180746848506,9.87471618216291
Louth,2017,3,2017 Q3,0.2,Republic of Ireland,False,256.0,182207.57,13.107138800034024,18.711117941892752,12.907138800034025,18.511117941892756
Louth,2017,4,2017 Q4,0.47,Republic of Ireland,False,292.0,179074.58,-1.7194620399141547,5.845404880088978,-2.1894620399141544,5.375404880088978
Louth,2018,1,2018 Q1,0.23,Republic of Ireland,False,202.0,189675.24,5.919689997318445,-52.30013764099451,5.689689997318444,-52.5301376409945
Louth,2018,2,2018 Q2,0.17,Republic of Ireland,False,217.0,180604.42,-4.782289981549504,12.111967690692785,-4.952289981549503,11.941967690692785
Louth,2018,3,2018 Q3,0.77,Republic of Ireland,False,252.0,194141.98,7.495696949166586,6.549898009177113,6.725696949166586,5.7798980091771135
Louth,2018,4,2018 Q4,0.73,Republic of Ireland,False,324.0,190708.48,-1.7685510367206558,6.496678646405329,-2.498551036720656,5.76667864640533
Louth,2019,1,2019 Q1,0.83,Republic of Ireland,False,233.0,188267.06,-1.280184289655084,-0.742416353341635,-2.110184289655084,-1.572416353341635
Louth,2019,2,2019 Q2,1.17,Republic of Ireland,False,252.0,211750.1,12.4732600594071,17.24524792914812,11.3032600594071,16.07524792914812
Louth,2019,3,2019 Q3,0.7,Republic of Ireland,False,272.0,187966.88,-11.231739678045017,-3.1807134139664184,-11.931739678045016,-3.8807134139664186
Louth,2019,4,2019 Q4,1.03,Republic of Ireland,False,265.0,191547.43,1.9048834560641656,0.4399122681906897,0.8748834560641658,-0.5900877318093103
Louth,2020,1,2020 Q1,1.03,Republic of Ireland,False,235.0,191852.62,0.1593286842846097,1.9045073524810885,-0.8706713157153902,0.8745073524810885
Louth,2020,2,2020 Q2,-0.3,Republic of Ireland,False,144.0,189804.49,-1.0675538337709511,-10.363919544784162,-0.7675538337709511,-10.06391954478416
Louth,2020,3,2020 Q3,-0.93,Republic of Ireland,False,201.0,205273.34,8.149886232933689,9.207185861679456,9.079886232933688,10.137185861679455
Louth,2020,4,2020 Q4,-1.13,Republic of Ireland,False,364.0,194629.64,-5.185135098400984,1.6091105999177513,-4.055135098400984,2.739110599917751
Louth,2021,1,2021 Q1,-0.23,Republic of Ireland,False,224.0,210183.33,7.991429260209282,9.554578926261216,8.221429260209282,9.784578926261217
Louth,2021,2,2021 Q2,1.4,Republic of Ireland,False,246.0,213443.17,1.5509507818721957,12.454225924792418,0.1509507818721958,11.054225924792418
Louth,2021,3,2021 Q3,2.93,Republic of Ireland,False,287.0,222982.47,4.4692458418791325,8.627096923545952,1.5392458418791324,5.697096923545953
Louth,2021,4,2021 Q4,5.27,Republic of Ireland,False,343.0,229804.21,3.0593167256600884,18.072565925724348,-2.210683274339911,12.802565925724348
Louth,2022,1,2022 Q1,5.77,Republic of Ireland,False,243.0,229570.59,-0.101660452608765,9.223976040345349,-5.871660452608765,3.453976040345349
Louth,2022,2,2022 Q2,7.97,Republic of Ireland,False,269.0,238821.74,4.029762697390815,11.890082966814996,-3.9402373026091846,3.9200829668149977
Louth,2022,3,2022 Q3,8.7,Republic of Ireland,False,295.0,238760.06,-0.0258267944953427,7.075708686875704,-8.725826794495342,-1.6242913131242958
Louth,2022,4,2022 Q4,8.8,Republic of Ireland,False,368.0,247775.18,3.775807394251785,7.820122181399558,-5.024192605748216,-0.9798778186004428
Louth,2023,1,2023 Q1,7.97,Republic of Ireland,False,255.0,241073.17,-2.7048754439407463,5.010476298379518,-10.674875443940746,-2.9595237016204816
Louth,2023,2,2023 Q2,6.63,Republic of Ireland,False,257.0,248553.77,3.10304128825285,4.075018463561975,-3.5269587117471497,-2.5549815364380253
Louth,2023,3,2023 Q3,6.23,Republic of Ireland,False,284.0,251325.7,1.1152234786058646,5.262873530857726,-5.114776521394136,-0.9671264691422748
Louth,2023,4,2023 Q4,4.5,Republic of Ireland,False,303.0,272571.13,8.453345598957851,10.007439001759575,3.953345598957851,5.507439001759577
Louth,2024,1,2024 Q1,3.47,Republic of Ireland,False,194.0,258342.36,-5.220204355464942,7.163464105109663,-8.690204355464942,3.6934641051096624
Louth,2024,2,2024 Q2,2.47,Republic of Ireland,False,226.0,269984.81,4.5065973694751404,8.622295288460124,2.0365973694751403,6.152295288460124
Louth,2024,3,2024 Q3,1.53,Republic of Ireland,False,272.0,277359.07,2.731361071758087,10.358419373744908,1.2013610717580872,8.828419373744909
Louth,2024,4,2024 Q4,1.03,Republic of Ireland,False,332.0,282933.07,2.009669270956227,3.8015544786419664,0.9796692709562268,2.771554478641966
Louth,2025,1,2025 Q1,1.9,Republic of Ireland,False,234.0,280162.22,-0.9793305533354668,8.446102296193313,-2.8793305533354667,6.546102296193313
Louth,2025,2,2025 Q2,1.9,Republic of Ireland,False,235.0,292448.94,4.3855734723975415,8.320516254229272,2.4855734723975416,6.420516254229272
Louth,2025,3,2025 Q3,2.13,Republic of Ireland,False,284.0,303535.11,3.790805328273717,9.437600147707448,1.6608053282737163,7.307600147707448
Louth,2025,4,2025 Q4,3.05,Republic of Ireland,False,106.0,299298.74,-1.3956770931705331,5.784290256349323,-4.4456770931705325,2.7342902563493228
Mayo,2010,1,2010 Q1,-3.37,Republic of Ireland,False,52.0,149654.19,,,,
Mayo,2010,2,2010 Q2,-1.33,Republic of Ireland,False,66.0,161844.7,8.145785961622586,,9.475785961622586,
Mayo,2010,3,2010 Q3,0.2,Republic of Ireland,False,83.0,166071.08,2.611379921616197,,2.411379921616197,
Mayo,2010,4,2010 Q4,0.93,Republic of Ireland,False,90.0,141693.09,-14.679250595588345,,-15.609250595588344,
Mayo,2011,1,2011 Q1,2.27,Republic of Ireland,False,57.0,135399.12,-4.441973846431047,-9.52533971818631,-6.711973846431047,-11.795339718186309
Mayo,2011,2,2011 Q2,2.87,Republic of Ireland,False,55.0,139301.18,2.8818946533773597,-13.92910611221746,0.0118946533773591,-16.79910611221746
Mayo,2011,3,2011 Q3,2.43,Republic of Ireland,False,84.0,127303.1,-8.613049796132366,-23.34420899773758,-11.043049796132363,-25.77420899773758
Mayo,2011,4,2011 Q4,2.7,Republic of Ireland,False,110.0,140595.33,10.44140323369971,-0.7747449081673685,7.741403233699709,-3.4747449081673687
Mayo,2012,1,2012 Q1,2.13,Republic of Ireland,False,75.0,114254.93,-18.73490392604078,-15.616194551338303,-20.86490392604078,-17.746194551338302
Mayo,2012,2,2012 Q2,1.8,Republic of Ireland,False,82.0,105189.02,-7.934808589878783,-24.4880624844671,-9.734808589878783,-26.2880624844671
Mayo,2012,3,2012 Q3,1.77,Republic of Ireland,False,107.0,108296.84,2.9545098908612344,-14.929927079544814,1.1845098908612344,-16.699927079544814
Mayo,2012,4,2012 Q4,1.07,Republic of Ireland,False,142.0,116652.04,7.715091225191784,-17.02993264427772,6.645091225191783,-18.09993264427772
Mayo,2013,1,2013 Q1,0.97,Republic of Ireland,False,79.0,102004.19,-12.556874273266027,-10.722285681676924,-13.526874273266028,-11.692285681676925
Mayo,2013,2,2013 Q2,0.53,Republic of Ireland,False,89.0,105337.54,3.267855957681731,0.1411934439545126,2.737855957681731,-0.3888065560454874
Mayo,2013,3,2013 Q3,0.3,Republic of Ireland,False,137.0,102349.93,-2.8362253380893487,-5.491305194131247,-3.136225338089349,-5.791305194131247
Mayo,2013,4,2013 Q4,0.23,Republic of Ireland,False,132.0,117762.99,15.05917981575562,0.9523622561594448,14.82917981575562,0.7223622561594447
Mayo,2014,1,2014 Q1,0.07,Republic of Ireland,False,114.0,94140.23,-20.059578989969605,-7.709448013851206,-20.129578989969605,-7.779448013851206
Mayo,2014,2,2014 Q2,0.37,Republic of Ireland,False,188.0,92874.56,-1.3444517821976865,-11.831470527980814,-1.7144517821976866,-12.201470527980812
Mayo,2014,3,2014 Q3,0.37,Republic of Ireland,False,235.0,91399.91,-1.587786795436763,-10.698610150490564,-1.9577867954367631,-11.068610150490562
Mayo,2014,4,2014 Q4,-0.03,Republic of Ireland,False,272.0,94538.34,3.4337342345304167,-19.721518619729352,3.4637342345304165,-19.69151861972935
Mayo,2015,1,2015 Q1,-0.6,Republic of Ireland,False,219.0,98602.43,4.298880221505885,4.739950178579333,4.898880221505885,5.339950178579333
Mayo,2015,2,2015 Q2,-0.43,Republic of Ireland,False,241.0,104974.06,6.461940136769462,13.027787157215066,6.8919401367694615,13.457787157215066
Mayo,2015,3,2015 Q3,-0.17,Republic of Ireland,False,266.0,106580.42,1.530244709978823,16.608889439825482,1.700244709978823,16.778889439825484
Mayo,2015,4,2015 Q4,-0.07,Republic of Ireland,False,312.0,96101.94,-9.831524401949244,1.653932150702042,-9.761524401949243,1.7239321507020422
Mayo,2016,1,2016 Q1,-0.13,Republic of Ireland,False,232.0,97522.08,1.477743321310676,-1.0956626525329916,1.607743321310676,-0.9656626525329916
Mayo,2016,2,2016 Q2,0.17,Republic of Ireland,False,227.0,109526.6,12.309540567633515,4.336823782942201,12.139540567633516,4.166823782942201
Mayo,2016,3,2016 Q3,0.13,Republic of Ireland,False,258.0,112598.03,2.804277682316436,5.646074579176919,2.6742776823164363,5.516074579176919
Mayo,2016,4,2016 Q4,-0.07,Republic of Ireland,False,292.0,104187.02,-7.46994418996495,8.413024752674092,-7.39994418996495,8.483024752674092
Mayo,2017,1,2017 Q1,0.57,Republic of Ireland,False,219.0,105372.39,1.137732896093957,8.049777035108363,0.567732896093957,7.479777035108363
Mayo,2017,2,2017 Q2,0.23,Republic of Ireland,False,261.0,116969.75,11.00607094514987,6.795746421417248,10.77607094514987,6.565746421417248
Mayo,2017,3,2017 Q3,0.2,Republic of Ireland,False,269.0,120391.14,2.9250212127494457,6.9211779282461805,2.725021212749445,6.72117792824618
Mayo,2017,4,2017 Q4,0.47,Republic of Ireland,False,314.0,125823.71,4.512433390031867,20.76716466216233,4.042433390031867,20.29716466216233
Mayo,2018,1,2018 Q1,0.23,Republic of Ireland,False,218.0,117942.38,-6.263787643839147,11.929111601245834,-6.493787643839148,11.699111601245834
Mayo,2018,2,2018 Q2,0.17,Republic of Ireland,False,270.0,120991.58,2.585330226505511,3.4383505137011827,2.415330226505511,3.268350513701183
Mayo,2018,3,2018 Q3,0.77,Republic of Ireland,False,278.0,122665.34,1.3833689914620528,1.8890094403956947,0.6133689914620528,1.1190094403956947
Mayo,2018,4,2018 Q4,0.73,Republic of Ireland,False,289.0,133948.58,9.198392960880389,6.457344168281143,8.468392960880387,5.727344168281142
Mayo,2019,1,2019 Q1,0.83,Republic of Ireland,False,236.0,115587.41,-13.7076257172715,-1.9967122929009928,-14.5376257172715,-2.826712292900993
Mayo,2019,2,2019 Q2,1.17,Republic of Ireland,False,251.0,131762.94,13.994197118873064,8.902569914369241,12.824197118873064,7.7325699143692415
Mayo,2019,3,2019 Q3,0.7,Republic of Ireland,False,269.0,134434.09,2.0272392221970748,9.59419343720076,1.3272392221970748,8.89419343720076
Mayo,2019,4,2019 Q4,1.03,Republic of Ireland,False,312.0,131897.28,-1.887028803482804,-1.5314085449804615,-2.917028803482804,-2.5614085449804618
Mayo,2020,1,2020 Q1,1.03,Republic of Ireland,False,240.0,132394.19,0.3767401420256666,14.540320611042334,-0.6532598579743334,13.510320611042337
Mayo,2020,2,2020 Q2,-0.3,Republic of Ireland,False,165.0,126163.47,-4.706188390895405,-4.249654720819073,-4.406188390895405,-3.9496547208190735
Mayo,2020,3,2020 Q3,-0.93,Republic of Ireland,False,242.0,117848.57,-6.590576495716228,-12.337287365131855,-5.660576495716228,-11.407287365131856
Mayo,2020,4,2020 Q4,-1.13,Republic of Ireland,False,343.0,141326.73,19.92231216721594,7.1490860160270175,21.052312167215938,8.279086016027017
Mayo,2021,1,2021 Q1,-0.23,Republic of Ireland,False,259.0,143064.47,1.2295904674225475,8.05947753447489,1.4595904674225475,8.28947753447489
Mayo,2021,2,2021 Q2,1.4,Republic of Ireland,False,312.0,149191.92,4.282999126198139,18.252866697467997,2.88299912619814,16.852866697467995
Mayo,2021,3,2021 Q3,2.93,Republic of Ireland,False,350.0,159274.66,6.758234628255999,35.15196662971811,3.828234628255999,32.22196662971811
Mayo,2021,4,2021 Q4,5.27,Republic of Ireland,False,347.0,164654.16,3.377498969390369,16.50602826514134,-1.8925010306096304,11.23602826514134
Mayo,2022,1,2022 Q1,5.77,Republic of Ireland,False,256.0,157200.34,-4.52695516469187,9.88076913855691,-10.29695516469187,4.110769138556911
Mayo,2022,2,2022 Q2,7.97,Republic of Ireland,False,317.0,166517.49,5.926927384508196,11.612941237032114,-2.043072615491804,3.6429412370321135
Mayo,2022,3,2022 Q3,8.7,Republic of Ireland,False,334.0,190014.31,14.110721942782112,19.299774364610165,5.4107219427821125,10.599774364610166
Mayo,2022,4,2022 Q4,8.8,Republic of Ireland,False,332.0,194497.02,2.35914337188603,18.124570918827665,-6.440856628113971,9.324570918827664
Mayo,2023,1,2023 Q1,7.97,Republic of Ireland,False,234.0,179730.48,-7.592167736040367,14.332119129004427,-15.562167736040369,6.362119129004429
Mayo,2023,2,2023 Q2,6.63,Republic of Ireland,False,287.0,188712.08,4.997260342263576,13.328683971875876,-1.6327396577364237,6.698683971875876
Mayo,2023,3,2023 Q3,6.23,Republic of Ireland,False,346.0,184869.45,-2.0362395454493254,-2.7076171263101134,-8.266239545449325,-8.937617126310114
Mayo,2023,4,2023 Q4,4.5,Republic of Ireland,False,348.0,202651.65,9.618787744540793,4.19267606259468,5.118787744540791,-0.3073239374053198
Mayo,2024,1,2024 Q1,3.47,Republic of Ireland,False,229.0,190108.26,-6.189631320544386,5.774079054370751,-9.659631320544388,2.304079054370751
Mayo,2024,2,2024 Q2,2.47,Republic of Ireland,False,293.0,195153.38,2.653814200392968,3.4132950047500943,0.1838142003929674,0.943295004750094
Mayo,2024,3,2024 Q3,1.53,Republic of Ireland,False,308.0,204366.38,4.720902092497714,10.54632336494754,3.190902092497714,9.01632336494754
Mayo,2024,4,2024 Q4,1.03,Republic of Ireland,False,322.0,212627.59,4.042352758805046,4.922703565453324,3.0123527588050454,3.8927035654533233
Mayo,2025,1,2025 Q1,1.9,Republic of Ireland,False,246.0,203480.3,-4.302024022376405,7.033907942769013,-6.2020240223764045,5.133907942769014
Mayo,2025,2,2025 Q2,1.9,Republic of Ireland,False,307.0,200127.52,-1.6477172483036484,2.548836202580751,-3.5477172483036483,0.648836202580751
Mayo,2025,3,2025 Q3,2.13,Republic of Ireland,False,296.0,230588.62,15.220845189107424,12.830995000253951,13.090845189107425,10.700995000253954
Mayo,2025,4,2025 Q4,3.05,Republic of Ireland,False,115.0,230342.26,-0.1068396176706287,8.331312977774896,-3.1568396176706286,5.281312977774896
Meath,2010,1,2010 Q1,-3.37,Republic of Ireland,False,93.0,227653.23,,,,
Meath,2010,2,2010 Q2,-1.33,Republic of Ireland,False,119.0,260907.14,14.607264742081629,,15.937264742081627,
Meath,2010,3,2010 Q3,0.2,Republic of Ireland,False,164.0,226997.05,-12.99699578938316,,-13.19699578938316,
Meath,2010,4,2010 Q4,0.93,Republic of Ireland,False,122.0,218207.76,-3.8719842394427495,,-4.801984239442749,
Meath,2011,1,2011 Q1,2.27,Republic of Ireland,False,76.0,216624.22,-0.7257028805941701,-4.844653423103207,-2.99570288059417,-7.114653423103206
Meath,2011,2,2011 Q2,2.87,Republic of Ireland,False,92.0,187309.04,-13.53273424365936,-28.208541935648068,-16.40273424365936,-31.07854193564807
Meath,2011,3,2011 Q3,2.43,Republic of Ireland,False,116.0,196421.42,4.864890664113175,-13.4696155742993,2.434890664113175,-15.8996155742993
Meath,2011,4,2011 Q4,2.7,Republic of Ireland,False,128.0,187826.98,-4.375510573134034,-13.922868737573769,-7.075510573134034,-16.622868737573768
Meath,2012,1,2012 Q1,2.13,Republic of Ireland,False,90.0,158421.95,-15.655381351497,-26.867849772292303,-17.785381351496998,-28.997849772292305
Meath,2012,2,2012 Q2,1.8,Republic of Ireland,False,127.0,184240.38,16.29725552551271,-1.6382871857119174,14.49725552551271,-3.4382871857119177
Meath,2012,3,2012 Q3,1.77,Republic of Ireland,False,152.0,172542.76,-6.349107616907867,-12.156851325074424,-8.119107616907867,-13.926851325074423
Meath,2012,4,2012 Q4,1.07,Republic of Ireland,False,206.0,168432.52,-2.382157327261958,-10.325705071763393,-3.4521573272619577,-11.395705071763391
Meath,2013,1,2013 Q1,0.97,Republic of Ireland,False,111.0,133288.05,-20.865608375389744,-15.865162624244944,-21.835608375389743,-16.835162624244944
Meath,2013,2,2013 Q2,0.53,Republic of Ireland,False,160.0,155280.06,16.49961118044716,-15.718769142790524,15.969611180447162,-16.248769142790522
Meath,2013,3,2013 Q3,0.3,Republic of Ireland,False,201.0,163353.16,5.199057754099279,-5.325984121269423,4.899057754099279,-5.625984121269423
Meath,2013,4,2013 Q4,0.23,Republic of Ireland,False,280.0,159474.55,-2.37437096411236,-5.318432568722475,-2.60437096411236,-5.548432568722475
Meath,2014,1,2014 Q1,0.07,Republic of Ireland,False,173.0,171625.31,7.61924708362558,28.762713536584883,7.54924708362558,28.692713536584883
Meath,2014,2,2014 Q2,0.37,Republic of Ireland,False,244.0,175915.47,2.499724545289972,13.289156379769553,2.129724545289972,12.919156379769552
Meath,2014,3,2014 Q3,0.37,Republic of Ireland,False,353.0,187986.62,6.861903617686371,15.079879691338682,6.491903617686371,14.709879691338683
Meath,2014,4,2014 Q4,-0.03,Republic of Ireland,False,495.0,176722.33,-5.99207007392335,10.815380886793546,-5.96207007392335,10.845380886793546
Meath,2015,1,2015 Q1,-0.6,Republic of Ireland,False,262.0,192666.83,9.02234595933633,12.260149741317283,9.62234595933633,12.860149741317285
Meath,2015,2,2015 Q2,-0.43,Republic of Ireland,False,270.0,185239.41,-3.8550590156073983,5.300238802192903,-3.425059015607398,5.730238802192902
Meath,2015,3,2015 Q3,-0.17,Republic of Ireland,False,344.0,198313.92,7.058168669399234,5.493635664070151,7.228168669399234,5.663635664070151
Meath,2015,4,2015 Q4,-0.07,Republic of Ireland,False,382.0,211067.25,6.43087988982316,19.43439745277238,6.50087988982316,19.50439745277238
Meath,2016,1,2016 Q1,-0.13,Republic of Ireland,False,214.0,196292.92,-6.999821147051466,1.882052037706772,-6.869821147051466,2.012052037706772
Meath,2016,2,2016 Q2,0.17,Republic of Ireland,False,276.0,197981.46,0.8602144183294858,6.878692822439891,0.6902144183294857,6.708692822439891
Meath,2016,3,2016 Q3,0.13,Republic of Ireland,False,324.0,210288.14,6.216077000341347,6.03801286364567,6.086077000341347,5.90801286364567
Meath,2016,4,2016 Q4,-0.07,Republic of Ireland,False,388.0,218552.79,3.9301550719883727,3.5465189412379194,4.000155071988373,3.6165189412379193
Meath,2017,1,2017 Q1,0.57,Republic of Ireland,False,269.0,218766.3,0.0976926444178349,11.448899939946887,-0.4723073555821649,10.878899939946889
Meath,2017,2,2017 Q2,0.23,Republic of Ireland,False,337.0,216915.63,-0.8459575355070581,9.56360762265316,-1.075957535507058,9.333607622653158
Meath,2017,3,2017 Q3,0.2,Republic of Ireland,False,350.0,231613.95,6.776053897084311,10.141232881702212,6.576053897084311,9.941232881702213
Meath,2017,4,2017 Q4,0.47,Republic of Ireland,False,418.0,238791.57,3.0989584176600804,9.26036222186868,2.6289584176600806,8.790362221868678
Meath,2018,1,2018 Q1,0.23,Republic of Ireland,False,266.0,233782.39,-2.097720618864385,6.863986820639201,-2.327720618864385,6.6339868206392
Meath,2018,2,2018 Q2,0.17,Republic of Ireland,False,321.0,224177.33,-4.108547269107832,3.347707124654864,-4.278547269107832,3.177707124654864
Meath,2018,3,2018 Q3,0.77,Republic of Ireland,False,356.0,248817.0,10.99115151384844,7.4274671279514815,10.22115151384844,6.657467127951481
Meath,2018,4,2018 Q4,0.73,Republic of Ireland,False,497.0,250781.43,0.7895079516270886,5.021056647854016,0.0595079516270886,4.291056647854017
Meath,2019,1,2019 Q1,0.83,Republic of Ireland,False,269.0,247105.58,-1.4657584494992326,5.698970739412834,-2.2957584494992327,4.868970739412834
Meath,2019,2,2019 Q2,1.17,Republic of Ireland,False,328.0,249520.44,0.9772583848572048,11.304938817854616,-0.1927416151427952,10.134938817854616
Meath,2019,3,2019 Q3,0.7,Republic of Ireland,False,371.0,255819.96,2.524650886316171,2.8145022245264606,1.824650886316171,2.1145022245264604
Meath,2019,4,2019 Q4,1.03,Republic of Ireland,False,420.0,254172.27,-0.6440818769575252,1.3521096837193936,-1.6740818769575252,0.3221096837193935
Meath,2020,1,2020 Q1,1.03,Republic of Ireland,False,306.0,247694.73,-2.5484841442380723,0.2384203545707119,-3.5784841442380726,-0.791579645429288
Meath,2020,2,2020 Q2,-0.3,Republic of Ireland,False,211.0,239173.46,-3.440230641968045,-4.146746454919692,-3.140230641968045,-3.846746454919692
Meath,2020,3,2020 Q3,-0.93,Republic of Ireland,False,264.0,249652.83,4.381493665726954,-2.4107305778642174,5.311493665726954,-1.4807305778642172
Meath,2020,4,2020 Q4,-1.13,Republic of Ireland,False,506.0,261774.68,4.855482711732129,2.9910461908374097,5.9854827117321285,4.12104619083741
Meath,2021,1,2021 Q1,-0.23,Republic of Ireland,False,337.0,262051.05,0.1055755277783232,5.7959731319273455,0.3355755277783232,6.025973131927346
Meath,2021,2,2021 Q2,1.4,Republic of Ireland,False,326.0,282554.92,7.824380020610477,18.138074349888143,6.424380020610478,16.738074349888144
Meath,2021,3,2021 Q3,2.93,Republic of Ireland,False,399.0,288867.27,2.234025866546596,15.707588814434835,-0.695974133453404,12.777588814434836
Meath,2021,4,2021 Q4,5.27,Republic of Ireland,False,452.0,297420.33,2.960896192912399,13.616920475272876,-2.3091038070876007,8.346920475272876
Meath,2022,1,2022 Q1,5.77,Republic of Ireland,False,344.0,308813.95,3.830814120877335,17.844958072100848,-1.9391858791226648,12.074958072100848
Meath,2022,2,2022 Q2,7.97,Republic of Ireland,False,375.0,300177.48,-2.796657987762541,6.236861846185504,-10.76665798776254,-1.7331381538144957
Meath,2022,3,2022 Q3,8.7,Republic of Ireland,False,437.0,311424.93,3.746933314251288,7.809005153127924,-4.953066685748711,-0.8909948468720756
Meath,2022,4,2022 Q4,8.8,Republic of Ireland,False,487.0,314122.69,0.8662633399323605,5.615742541876667,-7.93373666006764,-3.1842574581233336
Meath,2023,1,2023 Q1,7.97,Republic of Ireland,False,338.0,317213.76,0.98403270390941,2.7200228487087363,-6.98596729609059,-5.249977151291263
Meath,2023,2,2023 Q2,6.63,Republic of Ireland,False,365.0,326271.45,2.8553900057803228,8.692847311530505,-3.774609994219677,2.062847311530505
Meath,2023,3,2023 Q3,6.23,Republic of Ireland,False,464.0,326829.93,0.1711703552364163,4.946617472146508,-6.058829644763584,-1.283382527853492
Meath,2023,4,2023 Q4,4.5,Republic of Ireland,False,468.0,339091.65,3.7517127026891472,7.948792237835489,-0.7482872973108528,3.448792237835489
Meath,2024,1,2024 Q1,3.47,Republic of Ireland,False,333.0,333198.5,-1.7379224761211345,5.039106752493971,-5.207922476121135,1.5691067524939712
Meath,2024,2,2024 Q2,2.47,Republic of Ireland,False,308.0,335999.16,0.8405379976200278,2.9814775396376225,-1.6294620023799724,0.5114775396376223
Meath,2024,3,2024 Q3,1.53,Republic of Ireland,False,489.0,341072.44,1.509908536676119,4.357774087581268,-0.0200914633238811,2.827774087581268
Meath,2024,4,2024 Q4,1.03,Republic of Ireland,False,452.0,364939.82,6.997745112445908,7.622768062852625,5.967745112445908,6.592768062852625
Meath,2025,1,2025 Q1,1.9,Republic of Ireland,False,321.0,348130.85,-4.605956675267731,4.481517773939547,-6.505956675267731,2.5815177739395474
Meath,2025,2,2025 Q2,1.9,Republic of Ireland,False,379.0,360134.67,3.4480770664248928,7.183205458013653,1.5480770664248928,5.2832054580136525
Meath,2025,3,2025 Q3,2.13,Republic of Ireland,False,434.0,389879.97,8.259493594437872,14.310018716258632,6.129493594437872,12.180018716258632
Meath,2025,4,2025 Q4,3.05,Republic of Ireland,False,170.0,389979.35,0.0254898962878336,6.861276470186217,-3.024510103712166,3.8112764701862174
Mid Ulster,2010,1,2010 Q1,3.28,Northern Ireland,True,140.0,129909.03,,,,
Mid Ulster,2010,2,2010 Q2,3.46,Northern Ireland,True,150.0,134380.98,3.442370403350714,,-0.0176295966492858,
Mid Ulster,2010,3,2010 Q3,3.09,Northern Ireland,True,132.0,134473.55,0.0688862367278275,,-3.0211137632721723,
Mid Ulster,2010,4,2010 Q4,3.38,Northern Ireland,True,148.0,123198.82,-8.384347702577932,,-11.764347702577933,
Mid Ulster,2011,1,2011 Q1,4.12,Northern Ireland,True,124.0,126610.86,2.7695395134466283,-2.5388304415789986,-1.3504604865533718,-6.658830441578999
Mid Ulster,2011,2,2011 Q2,4.38,Northern Ireland,True,160.0,117384.3,-7.28733696303776,-12.648129221858628,-11.66733696303776,-17.028129221858627
Mid Ulster,2011,3,2011 Q3,4.71,Northern Ireland,True,157.0,112473.89,-4.183191448941637,-16.35984176813953,-8.893191448941636,-21.06984176813953
Mid Ulster,2011,4,2011 Q4,4.65,Northern Ireland,True,183.0,109504.89,-2.6397237616659357,-11.115309383645078,-7.289723761665936,-15.76530938364508
Mid Ulster,2012,1,2012 Q1,3.49,Northern Ireland,True,170.0,107702.0,-1.646401361619554,-14.934627250774534,-5.136401361619554,-18.42462725077453
Mid Ulster,2012,2,2012 Q2,2.76,Northern Ireland,True,148.0,116774.24,8.42346474531579,-0.5197117502084958,5.663464745315791,-3.279711750208496
Mid Ulster,2012,3,2012 Q3,2.41,Northern Ireland,True,197.0,112475.39,-3.6813341709609926,0.0013336428570154,-6.091334170960993,-2.4086663571429847
Mid Ulster,2012,4,2012 Q4,2.67,Northern Ireland,True,205.0,105943.88,-5.807056992645232,-3.251918704269729,-8.477056992645231,-5.921918704269729
Mid Ulster,2013,1,2013 Q1,2.78,Northern Ireland,True,178.0,103015.14,-2.764425845079499,-4.351692633377279,-5.544425845079498,-7.131692633377279
Mid Ulster,2013,2,2013 Q2,2.68,Northern Ireland,True,198.0,106171.96,3.0644233459276027,-9.07929694083216,0.3844233459276025,-11.75929694083216
Mid Ulster,2013,3,2013 Q3,2.71,Northern Ireland,True,212.0,108424.28,2.1213887357829586,-3.60177457486478,-0.5886112642170414,-6.31177457486478
Mid Ulster,2013,4,2013 Q4,2.1,Northern Ireland,True,240.0,109099.07,0.6223606004116533,2.9781710845402376,-1.4776393995883468,0.8781710845402375
Mid Ulster,2014,1,2014 Q1,1.74,Northern Ireland,True,213.0,116369.09,6.663686500719024,12.9630945509563,4.923686500719024,11.2230945509563
Mid Ulster,2014,2,2014 Q2,1.72,Northern Ireland,True,275.0,119091.69,2.339624723369416,12.168683708956674,0.6196247233694157,10.448683708956674
Mid Ulster,2014,3,2014 Q3,1.46,Northern Ireland,True,249.0,122043.99,2.4790142788300384,12.561494528716269,1.0190142788300385,11.101494528716266
Mid Ulster,2014,4,2014 Q4,0.94,Northern Ireland,True,300.0,130783.73,7.161139192515731,19.87611810073173,6.22113919251573,18.93611810073173
Mid Ulster,2015,1,2015 Q1,0.1,Northern Ireland,True,246.0,141602.49,8.272252213635433,21.683936859865447,8.172252213635433,21.58393685986545
Mid Ulster,2015,2,2015 Q2,-0.02,Northern Ireland,True,278.0,151801.24,7.202380410118492,27.465854250619827,7.222380410118491,27.485854250619827
Mid Ulster,2015,3,2015 Q3,0.01,Northern Ireland,True,296.0,152571.13,0.5071697701547251,25.013226788144173,0.4971697701547251,25.00322678814417
Mid Ulster,2015,4,2015 Q4,0.07,Northern Ireland,True,334.0,150517.75,-1.3458509483412762,15.089048156066507,-1.4158509483412762,15.019048156066509
Mid Ulster,2016,1,2016 Q1,0.35,Northern Ireland,True,334.0,149473.62,-0.6936922721738847,5.558609880377108,-1.0436922721738848,5.208609880377108
Mid Ulster,2016,2,2016 Q2,0.35,Northern Ireland,True,264.0,142264.94,-4.822710522431983,-6.282096246381119,-5.172710522431983,-6.632096246381119
Mid Ulster,2016,3,2016 Q3,0.73,Northern Ireland,True,311.0,137295.38,-3.493172667840716,-10.012215286076732,-4.223172667840716,-10.742215286076732
Mid Ulster,2016,4,2016 Q4,1.21,Northern Ireland,True,345.0,133781.27,-2.559525309591637,-11.119273308297528,-3.769525309591637,-12.329273308297529
Mid Ulster,2017,1,2017 Q1,2.14,Northern Ireland,True,303.0,135259.22,1.104751061191167,-9.509637887943034,-1.035248938808833,-11.649637887943037
Mid Ulster,2017,2,2017 Q2,2.74,Northern Ireland,True,328.0,138158.58,2.143558124910072,-2.8864174124700104,-0.5964418750899281,-5.62641741247001
Mid Ulster,2017,3,2017 Q3,2.82,Northern Ireland,True,326.0,131729.88,-4.653131206183492,-4.053668812453848,-7.473131206183492,-6.8736688124538485
Mid Ulster,2017,4,2017 Q4,3.02,Northern Ireland,True,308.0,137149.36,4.1140855817981326,2.517609527850939,1.0940855817981323,-0.5023904721490609
Mid Ulster,2018,1,2018 Q1,2.72,Northern Ireland,True,308.0,140696.17,2.5860930010902283,4.019652042943922,-0.1339069989097718,1.2996520429439218
Mid Ulster,2018,2,2018 Q2,2.42,Northern Ireland,True,306.0,139773.76,-0.6556042001711893,1.1690768680454156,-3.075604200171189,-1.2509231319545844
Mid Ulster,2018,3,2018 Q3,2.52,Northern Ireland,True,343.0,138122.91,-1.1810872083572788,4.853135826131472,-3.701087208357279,2.333135826131472
Mid Ulster,2018,4,2018 Q4,2.27,Northern Ireland,True,392.0,143591.63,3.9593142079036743,4.697265812979379,1.6893142079036747,2.4272658129793787
Mid Ulster,2019,1,2019 Q1,1.88,Northern Ireland,True,301.0,142770.19,-0.5720667701870963,1.4741126215447098,-2.452066770187096,-0.4058873784552901
Mid Ulster,2019,2,2019 Q2,2.05,Northern Ireland,True,377.0,144610.51,1.2890085808529017,3.4604134567174816,-0.7609914191470981,1.4104134567174818
Mid Ulster,2019,3,2019 Q3,1.83,Northern Ireland,True,369.0,142065.61,-1.7598305959919625,2.8544866307841144,-3.5898305959919625,1.0244866307841145
Mid Ulster,2019,4,2019 Q4,1.41,Northern Ireland,True,360.0,149652.03,5.340081952275444,4.220580266412455,3.930081952275444,2.8105802664124546
Mid Ulster,2020,1,2020 Q1,1.67,Northern Ireland,True,309.0,147166.04,-1.6611802726631877,3.0789690761075628,-3.3311802726631874,1.4089690761075628
Mid Ulster,2020,2,2020 Q2,0.62,Northern Ireland,True,128.0,141487.61,-3.858519261644888,-2.1595249197309485,-4.478519261644888,-2.7795249197309486
Mid Ulster,2020,3,2020 Q3,0.6,Northern Ireland,True,282.0,139776.48,-1.2093850479204304,-1.6113188828738911,-1.8093850479204303,-2.2113188828738912
Mid Ulster,2020,4,2020 Q4,0.53,Northern Ireland,True,420.0,145188.45,3.871874581474644,-2.982639126245057,3.341874581474644,-3.512639126245057
Mid Ulster,2021,1,2021 Q1,0.61,Northern Ireland,True,349.0,153738.0,5.888588245139337,4.465676999938295,5.278588245139336,3.855676999938295
Mid Ulster,2021,2,2021 Q2,2.05,Northern Ireland,True,375.0,157645.82,2.541869934564001,11.420229658271852,0.4918699345640007,9.370229658271851
Mid Ulster,2021,3,2021 Q3,2.77,Northern Ireland,True,406.0,166853.95,5.841023885060825,19.3719787477836,3.0710238850608254,16.6019787477836
Mid Ulster,2021,4,2021 Q4,4.91,Northern Ireland,True,419.0,168399.97,0.9265708123781248,15.987167023272164,-3.983429187621876,11.077167023272164
Mid Ulster,2022,1,2022 Q1,6.22,Northern Ireland,True,290.0,178197.08,5.817762319078779,15.909586439266787,-0.4022376809212211,9.689586439266789
Mid Ulster,2022,2,2022 Q2,9.17,Northern Ireland,True,308.0,179537.4,0.752155983700753,13.886559123483243,-8.417844016299247,4.716559123483245
Mid Ulster,2022,3,2022 Q3,10.02,Northern Ireland,True,349.0,184945.07,3.0120019561383997,10.842488295901887,-7.0079980438616,0.8224882959018878
Mid Ulster,2022,4,2022 Q4,10.75,Northern Ireland,True,371.0,181170.74,-2.0407843258541614,7.583593987576109,-12.790784325854162,-3.16640601242389
Mid Ulster,2023,1,2023 Q1,10.18,Northern Ireland,True,256.0,173865.93,-4.032003181087629,-2.4305392658510394,-14.212003181087628,-12.610539265851038
Mid Ulster,2023,2,2023 Q2,8.43,Northern Ireland,True,261.0,182049.95,4.707086661544335,1.399457717444963,-3.722913338455665,-7.030542282555037
Mid Ulster,2023,3,2023 Q3,6.71,Northern Ireland,True,317.0,189901.75,4.3129921211183975,2.6800822536118485,-2.3970078788816025,-4.029917746388152
Mid Ulster,2023,4,2023 Q4,4.18,Northern Ireland,True,308.0,187077.07,-1.4874428487362534,3.260090453900011,-5.667442848736253,-0.9199095460999888
Mid Ulster,2024,1,2024 Q1,3.54,Northern Ireland,True,291.0,192246.0,2.762994951759712,10.571404069791024,-0.7770050482402882,7.031404069791024
Mid Ulster,2024,2,2024 Q2,2.1,Northern Ireland,True,254.0,196214.23,2.0641417766819714,7.780436083613318,-0.0358582233180286,5.680436083613317
Mid Ulster,2024,3,2024 Q3,2.04,Northern Ireland,True,317.0,199887.23,1.8719335493659228,5.258234850389743,-0.1680664506340772,3.2182348503897424
Mid Ulster,2024,4,2024 Q4,2.47,Northern Ireland,True,377.0,205345.69,2.730769744520445,9.765290850450036,0.2607697445204446,7.295290850450035
Mid Ulster,2025,1,2025 Q1,2.8,Northern Ireland,True,306.0,205880.56,0.2604729614729129,7.092246392642765,-2.539527038527087,4.292246392642765
Mid Ulster,2025,2,2025 Q2,3.49,Northern Ireland,True,253.0,209225.37,1.6246361482599392,6.631088886876335,-1.865363851740061,3.141088886876335
Mid Ulster,2025,3,2025 Q3,3.8,Northern Ireland,True,283.0,216614.41,3.5316176044998704,8.368308470731222,-0.2683823955001294,4.568308470731222
Mid and East Antrim,2010,1,2010 Q1,3.28,Northern Ireland,True,211.0,130079.19,,,,
Mid and East Antrim,2010,2,2010 Q2,3.46,Northern Ireland,True,238.0,144310.72,10.94066622032317,,7.48066622032317,
Mid and East Antrim,2010,3,2010 Q3,3.09,Northern Ireland,True,189.0,139993.64,-2.991517192901527,,-6.081517192901528,
Mid and East Antrim,2010,4,2010 Q4,3.38,Northern Ireland,True,229.0,129310.45,-7.631196674363217,,-11.011196674363216,
Mid and East Antrim,2011,1,2011 Q1,4.12,Northern Ireland,True,195.0,113156.07,-12.49271037259556,-13.009859609365648,-16.61271037259556,-17.12985960936565
Mid and East Antrim,2011,2,2011 Q2,4.38,Northern Ireland,True,204.0,120230.15,6.251613369039766,-16.68661205487715,1.8716133690397656,-21.066612054877147
Mid and East Antrim,2011,3,2011 Q3,4.71,Northern Ireland,True,277.0,118043.77,-1.81849561029408,-15.679190854670257,-6.52849561029408,-20.38919085467025
Mid and East Antrim,2011,4,2011 Q4,4.65,Northern Ireland,True,246.0,117076.89,-0.8190860051318305,-9.460612038702209,-5.469086005131831,-14.11061203870221
Mid and East Antrim,2012,1,2012 Q1,3.49,Northern Ireland,True,243.0,112264.69,-4.110290254549809,-0.7877438656185287,-7.600290254549809,-4.277743865618529
Mid and East Antrim,2012,2,2012 Q2,2.76,Northern Ireland,True,295.0,120107.12,6.9856604066692585,-0.102328742000235,4.225660406669259,-2.862328742000235
Mid and East Antrim,2012,3,2012 Q3,2.41,Northern Ireland,True,311.0,116421.94,-3.0682444138199205,-1.3739225712631864,-5.478244413819921,-3.7839225712631865
Mid and East Antrim,2012,4,2012 Q4,2.67,Northern Ireland,True,278.0,112169.32,-3.652765105958544,-4.19174954169007,-6.322765105958544,-6.86174954169007
Mid and East Antrim,2013,1,2013 Q1,2.78,Northern Ireland,True,280.0,104533.37,-6.807520987022131,-6.886688949125508,-9.587520987022131,-9.666688949125508
Mid and East Antrim,2013,2,2013 Q2,2.68,Northern Ireland,True,283.0,105371.38,0.8016674483947162,-12.268831356542387,-1.878332551605284,-14.948831356542389
Mid and East Antrim,2013,3,2013 Q3,2.71,Northern Ireland,True,334.0,104559.46,-0.7705318085423185,-10.189213476428929,-3.4805318085423185,-12.899213476428926
Mid and East Antrim,2013,4,2013 Q4,2.1,Northern Ireland,True,391.0,108130.04,3.414879916173996,-3.6010559750206284,1.314879916173996,-5.701055975020628
Mid and East Antrim,2014,1,2014 Q1,1.74,Northern Ireland,True,343.0,112723.64,4.248218163981088,7.835076971114585,2.508218163981088,6.095076971114585
Mid and East Antrim,2014,2,2014 Q2,1.72,Northern Ireland,True,400.0,115807.32,2.7356107379073347,9.90396063902741,1.0156107379073347,8.18396063902741
Mid and East Antrim,2014,3,2014 Q3,1.46,Northern Ireland,True,361.0,120966.78,4.455210603267568,15.691856097956114,2.995210603267568,14.231856097956117
Mid and East Antrim,2014,4,2014 Q4,0.94,Northern Ireland,True,444.0,120823.05,-0.1188177448387062,11.738652829500484,-1.0588177448387062,10.798652829500485
Mid and East Antrim,2015,1,2015 Q1,0.1,Northern Ireland,True,367.0,127790.8,5.766904576568788,13.366459777203788,5.666904576568788,13.266459777203789
Mid and East Antrim,2015,2,2015 Q2,-0.02,Northern Ireland,True,430.0,138689.61,8.528634299182713,19.75893233691961,8.548634299182712,19.77893233691961
Mid and East Antrim,2015,3,2015 Q3,0.01,Northern Ireland,True,455.0,138726.11,0.026317760933936,14.681162877940524,0.016317760933936,14.671162877940525
Mid and East Antrim,2015,4,2015 Q4,0.07,Northern Ireland,True,453.0,140833.76,1.5192886184151044,16.561997069267818,1.4492886184151044,16.491997069267818
Mid and East Antrim,2016,1,2016 Q1,0.35,Northern Ireland,True,472.0,131727.29,-6.466112954734715,3.08041736963851,-6.816112954734715,2.7304173696385106
Mid and East Antrim,2016,2,2016 Q2,0.35,Northern Ireland,True,372.0,135577.34,2.9227428879771145,-2.244054186899791,2.5727428879771144,-2.594054186899791
Mid and East Antrim,2016,3,2016 Q3,0.73,Northern Ireland,True,484.0,128262.58,-5.395267380227398,-7.542581565935924,-6.125267380227397,-8.272581565935925
Mid and East Antrim,2016,4,2016 Q4,1.21,Northern Ireland,True,442.0,125622.89,-2.0580359447003205,-10.800585030180264,-3.2680359447003204,-12.010585030180266
Mid and East Antrim,2017,1,2017 Q1,2.14,Northern Ireland,True,382.0,124428.67,-0.950638852521224,-5.540704587485257,-3.090638852521224,-7.680704587485257
Mid and East Antrim,2017,2,2017 Q2,2.74,Northern Ireland,True,451.0,128314.43,3.122881567407254,-5.357023526202831,0.3828815674072539,-8.09702352620283
Mid and East Antrim,2017,3,2017 Q3,2.82,Northern Ireland,True,478.0,125092.51,-2.51095687367352,-2.4715470404540474,-5.33095687367352,-5.291547040454047
Mid and East Antrim,2017,4,2017 Q4,3.02,Northern Ireland,True,484.0,127492.96,1.9189398310098804,1.4886379385158357,-1.1010601689901196,-1.5313620614841643
Mid and East Antrim,2018,1,2018 Q1,2.72,Northern Ireland,True,374.0,128474.18,0.7696268091979208,3.2512683772959905,-1.9503731908020796,0.5312683772959903
Mid and East Antrim,2018,2,2018 Q2,2.42,Northern Ireland,True,458.0,130467.77,1.5517437044548554,1.6781744656466202,-0.8682562955451445,-0.7418255343533797
Mid and East Antrim,2018,3,2018 Q3,2.52,Northern Ireland,True,473.0,131284.4,0.6259247015565572,4.949848715962291,-1.8940752984434428,2.4298487159622906
Mid and East Antrim,2018,4,2018 Q4,2.27,Northern Ireland,True,503.0,130539.7,-0.5672418048145889,2.3897319506896557,-2.837241804814589,0.1197319506896552
Mid and East Antrim,2019,1,2019 Q1,1.88,Northern Ireland,True,464.0,132436.21,1.452822398090392,3.083911491009328,-0.4271776019096078,1.203911491009328
Mid and East Antrim,2019,2,2019 Q2,2.05,Northern Ireland,True,484.0,134239.2,1.3614025952570108,2.890698599355224,-0.688597404742989,0.8406985993552238
Mid and East Antrim,2019,3,2019 Q3,1.83,Northern Ireland,True,549.0,131160.69,-2.293301807519721,-0.0942305407192312,-4.123301807519721,-1.9242305407192315
Mid and East Antrim,2019,4,2019 Q4,1.41,Northern Ireland,True,508.0,138835.89,5.851753295899864,6.355300341581915,4.441753295899864,4.945300341581915
Mid and East Antrim,2020,1,2020 Q1,1.67,Northern Ireland,True,443.0,137976.72,-0.6188385438376298,4.18353107507381,-2.2888385438376297,2.51353107507381
Mid and East Antrim,2020,2,2020 Q2,0.62,Northern Ireland,True,150.0,135128.51,-2.064268522979817,0.6624816000095235,-2.6842685229798176,0.0424816000095235
Mid and East Antrim,2020,3,2020 Q3,0.6,Northern Ireland,True,435.0,132546.01,-1.9111436957308212,1.0562006040071958,-2.511143695730821,0.4562006040071958
Mid and East Antrim,2020,4,2020 Q4,0.53,Northern Ireland,True,686.0,137542.0,3.7692496364092776,-0.9319564271169424,3.2392496364092773,-1.4619564271169423
Mid and East Antrim,2021,1,2021 Q1,0.61,Northern Ireland,True,572.0,142668.14,3.7269634002704777,3.400153301223585,3.116963400270478,2.7901533012235853
Mid and East Antrim,2021,2,2021 Q2,2.05,Northern Ireland,True,629.0,152651.72,6.997764181968025,12.967811159909925,4.947764181968025,10.917811159909924
Mid and East Antrim,2021,3,2021 Q3,2.77,Northern Ireland,True,706.0,155463.41,1.8418986697300357,17.290147021400326,-0.9281013302699646,14.520147021400328
Mid and East Antrim,2021,4,2021 Q4,4.91,Northern Ireland,True,505.0,158835.55,2.1690891766750653,15.481489290543982,-2.740910823324935,10.57148929054398
Mid and East Antrim,2022,1,2022 Q1,6.22,Northern Ireland,True,417.0,166264.6,4.677196005554185,16.539403962230104,-1.5428039944458147,10.319403962230105
Mid and East Antrim,2022,2,2022 Q2,9.17,Northern Ireland,True,515.0,166289.89,0.0152106942788776,8.934173817366764,-9.154789305721122,-0.2358261826332359
Mid and East Antrim,2022,3,2022 Q3,10.02,Northern Ireland,True,507.0,170614.41,2.6005910521679887,9.745701576982002,-7.419408947832011,-0.2742984230179974
Mid and East Antrim,2022,4,2022 Q4,10.75,Northern Ireland,True,520.0,169725.41,-0.5210579809759364,6.856059616376831,-11.271057980975936,-3.8939403836231694
Mid and East Antrim,2023,1,2023 Q1,10.18,Northern Ireland,True,396.0,166160.4,-2.100457438871417,-0.0626711879738728,-12.280457438871416,-10.242671187973873
Mid and East Antrim,2023,2,2023 Q2,8.43,Northern Ireland,True,427.0,167997.6,1.105678609343741,1.026947579314652,-7.324321390656259,-7.403052420685348
Mid and East Antrim,2023,3,2023 Q3,6.71,Northern Ireland,True,445.0,176123.62,4.83698576646332,3.2290414391140665,-1.87301423353668,-3.480958560885933
Mid and East Antrim,2023,4,2023 Q4,4.18,Northern Ireland,True,483.0,176220.75,0.0551487642600045,3.826969691809845,-4.124851235739995,-0.3530303081901547
Mid and East Antrim,2024,1,2024 Q1,3.54,Northern Ireland,True,379.0,175109.68,-0.6304989622391233,5.385928295791298,-4.170498962239123,1.845928295791298
Mid and East Antrim,2024,2,2024 Q2,2.1,Northern Ireland,True,448.0,183382.08,4.724124902746674,9.157559393705617,2.624124902746673,7.057559393705617
Mid and East Antrim,2024,3,2024 Q3,2.04,Northern Ireland,True,499.0,189191.94,3.168172157279492,7.419970132342279,1.1281721572794918,5.37997013234228
Mid and East Antrim,2024,4,2024 Q4,2.47,Northern Ireland,True,542.0,192573.61,1.7874281536517822,9.279758484741429,-0.682571846348218,6.809758484741428
Mid and East Antrim,2025,1,2025 Q1,2.8,Northern Ireland,True,470.0,196867.32,2.229646107792238,12.425149768990496,-0.5703538922077618,9.625149768990497
Mid and East Antrim,2025,2,2025 Q2,3.49,Northern Ireland,True,379.0,192989.8,-1.9696108018334435,5.239181494724021,-5.459610801833444,1.749181494724021
Mid and East Antrim,2025,3,2025 Q3,3.8,Northern Ireland,True,458.0,196998.66,2.0772393152384216,4.126349145740571,-1.7227606847615782,0.3263491457405711
Monaghan,2010,1,2010 Q1,-3.37,Republic of Ireland,False,19.0,163684.21,,,,
Monaghan,2010,2,2010 Q2,-1.33,Republic of Ireland,False,28.0,126010.72,-23.01595859490661,,-21.685958594906616,
Monaghan,2010,3,2010 Q3,0.2,Republic of Ireland,False,22.0,137659.09,9.243951625702952,,9.043951625702952,
Monaghan,2010,4,2010 Q4,0.93,Republic of Ireland,False,32.0,127671.88,-7.255031251477828,,-8.185031251477827,
Monaghan,2011,1,2011 Q1,2.27,Republic of Ireland,False,15.0,135500.0,6.131436303749882,-17.2186492515069,3.861436303749882,-19.4886492515069
Monaghan,2011,2,2011 Q2,2.87,Republic of Ireland,False,19.0,119447.37,-11.846959409594104,-5.208564795122195,-14.716959409594104,-8.078564795122194
Monaghan,2011,3,2011 Q3,2.43,Republic of Ireland,False,15.0,115266.67,-3.5000352037889093,-16.26657563986512,-5.9300352037889095,-18.69657563986512
Monaghan,2011,4,2011 Q4,2.7,Republic of Ireland,False,29.0,113373.72,-1.6422353486918562,-11.199145810338196,-4.342235348691856,-13.899145810338196
Monaghan,2012,1,2012 Q1,2.13,Republic of Ireland,False,18.0,88655.56,-21.8023718371418,-34.57154243542435,-23.9323718371418,-36.70154243542435
Monaghan,2012,2,2012 Q2,1.8,Republic of Ireland,False,19.0,86000.0,-2.99536769041896,-28.001763454482088,-4.79536769041896,-29.80176345448209
Monaghan,2012,3,2012 Q3,1.77,Republic of Ireland,False,33.0,105196.97,22.322058139534896,-8.736003217582322,20.552058139534896,-10.506003217582322
Monaghan,2012,4,2012 Q4,1.07,Republic of Ireland,False,36.0,116430.0,10.678092724533794,2.6957570061209912,9.608092724533794,1.6257570061209912
Monaghan,2013,1,2013 Q1,0.97,Republic of Ireland,False,36.0,74428.89,-36.07413037876835,-16.047126655113342,-37.04413037876835,-17.01712665511334
Monaghan,2013,2,2013 Q2,0.53,Republic of Ireland,False,26.0,66538.46,-10.601300113437128,-22.62969767441859,-11.131300113437128,-23.15969767441859
Monaghan,2013,3,2013 Q3,0.3,Republic of Ireland,False,40.0,97131.95,45.97865655441979,-7.666589636564636,45.6786565544198,-7.966589636564636
Monaghan,2013,4,2013 Q4,0.23,Republic of Ireland,False,39.0,97652.89,0.5363219826226118,-16.12738125912565,0.3063219826226118,-16.35738125912565
Monaghan,2014,1,2014 Q1,0.07,Republic of Ireland,False,30.0,98233.33,0.5943910108548778,31.982795927764077,0.5243910108548777,31.912795927764076
Monaghan,2014,2,2014 Q2,0.37,Republic of Ireland,False,62.0,61928.79,-36.9574562930932,-6.92782790584574,-37.32745629309319,-7.2978279058457405
Monaghan,2014,3,2014 Q3,0.37,Republic of Ireland,False,53.0,100788.47,62.748973458063695,3.76448738031101,62.3789734580637,3.39448738031101
Monaghan,2014,4,2014 Q4,-0.03,Republic of Ireland,False,84.0,96196.26,-4.556285059193776,-1.491640441977704,-4.526285059193776,-1.461640441977704
Monaghan,2015,1,2015 Q1,-0.6,Republic of Ireland,False,56.0,110591.07,14.964001718985752,12.579986853749126,15.564001718985752,13.179986853749126
Monaghan,2015,2,2015 Q2,-0.43,Republic of Ireland,False,57.0,102728.07,-7.109977324570604,65.88095779039121,-6.679977324570604,66.31095779039121
Monaghan,2015,3,2015 Q3,-0.17,Republic of Ireland,False,56.0,115181.55,12.122762551657008,14.280482678226992,12.292762551657008,14.450482678226992
Monaghan,2015,4,2015 Q4,-0.07,Republic of Ireland,False,82.0,107673.78,-6.518205389665277,11.93135783033561,-6.448205389665277,12.00135783033561
Monaghan,2016,1,2016 Q1,-0.13,Republic of Ireland,False,84.0,92601.33,-13.9982547283099,-16.266901115976186,-13.8682547283099,-16.136901115976187
Monaghan,2016,2,2016 Q2,0.17,Republic of Ireland,False,75.0,111318.2,20.21231228536351,8.362008553261035,20.042312285363508,8.192008553261035
Monaghan,2016,3,2016 Q3,0.13,Republic of Ireland,False,69.0,107487.68,-3.441054562506407,-6.679776405162119,-3.571054562506407,-6.809776405162119
Monaghan,2016,4,2016 Q4,-0.07,Republic of Ireland,False,79.0,126110.13,17.325194850237736,17.122413646107717,17.395194850237736,17.192413646107717
Monaghan,2017,1,2017 Q1,0.57,Republic of Ireland,False,79.0,117790.85,-6.596837224733654,27.202114699648483,-7.166837224733654,26.632114699648483
Monaghan,2017,2,2017 Q2,0.23,Republic of Ireland,False,79.0,125382.28,6.444838457316493,12.634124518722013,6.2148384573164925,12.40412451872201
Monaghan,2017,3,2017 Q3,0.2,Republic of Ireland,False,65.0,128484.62,2.4743049815332707,19.5342759281808,2.2743049815332705,19.3342759281808
Monaghan,2017,4,2017 Q4,0.47,Republic of Ireland,False,110.0,106743.11,-16.921488346231627,-15.357227845217514,-17.391488346231625,-15.827227845217514
Monaghan,2018,1,2018 Q1,0.23,Republic of Ireland,False,68.0,147149.18,37.85356263275445,24.924117620341452,37.62356263275446,24.69411762034145
Monaghan,2018,2,2018 Q2,0.17,Republic of Ireland,False,61.0,141138.93,-4.084460409497359,12.56688744214891,-4.254460409497359,12.39688744214891
Monaghan,2018,3,2018 Q3,0.77,Republic of Ireland,False,66.0,165981.06,17.601189126203522,29.18360189725433,16.831189126203522,28.41360189725433
Monaghan,2018,4,2018 Q4,0.73,Republic of Ireland,False,132.0,121403.32,-26.857124541800125,13.73410424335586,-27.58712454180013,13.00410424335586
Monaghan,2019,1,2019 Q1,0.83,Republic of Ireland,False,56.0,155437.5,28.03397798346865,5.632596797345402,27.20397798346865,4.802596797345402
Monaghan,2019,2,2019 Q2,1.17,Republic of Ireland,False,72.0,142915.97,-8.05566867712103,1.25907146950881,-9.22566867712103,0.0890714695088101
Monaghan,2019,3,2019 Q3,0.7,Republic of Ireland,False,73.0,142782.19,-0.0936074533867681,-13.976817595935342,-0.7936074533867681,-14.676817595935342
Monaghan,2019,4,2019 Q4,1.03,Republic of Ireland,False,91.0,152272.4,6.646634289612718,25.426882889199387,5.616634289612718,24.396882889199382
Monaghan,2020,1,2020 Q1,1.03,Republic of Ireland,False,75.0,142426.77,-6.465800762318064,-8.370393244873354,-7.495800762318064,-9.400393244873351
Monaghan,2020,2,2020 Q2,-0.3,Republic of Ireland,False,57.0,125004.54,-12.232412488186029,-12.5328401017745,-11.932412488186028,-12.2328401017745
Monaghan,2020,3,2020 Q3,-0.93,Republic of Ireland,False,69.0,133573.91,6.855247017428345,-6.449179691108531,7.785247017428345,-5.519179691108532
Monaghan,2020,4,2020 Q4,-1.13,Republic of Ireland,False,67.0,145736.12,9.105228708211044,-4.292491613713323,10.235228708211045,-3.162491613713323
Monaghan,2021,1,2021 Q1,-0.23,Republic of Ireland,False,54.0,147212.96,1.0133658011479918,3.360456745596352,1.2433658011479918,3.590456745596352
Monaghan,2021,2,2021 Q2,1.4,Republic of Ireland,False,85.0,136370.4,-7.365221105533104,9.09235776556596,-8.765221105533104,7.69235776556596
Monaghan,2021,3,2021 Q3,2.93,Republic of Ireland,False,87.0,161166.15,18.182648140652223,20.656908224068605,15.252648140652228,17.726908224068605
Monaghan,2021,4,2021 Q4,5.27,Republic of Ireland,False,98.0,186388.78,15.65007912641705,27.894704483692863,10.38007912641705,22.624704483692867
Monaghan,2022,1,2022 Q1,5.77,Republic of Ireland,False,85.0,175334.26,-5.930893479747001,19.10246217452596,-11.700893479747002,13.332462174525958
Monaghan,2022,2,2022 Q2,7.97,Republic of Ireland,False,109.0,160696.79,-8.348322797837682,17.838467878659902,-16.31832279783768,9.868467878659905
Monaghan,2022,3,2022 Q3,8.7,Republic of Ireland,False,102.0,199002.45,23.83722786248561,23.476579914578856,15.137227862485611,14.776579914578855
Monaghan,2022,4,2022 Q4,8.8,Republic of Ireland,False,137.0,198630.8,-0.1867564947064859,6.56800264479438,-8.986756494706487,-2.231997355205621
Monaghan,2023,1,2023 Q1,7.97,Republic of Ireland,False,87.0,208217.24,4.826260579930208,18.7544522103096,-3.1437394200697915,10.784452210309604
Monaghan,2023,2,2023 Q2,6.63,Republic of Ireland,False,81.0,176806.17,-15.08572008734722,10.024705533943768,-21.715720087347226,3.3947055339437666
Monaghan,2023,3,2023 Q3,6.23,Republic of Ireland,False,113.0,186239.81,5.335583028578683,-6.413307976861593,-0.8944169714213173,-12.643307976861593
Monaghan,2023,4,2023 Q4,4.5,Republic of Ireland,False,111.0,189841.44,1.933866878407997,-4.424973367675101,-2.566133121592003,-8.9249733676751
Monaghan,2024,1,2024 Q1,3.47,Republic of Ireland,False,79.0,218211.11,14.943876321207838,4.799732241191945,11.473876321207838,1.329732241191945
Monaghan,2024,2,2024 Q2,2.47,Republic of Ireland,False,65.0,191323.08,-12.322026133316488,8.210635409386423,-14.792026133316488,5.740635409386423
Monaghan,2024,3,2024 Q3,1.53,Republic of Ireland,False,92.0,189374.54,-1.0184552747112274,1.6831685985934095,-2.548455274711228,0.1531685985934097
Monaghan,2024,4,2024 Q4,1.03,Republic of Ireland,False,116.0,217133.94,14.658464648943824,14.376471227778298,13.628464648943826,13.3464712277783
Monaghan,2025,1,2025 Q1,1.9,Republic of Ireland,False,70.0,221557.14,2.0370836544485016,1.5333912191730414,0.1370836544485016,-0.3666087808269584
Monaghan,2025,2,2025 Q2,1.9,Republic of Ireland,False,81.0,190631.66,-13.958241201344268,-0.3613887043842245,-15.858241201344269,-2.2613887043842245
Monaghan,2025,3,2025 Q3,2.13,Republic of Ireland,False,93.0,259506.77,36.129942948616176,37.0336107483086,33.99994294861617,34.903610748308594
Monaghan,2025,4,2025 Q4,3.05,Republic of Ireland,False,42.0,198702.38,-23.43075288556056,-8.48856701075843,-26.48075288556056,-11.538567010758433
"Newry, Mourne and Down",2010,1,2010 Q1,3.28,Northern Ireland,True,170.0,153801.57,,,,
"Newry, Mourne and Down",2010,2,2010 Q2,3.46,Northern Ireland,True,165.0,156976.34,2.0641986944606616,,-1.3958013055393383,
"Newry, Mourne and Down",2010,3,2010 Q3,3.09,Northern Ireland,True,171.0,158795.81,1.159072762175506,,-1.930927237824494,
"Newry, Mourne and Down",2010,4,2010 Q4,3.38,Northern Ireland,True,181.0,148242.45,-6.645868049037307,,-10.025868049037308,
"Newry, Mourne and Down",2011,1,2011 Q1,4.12,Northern Ireland,True,154.0,141004.79,-4.882312724863902,-8.320318186608889,-9.002312724863902,-12.440318186608888
"Newry, Mourne and Down",2011,2,2011 Q2,4.38,Northern Ireland,True,180.0,136093.01,-3.483413577652217,-13.303488920687023,-7.863413577652217,-17.683488920687022
"Newry, Mourne and Down",2011,3,2011 Q3,4.71,Northern Ireland,True,205.0,134322.4,-1.301029347502869,-15.41187390271822,-6.011029347502869,-20.12187390271822
"Newry, Mourne and Down",2011,4,2011 Q4,4.65,Northern Ireland,True,216.0,135606.97,0.9563334187000948,-8.523523457687055,-3.6936665812999054,-13.173523457687056
"Newry, Mourne and Down",2012,1,2012 Q1,3.49,Northern Ireland,True,188.0,131842.19,-2.776243728475014,-6.498077122060897,-6.266243728475015,-9.988077122060895
"Newry, Mourne and Down",2012,2,2012 Q2,2.76,Northern Ireland,True,225.0,126492.67,-4.057517551854994,-7.054249149166447,-6.817517551854994,-9.814249149166448
"Newry, Mourne and Down",2012,3,2012 Q3,2.41,Northern Ireland,True,228.0,129238.12,2.1704419710644185,-3.785131891627902,-0.2395580289355816,-6.195131891627902
"Newry, Mourne and Down",2012,4,2012 Q4,2.67,Northern Ireland,True,279.0,124247.43,-3.861623799541503,-8.37681130992014,-6.531623799541503,-11.04681130992014
"Newry, Mourne and Down",2013,1,2013 Q1,2.78,Northern Ireland,True,232.0,111375.98,-10.359530172978229,-15.523263076864858,-13.139530172978226,-18.30326307686486
"Newry, Mourne and Down",2013,2,2013 Q2,2.68,Northern Ireland,True,261.0,112267.45,0.8004149548223927,-11.245884840599851,-1.8795850451776075,-13.925884840599853
"Newry, Mourne and Down",2013,3,2013 Q3,2.71,Northern Ireland,True,290.0,114100.31,1.632583620630923,-11.713115294465748,-1.077416379369077,-14.423115294465749
"Newry, Mourne and Down",2013,4,2013 Q4,2.1,Northern Ireland,True,374.0,113459.14,-0.5619353707277397,-8.682907968398212,-2.66193537072774,-10.782907968398211
"Newry, Mourne and Down",2014,1,2014 Q1,1.74,Northern Ireland,True,311.0,125575.7,10.679227781913392,12.74935583058394,8.939227781913392,11.00935583058394
"Newry, Mourne and Down",2014,2,2014 Q2,1.72,Northern Ireland,True,373.0,129642.17,3.238261861172176,15.476186552736348,1.518261861172176,13.756186552736349
"Newry, Mourne and Down",2014,3,2014 Q3,1.46,Northern Ireland,True,402.0,137486.59,6.0508243575373655,20.49624580336373,4.5908243575373655,19.03624580336373
"Newry, Mourne and Down",2014,4,2014 Q4,0.94,Northern Ireland,True,458.0,136807.52,-0.4939172613125486,20.578668232457957,-1.4339172613125486,19.638668232457952
"Newry, Mourne and Down",2015,1,2015 Q1,0.1,Northern Ireland,True,366.0,144538.77,5.651187887917275,15.100907261516362,5.551187887917275,15.000907261516362
"Newry, Mourne and Down",2015,2,2015 Q2,-0.02,Northern Ireland,True,356.0,153992.98,6.540950915799293,18.783093494963875,6.5609509157992925,18.803093494963875
"Newry, Mourne and Down",2015,3,2015 Q3,0.01,Northern Ireland,True,458.0,161543.77,4.903333905220864,17.497837425453632,4.893333905220864,17.48783742545363
"Newry, Mourne and Down",2015,4,2015 Q4,0.07,Northern Ireland,True,482.0,162141.04,0.3697264215141382,18.517637042174307,0.2997264215141382,18.447637042174307
"Newry, Mourne and Down",2016,1,2016 Q1,0.35,Northern Ireland,True,438.0,149576.17,-7.749345878131775,3.485154882665764,-8.099345878131775,3.135154882665764
"Newry, Mourne and Down",2016,2,2016 Q2,0.35,Northern Ireland,True,347.0,150666.04,0.7286387931981331,-2.1604491321617347,0.3786387931981331,-2.510449132161735
"Newry, Mourne and Down",2016,3,2016 Q3,0.73,Northern Ireland,True,425.0,143953.24,-4.455416761467957,-10.889017880417171,-5.185416761467957,-11.619017880417172
"Newry, Mourne and Down",2016,4,2016 Q4,1.21,Northern Ireland,True,466.0,139741.43,-2.925818133721758,-13.814892269101032,-4.135818133721758,-15.02489226910103
"Newry, Mourne and Down",2017,1,2017 Q1,2.14,Northern Ireland,True,392.0,143634.14,2.785652043205822,-3.972577984848791,0.6456520432058217,-6.112577984848791
"Newry, Mourne and Down",2017,2,2017 Q2,2.74,Northern Ireland,True,432.0,144602.43,0.6741363856809901,-4.024536650727672,-2.06586361431901,-6.764536650727672
"Newry, Mourne and Down",2017,3,2017 Q3,2.82,Northern Ireland,True,465.0,138455.28,-4.251069639701077,-3.819267978963159,-7.0710696397010775,-6.639267978963159
"Newry, Mourne and Down",2017,4,2017 Q4,3.02,Northern Ireland,True,539.0,143600.87,3.7164274269641417,2.7618437853398348,0.6964274269641417,-0.2581562146601652
"Newry, Mourne and Down",2018,1,2018 Q1,2.72,Northern Ireland,True,460.0,149363.56,4.012991007645006,3.988898461048307,1.2929910076450055,1.2688984610483067
"Newry, Mourne and Down",2018,2,2018 Q2,2.42,Northern Ireland,True,502.0,146244.92,-2.0879523760681584,1.1358661123468172,-4.507952376068158,-1.2841338876531827
"Newry, Mourne and Down",2018,3,2018 Q3,2.52,Northern Ireland,True,536.0,149800.61,2.4313254778353777,8.194219823180449,-0.0886745221646223,5.674219823180449
"Newry, Mourne and Down",2018,4,2018 Q4,2.27,Northern Ireland,True,505.0,152392.9,1.7304936208203836,6.122546472037382,-0.5395063791796164,3.8525464720373823
"Newry, Mourne and Down",2019,1,2019 Q1,1.88,Northern Ireland,True,379.0,153184.47,0.5194270861700323,2.558127296912316,-1.3605729138299676,0.678127296912316
"Newry, Mourne and Down",2019,2,2019 Q2,2.05,Northern Ireland,True,482.0,157995.2,3.1404815383700546,8.03465857138832,1.0904815383700548,5.98465857138832
"Newry, Mourne and Down",2019,3,2019 Q3,1.83,Northern Ireland,True,478.0,155175.03,-1.7849719485149018,3.587715697552918,-3.614971948514902,1.7577156975529178
"Newry, Mourne and Down",2019,4,2019 Q4,1.41,Northern Ireland,True,515.0,162232.68,4.548186650906394,6.456849367654272,3.138186650906394,5.046849367654271
"Newry, Mourne and Down",2020,1,2020 Q1,1.67,Northern Ireland,True,410.0,160958.72,-0.7852671853784243,5.0750901837503415,-2.4552671853784243,3.4050901837503416
"Newry, Mourne and Down",2020,2,2020 Q2,0.62,Northern Ireland,True,145.0,156444.55,-2.804551378142184,-0.9814538669529304,-3.424551378142184,-1.6014538669529306
"Newry, Mourne and Down",2020,3,2020 Q3,0.6,Northern Ireland,True,373.0,160407.17,2.532923006905663,3.3717667075688684,1.9329230069056629,2.7717667075688683
"Newry, Mourne and Down",2020,4,2020 Q4,0.53,Northern Ireland,True,638.0,165082.75,2.9148198300612105,1.756779213657822,2.3848198300612102,1.226779213657822
"Newry, Mourne and Down",2021,1,2021 Q1,0.61,Northern Ireland,True,487.0,170230.58,3.1183330784106733,5.760396205934026,2.508333078410673,5.150396205934026
"Newry, Mourne and Down",2021,2,2021 Q2,2.05,Northern Ireland,True,506.0,180549.55,6.061760466304,15.408015172148849,4.0117604663040005,13.358015172148846
"Newry, Mourne and Down",2021,3,2021 Q3,2.77,Northern Ireland,True,593.0,190711.78,5.628499212543048,18.89230387893508,2.858499212543048,16.12230387893508
"Newry, Mourne and Down",2021,4,2021 Q4,4.91,Northern Ireland,True,505.0,191765.77,0.5526611937658021,16.163421072159267,-4.357338806234198,11.253421072159266
"Newry, Mourne and Down",2022,1,2022 Q1,6.22,Northern Ireland,True,433.0,200366.97,4.485263454473665,17.703276344356,-1.734736545526335,11.483276344356
"Newry, Mourne and Down",2022,2,2022 Q2,9.17,Northern Ireland,True,449.0,204314.19,1.9699953540246675,13.16239226295497,-7.200004645975333,3.9923922629549695
"Newry, Mourne and Down",2022,3,2022 Q3,10.02,Northern Ireland,True,449.0,212824.45,4.165280933252857,11.594810766277796,-5.854719066747142,1.574810766277796
"Newry, Mourne and Down",2022,4,2022 Q4,10.75,Northern Ireland,True,546.0,203241.17,-4.50290368423365,5.984071088390808,-15.252903684233653,-4.765928911609192
"Newry, Mourne and Down",2023,1,2023 Q1,10.18,Northern Ireland,True,345.0,196498.94,-3.3173544513643627,-1.9304728718510853,-13.497354451364362,-12.110472871851083
"Newry, Mourne and Down",2023,2,2023 Q2,8.43,Northern Ireland,True,399.0,204135.33,3.886224526198445,-0.0875416435833553,-4.5437754738015546,-8.517541643583355
"Newry, Mourne and Down",2023,3,2023 Q3,6.71,Northern Ireland,True,410.0,214524.15,5.089182749502497,0.798639442037774,-1.6208172504975034,-5.911360557962226
"Newry, Mourne and Down",2023,4,2023 Q4,4.18,Northern Ireland,True,438.0,209725.35,-2.2369509446838465,3.190387065770195,-6.416950944683846,-0.9896129342298048
"Newry, Mourne and Down",2024,1,2024 Q1,3.54,Northern Ireland,True,341.0,208981.63,-0.3546161682409843,6.352548263110225,-3.894616168240984,2.8125482631102248
"Newry, Mourne and Down",2024,2,2024 Q2,2.1,Northern Ireland,True,374.0,224961.15,7.646375425438112,10.201967488920216,5.546375425438113,8.101967488920216
"Newry, Mourne and Down",2024,3,2024 Q3,2.04,Northern Ireland,True,501.0,226415.38,0.646436062404554,5.543072889462564,-1.393563937595446,3.503072889462564
"Newry, Mourne and Down",2024,4,2024 Q4,2.47,Northern Ireland,True,528.0,233722.76,3.227422094735788,11.442302992938137,0.7574220947357877,8.972302992938134
"Newry, Mourne and Down",2025,1,2025 Q1,2.8,Northern Ireland,True,457.0,234287.86,0.2417821867241265,12.109308363610705,-2.5582178132758733,9.309308363610704
"Newry, Mourne and Down",2025,2,2025 Q2,3.49,Northern Ireland,True,312.0,229226.91,-2.160141801628124,1.8962207474490624,-5.650141801628124,-1.593779252550938
"Newry, Mourne and Down",2025,3,2025 Q3,3.8,Northern Ireland,True,443.0,238713.14,4.138357926650071,5.431503813919369,0.3383579266500716,1.6315038139193696
Offaly,2010,1,2010 Q1,-3.37,Republic of Ireland,False,25.0,149120.0,,,,
Offaly,2010,2,2010 Q2,-1.33,Republic of Ireland,False,38.0,154484.16,3.597210300429188,,4.927210300429188,
Offaly,2010,3,2010 Q3,0.2,Republic of Ireland,False,39.0,160606.38,3.963008246282329,,3.763008246282329,
Offaly,2010,4,2010 Q4,0.93,Republic of Ireland,False,51.0,146954.9,-8.49996120951111,,-9.42996120951111,
Offaly,2011,1,2011 Q1,2.27,Republic of Ireland,False,34.0,134572.06,-8.426285887711128,-9.755861051502146,-10.696285887711127,-12.025861051502146
Offaly,2011,2,2011 Q2,2.87,Republic of Ireland,False,31.0,129299.84,-3.917767179903464,-16.302202115737952,-6.787767179903464,-19.172202115737957
Offaly,2011,3,2011 Q3,2.43,Republic of Ireland,False,34.0,127232.55,-1.5988341516895876,-20.77989056225537,-4.028834151689588,-23.20989056225537
Offaly,2011,4,2011 Q4,2.7,Republic of Ireland,False,42.0,116285.71,-8.603804608176125,-20.869797468475014,-11.303804608176126,-23.569797468475013
Offaly,2012,1,2012 Q1,2.13,Republic of Ireland,False,39.0,131209.23,12.83349433047276,-2.4989065337931105,10.70349433047276,-4.62890653379311
Offaly,2012,2,2012 Q2,1.8,Republic of Ireland,False,49.0,105706.12,-19.436978633286703,-18.24729249471616,-21.236978633286707,-20.04729249471616
Offaly,2012,3,2012 Q3,1.77,Republic of Ireland,False,55.0,123249.09,16.59598327892462,-3.130849770754418,14.82598327892462,-4.900849770754418
Offaly,2012,4,2012 Q4,1.07,Republic of Ireland,False,83.0,104155.96,-15.49149774655536,-10.430989327923434,-16.56149774655536,-11.500989327923437
Offaly,2013,1,2013 Q1,0.97,Republic of Ireland,False,48.0,86953.24,-16.51630881228496,-33.72932681641375,-17.48630881228496,-34.69932681641375
Offaly,2013,2,2013 Q2,0.53,Republic of Ireland,False,54.0,102194.44,17.528041508286528,-3.322116070479164,16.998041508286526,-3.852116070479165
Offaly,2013,3,2013 Q3,0.3,Republic of Ireland,False,66.0,107305.32,5.001133134053082,-12.936217216695056,4.701133134053082,-13.236217216695056
Offaly,2013,4,2013 Q4,0.23,Republic of Ireland,False,78.0,95939.81,-10.591748852713,-7.8883147925476464,-10.821748852713002,-8.118314792547647
Offaly,2014,1,2014 Q1,0.07,Republic of Ireland,False,73.0,105452.05,9.914799706190802,21.274434397154156,9.844799706190802,21.204434397154152
Offaly,2014,2,2014 Q2,0.37,Republic of Ireland,False,82.0,111609.76,5.839345939694862,9.213143102501451,5.469345939694862,8.843143102501454
Offaly,2014,3,2014 Q3,0.37,Republic of Ireland,False,98.0,122556.12,9.807708573157049,14.212529257636051,9.437708573157048,13.842529257636054
Offaly,2014,4,2014 Q4,-0.03,Republic of Ireland,False,154.0,108847.12,-11.185895898140377,13.453549678699584,-11.155895898140376,13.483549678699584
Offaly,2015,1,2015 Q1,-0.6,Republic of Ireland,False,100.0,106466.0,-2.187581995738608,0.9615270637223228,-1.5875819957386077,1.5615270637223229
Offaly,2015,2,2015 Q2,-0.43,Republic of Ireland,False,101.0,102100.38,-4.100482783235959,-8.520204684608224,-3.670482783235959,-8.090204684608224
Offaly,2015,3,2015 Q3,-0.17,Republic of Ireland,False,106.0,107830.19,5.6119379771162325,-12.01566270211556,5.7819379771162325,-11.84566270211556
Offaly,2015,4,2015 Q4,-0.07,Republic of Ireland,False,155.0,113882.7,5.613001331074341,4.626286850768313,5.683001331074341,4.696286850768313
Offaly,2016,1,2016 Q1,-0.13,Republic of Ireland,False,98.0,98136.17,-13.826972841353424,-7.823934401593002,-13.696972841353425,-7.693934401593002
Offaly,2016,2,2016 Q2,0.17,Republic of Ireland,False,112.0,126191.96,28.58863352829035,23.595974863168976,28.41863352829035,23.42597486316897
Offaly,2016,3,2016 Q3,0.13,Republic of Ireland,False,134.0,112772.39,-10.634251183672882,4.583317529163211,-10.764251183672885,4.453317529163211
Offaly,2016,4,2016 Q4,-0.07,Republic of Ireland,False,152.0,107753.07,-4.450841203241318,-5.382406634194648,-4.380841203241317,-5.312406634194647
Offaly,2017,1,2017 Q1,0.57,Republic of Ireland,False,112.0,124544.58,15.583323983251706,26.90996601966431,15.013323983251706,26.33996601966431
Offaly,2017,2,2017 Q2,0.23,Republic of Ireland,False,139.0,117215.32,-5.884848622075722,-7.113480129795901,-6.114848622075723,-7.343480129795902
Offaly,2017,3,2017 Q3,0.2,Republic of Ireland,False,132.0,146847.53,25.280151092877624,30.21585336623618,25.080151092877625,30.01585336623618
Offaly,2017,4,2017 Q4,0.47,Republic of Ireland,False,150.0,133640.33,-8.993818282132505,24.02461479751805,-9.463818282132506,23.55461479751805
Offaly,2018,1,2018 Q1,0.23,Republic of Ireland,False,109.0,134256.71,0.4612230454683841,7.798115341510647,0.2312230454683841,7.568115341510647
Offaly,2018,2,2018 Q2,0.17,Republic of Ireland,False,111.0,156429.0,16.514846818456984,33.45439828172631,16.344846818456983,33.28439828172631
Offaly,2018,3,2018 Q3,0.77,Republic of Ireland,False,148.0,142749.91,-8.744599786484597,-2.790390822372013,-9.514599786484595,-3.560390822372013
Offaly,2018,4,2018 Q4,0.73,Republic of Ireland,False,162.0,150101.2,5.149768570782287,12.317292242543877,4.419768570782287,11.587292242543874
Offaly,2019,1,2019 Q1,0.83,Republic of Ireland,False,106.0,152955.91,1.901856880557906,13.92794445804608,1.071856880557906,13.09794445804608
Offaly,2019,2,2019 Q2,1.17,Republic of Ireland,False,123.0,137536.11,-10.081205753998011,-12.077613485990458,-11.251205753998011,-13.247613485990458
Offaly,2019,3,2019 Q3,0.7,Republic of Ireland,False,149.0,157669.47,14.638599274037944,10.451537237396511,13.938599274037944,9.751537237396514
Offaly,2019,4,2019 Q4,1.03,Republic of Ireland,False,157.0,148538.15,-5.791431911326905,-1.0413307821656392,-6.821431911326905,-2.0713307821656395
Offaly,2020,1,2020 Q1,1.03,Republic of Ireland,False,109.0,154240.18,3.838764654063609,0.8396341141705399,2.8087646540636086,-0.1903658858294601
Offaly,2020,2,2020 Q2,-0.3,Republic of Ireland,False,89.0,154185.79,-0.0352631849884876,12.105679010406822,0.2647368150115123,12.405679010406825
Offaly,2020,3,2020 Q3,-0.93,Republic of Ireland,False,98.0,161729.88,4.892856857950401,2.5752671078300704,5.8228568579504,3.5052671078300706
Offaly,2020,4,2020 Q4,-1.13,Republic of Ireland,False,199.0,163303.87,0.9732215222072682,9.940692004040708,2.103221522207268,11.070692004040708
Offaly,2021,1,2021 Q1,-0.23,Republic of Ireland,False,140.0,177496.83,8.691135121292582,15.078204654584804,8.921135121292583,15.308204654584804
Offaly,2021,2,2021 Q2,1.4,Republic of Ireland,False,121.0,168969.14,-4.80441819721511,9.588010672059989,-6.204418197215111,8.188010672059987
Offaly,2021,3,2021 Q3,2.93,Republic of Ireland,False,175.0,184702.68,9.311487292886731,14.204425304711776,6.381487292886733,11.274425304711777
Offaly,2021,4,2021 Q4,5.27,Republic of Ireland,False,162.0,191051.03,3.437064367447196,16.991122133235415,-1.832935632552804,11.721122133235417
Offaly,2022,1,2022 Q1,5.77,Republic of Ireland,False,146.0,207668.49,8.697916991078248,16.9984218873092,2.9279169910782485,11.2284218873092
Offaly,2022,2,2022 Q2,7.97,Republic of Ireland,False,154.0,207103.64,-0.2719960067124161,22.568914063242552,-8.241996006712416,14.598914063242551
Offaly,2022,3,2022 Q3,8.7,Republic of Ireland,False,175.0,203442.74,-1.7676656962668624,10.146068264954256,-10.46766569626686,1.4460682649542562
Offaly,2022,4,2022 Q4,8.8,Republic of Ireland,False,160.0,200887.79,-1.2558570534392022,5.148760517019979,-10.055857053439205,-3.6512394829800217
Offaly,2023,1,2023 Q1,7.97,Republic of Ireland,False,123.0,227018.22,13.00747546677674,9.317605188923949,5.037475466776741,1.347605188923949
Offaly,2023,2,2023 Q2,6.63,Republic of Ireland,False,170.0,219202.02,-3.4429835631695216,5.841703216804861,-10.072983563169522,-0.7882967831951389
Offaly,2023,3,2023 Q3,6.23,Republic of Ireland,False,164.0,214751.08,-2.0305196092627265,5.558487857566208,-8.260519609262726,-0.6715121424337926
Offaly,2023,4,2023 Q4,4.5,Republic of Ireland,False,175.0,214971.37,0.1025792280066717,7.01066998646358,-4.397420771993328,2.51066998646358
Offaly,2024,1,2024 Q1,3.47,Republic of Ireland,False,126.0,219681.75,2.191166200410777,-3.231665722689569,-1.2788337995892234,-6.70166572268957
Offaly,2024,2,2024 Q2,2.47,Republic of Ireland,False,128.0,232312.67,5.749644656417763,5.981080831280661,3.2796446564177626,3.5110808312806605
Offaly,2024,3,2024 Q3,1.53,Republic of Ireland,False,166.0,242708.61,4.474977623906606,13.018574807633088,2.944977623906606,11.488574807633087
Offaly,2024,4,2024 Q4,1.03,Republic of Ireland,False,159.0,232265.72,-4.302645052435505,8.04495500959035,-5.332645052435505,7.0149550095903495
Offaly,2025,1,2025 Q1,1.9,Republic of Ireland,False,117.0,239452.28,3.0941113479854065,8.999623318732674,1.1941113479854066,7.099623318732673
Offaly,2025,2,2025 Q2,1.9,Republic of Ireland,False,152.0,256551.78,7.141088821538899,10.433830406236556,5.241088821538899,8.533830406236556
Offaly,2025,3,2025 Q3,2.13,Republic of Ireland,False,141.0,257430.73,0.3426014038959257,6.065759265812631,-1.787398596104074,3.935759265812632
Offaly,2025,4,2025 Q4,3.05,Republic of Ireland,False,68.0,273381.2,6.196024072184381,17.701914858550815,3.146024072184381,14.651914858550814
Roscommon,2010,1,2010 Q1,-3.37,Republic of Ireland,False,25.0,116600.0,,,,
Roscommon,2010,2,2010 Q2,-1.33,Republic of Ireland,False,40.0,120200.0,3.087478559176682,,4.417478559176682,
Roscommon,2010,3,2010 Q3,0.2,Republic of Ireland,False,44.0,135079.75,12.379159733777032,,12.179159733777034,
Roscommon,2010,4,2010 Q4,0.93,Republic of Ireland,False,52.0,109370.0,-19.03301568147705,,-19.96301568147705,
Roscommon,2011,1,2011 Q1,2.27,Republic of Ireland,False,22.0,113081.82,3.393819146018106,-3.017307032590044,1.1238191460181066,-5.287307032590045
Roscommon,2011,2,2011 Q2,2.87,Republic of Ireland,False,44.0,103798.3,-8.209560122042614,-13.645341098169716,-11.079560122042617,-16.515341098169717
Roscommon,2011,3,2011 Q3,2.43,Republic of Ireland,False,41.0,112277.2,8.168630892798824,-16.88080559817441,5.738630892798824,-19.310805598174408
Roscommon,2011,4,2011 Q4,2.7,Republic of Ireland,False,52.0,74568.4,-33.585447446142226,-31.820060345615808,-36.28544744614223,-34.52006034561581
Roscommon,2012,1,2012 Q1,2.13,Republic of Ireland,False,35.0,97314.29,30.50339017599948,-13.943470312027172,28.37339017599948,-16.073470312027172
Roscommon,2012,2,2012 Q2,1.8,Republic of Ireland,False,64.0,77857.33,-19.993939225164148,-24.991709883495204,-21.79393922516415,-26.791709883495205
Roscommon,2012,3,2012 Q3,1.77,Republic of Ireland,False,74.0,76155.41,-2.1859470392832647,-32.1719725821449,-3.9559470392832647,-33.941972582144906
Roscommon,2012,4,2012 Q4,1.07,Republic of Ireland,False,89.0,79401.08,4.26190338939807,6.480868571673804,3.1919033893980693,5.410868571673803
Roscommon,2013,1,2013 Q1,0.97,Republic of Ireland,False,56.0,72230.36,-9.03101066131594,-25.776204090889426,-10.001010661315942,-26.74620409088942
Roscommon,2013,2,2013 Q2,0.53,Republic of Ireland,False,85.0,74260.76,2.811006341377764,-4.619436602822125,2.281006341377764,-5.149436602822125
Roscommon,2013,3,2013 Q3,0.3,Republic of Ireland,False,106.0,73499.04,-1.0257368763799346,-3.4880909970808505,-1.3257368763799346,-3.7880909970808494
Roscommon,2013,4,2013 Q4,0.23,Republic of Ireland,False,115.0,66720.43,-9.222719099460353,-15.97037471026843,-9.452719099460351,-16.20037471026843
Roscommon,2014,1,2014 Q1,0.07,Republic of Ireland,False,90.0,72300.02,8.362640948207334,0.0964414409674763,8.292640948207334,0.0264414409674763
Roscommon,2014,2,2014 Q2,0.37,Republic of Ireland,False,94.0,73316.49,1.40590555853235,-1.271559838601155,1.0359055585323498,-1.6415598386011552
Roscommon,2014,3,2014 Q3,0.37,Republic of Ireland,False,98.0,72955.82,-0.4919357159623994,-0.7390844832803056,-0.8619357159623994,-1.1090844832803055
Roscommon,2014,4,2014 Q4,-0.03,Republic of Ireland,False,150.0,70374.69,-3.5379356986186994,5.47697309504751,-3.5079356986187,5.506973095047511
Roscommon,2015,1,2015 Q1,-0.6,Republic of Ireland,False,109.0,74981.3,6.545833452339189,3.7085466919649424,7.145833452339189,4.308546691964942
Roscommon,2015,2,2015 Q2,-0.43,Republic of Ireland,False,163.0,73457.66,-2.032026651978558,0.1925487704062201,-1.602026651978558,0.62254877040622
Roscommon,2015,3,2015 Q3,-0.17,Republic of Ireland,False,124.0,81613.28,11.102477263773448,11.86671604815077,11.272477263773448,12.03671604815077
Roscommon,2015,4,2015 Q4,-0.07,Republic of Ireland,False,176.0,80718.4,-1.0964882185840352,14.69805408734304,-1.0264882185840352,14.76805408734304
Roscommon,2016,1,2016 Q1,-0.13,Republic of Ireland,False,109.0,74206.42,-8.067528593232765,-1.0334310021298698,-7.937528593232765,-0.9034310021298698
Roscommon,2016,2,2016 Q2,0.17,Republic of Ireland,False,112.0,86984.38,17.219480470827197,18.41430832400597,17.049480470827195,18.244308324005967
Roscommon,2016,3,2016 Q3,0.13,Republic of Ireland,False,144.0,81283.32,-6.554119256813696,-0.4042969477516256,-6.684119256813696,-0.5342969477516256
Roscommon,2016,4,2016 Q4,-0.07,Republic of Ireland,False,164.0,85389.33,5.051479196469821,5.786697952387576,5.121479196469822,5.856697952387576
Roscommon,2017,1,2017 Q1,0.57,Republic of Ireland,False,109.0,100906.72,18.17251640222497,35.98111861480449,17.60251640222497,35.41111861480449
Roscommon,2017,2,2017 Q2,0.23,Republic of Ireland,False,138.0,92027.54,-8.799394133512617,5.797776566321433,-9.029394133512618,5.567776566321433
Roscommon,2017,3,2017 Q3,0.2,Republic of Ireland,False,168.0,100095.02,8.766375804460292,23.143370620196112,8.566375804460293,22.943370620196117
Roscommon,2017,4,2017 Q4,0.47,Republic of Ireland,False,160.0,107151.54,7.049821259838884,25.48586573989981,6.5798212598388846,25.015865739899816
Roscommon,2018,1,2018 Q1,0.23,Republic of Ireland,False,130.0,106529.47,-0.5805516187634696,5.572225516794127,-0.8105516187634696,5.342225516794127
Roscommon,2018,2,2018 Q2,0.17,Republic of Ireland,False,173.0,99093.61,-6.9800966812282095,7.678212413371055,-7.150096681228209,7.508212413371055
Roscommon,2018,3,2018 Q3,0.77,Republic of Ireland,False,180.0,108675.38,9.669412588763304,8.572214681609536,8.899412588763305,7.802214681609536
Roscommon,2018,4,2018 Q4,0.73,Republic of Ireland,False,201.0,110324.14,1.51714215308012,2.960853385774964,0.7871421530801199,2.230853385774964
Roscommon,2019,1,2019 Q1,0.83,Republic of Ireland,False,140.0,111164.53,0.7617462506392503,4.350965042818666,-0.0682537493607496,3.5209650428186663
Roscommon,2019,2,2019 Q2,1.17,Republic of Ireland,False,138.0,115570.1,3.96310765673189,16.627197253183134,2.79310765673189,15.457197253183134
Roscommon,2019,3,2019 Q3,0.7,Republic of Ireland,False,170.0,126248.82,9.240036999189227,16.170580677978762,8.540036999189228,15.470580677978765
Roscommon,2019,4,2019 Q4,1.03,Republic of Ireland,False,179.0,111735.04,-11.49617081569555,1.2788678887503568,-12.526170815695547,0.2488678887503568
Roscommon,2020,1,2020 Q1,1.03,Republic of Ireland,False,151.0,112727.8,0.8884947819412847,1.4062669090581403,-0.1415052180587153,0.3762669090581403
Roscommon,2020,2,2020 Q2,-0.3,Republic of Ireland,False,95.0,102321.05,-9.231751174067092,-11.46408110748368,-8.931751174067092,-11.16408110748368
Roscommon,2020,3,2020 Q3,-0.93,Republic of Ireland,False,142.0,109703.3,7.214791091373662,-13.105484867106089,8.144791091373662,-12.175484867106087
Roscommon,2020,4,2020 Q4,-1.13,Republic of Ireland,False,216.0,120985.91,10.2846587112694,8.279291796020317,11.4146587112694,9.409291796020316
Roscommon,2021,1,2021 Q1,-0.23,Republic of Ireland,False,163.0,128507.99,6.217319025000512,13.99849016835244,6.447319025000512,14.22849016835244
Roscommon,2021,2,2021 Q2,1.4,Republic of Ireland,False,169.0,121217.99,-5.672799022068586,18.468281941985552,-7.072799022068587,17.068281941985553
Roscommon,2021,3,2021 Q3,2.93,Republic of Ireland,False,204.0,145923.53,20.38108369888001,33.01653642142033,17.45108369888001,30.086536421420327
Roscommon,2021,4,2021 Q4,5.27,Republic of Ireland,False,229.0,145413.89,-0.3492514195620022,20.19076436256091,-5.619251419562001,14.92076436256091
Roscommon,2022,1,2022 Q1,5.77,Republic of Ireland,False,181.0,145736.65,0.2219595390783979,13.406683895686156,-5.548040460921602,7.636683895686156
Roscommon,2022,2,2022 Q2,7.97,Republic of Ireland,False,178.0,157634.65,8.16404109741784,30.042289927427436,0.1940410974178403,22.072289927427438
Roscommon,2022,3,2022 Q3,8.7,Republic of Ireland,False,195.0,165722.56,5.130794530263505,13.568085969411502,-3.5692054697364943,4.868085969411503
Roscommon,2022,4,2022 Q4,8.8,Republic of Ireland,False,224.0,166276.52,0.3342695164737952,14.347068220236723,-8.465730483526205,5.547068220236724
Roscommon,2023,1,2023 Q1,7.97,Republic of Ireland,False,158.0,157225.76,-5.44319787303702,7.88347337474824,-13.41319787303702,-0.0865266252517598
Roscommon,2023,2,2023 Q2,6.63,Republic of Ireland,False,154.0,162980.52,3.660189017372195,3.391303878937779,-2.9698109826278047,-3.2386961210622207
Roscommon,2023,3,2023 Q3,6.23,Republic of Ireland,False,189.0,175057.18,7.409879413809706,5.632679099333249,1.1798794138097053,-0.5973209006667517
Roscommon,2023,4,2023 Q4,4.5,Republic of Ireland,False,194.0,171359.91,-2.1120356217322778,3.057190516135422,-6.612035621732278,-1.4428094838645782
Roscommon,2024,1,2024 Q1,3.47,Republic of Ireland,False,130.0,176862.28,3.211001919877288,12.48937833087911,-0.2589980801227125,9.019378330879109
Roscommon,2024,2,2024 Q2,2.47,Republic of Ireland,False,169.0,176288.46,-0.3244445339051438,8.165356203305763,-2.794444533905144,5.695356203305762
Roscommon,2024,3,2024 Q3,1.53,Republic of Ireland,False,144.0,208027.78,18.004196077270173,18.83418892044302,16.47419607727017,17.304188920443018
Roscommon,2024,4,2024 Q4,1.03,Republic of Ireland,False,197.0,199675.27,-4.015093561061899,16.523911573016115,-5.0450935610619,15.493911573016115
Roscommon,2025,1,2025 Q1,1.9,Republic of Ireland,False,113.0,188905.99,-5.393396989021227,6.809654381929264,-7.293396989021227,4.909654381929265
Roscommon,2025,2,2025 Q2,1.9,Republic of Ireland,False,154.0,200077.66,5.913878114717286,13.49447377326911,4.013878114717286,11.59447377326911
Roscommon,2025,3,2025 Q3,2.13,Republic of Ireland,False,147.0,210326.53,5.122445954235966,1.1050206852180944,2.992445954235966,-1.0249793147819055
Roscommon,2025,4,2025 Q4,3.05,Republic of Ireland,False,69.0,193434.29,-8.031435691921507,-3.1255648233253885,-11.081435691921506,-6.175564823325388
Sligo,2010,1,2010 Q1,-3.37,Republic of Ireland,False,25.0,182409.73,,,,
Sligo,2010,2,2010 Q2,-1.33,Republic of Ireland,False,43.0,160937.98,-11.771164838630044,,-10.441164838630044,
Sligo,2010,3,2010 Q3,0.2,Republic of Ireland,False,51.0,152784.31,-5.066342947761626,,-5.266342947761626,
Sligo,2010,4,2010 Q4,0.93,Republic of Ireland,False,55.0,141050.45,-7.680016357700592,,-8.610016357700593,
Sligo,2011,1,2011 Q1,2.27,Republic of Ireland,False,37.0,138359.46,-1.907820925066184,-24.149079108883075,-4.177820925066184,-26.419079108883075
Sligo,2011,2,2011 Q2,2.87,Republic of Ireland,False,22.0,119431.82,-13.680047609321388,-25.790158420032363,-16.55004760932139,-28.660158420032364
Sligo,2011,3,2011 Q3,2.43,Republic of Ireland,False,41.0,118455.49,-0.8174789599622589,-22.46881240619537,-3.247478959962259,-24.89881240619537
Sligo,2011,4,2011 Q4,2.7,Republic of Ireland,False,63.0,116265.08,-1.8491418168967928,-17.571989313043666,-4.549141816896793,-20.271989313043665
Sligo,2012,1,2012 Q1,2.13,Republic of Ireland,False,43.0,98093.02,-15.629852058760896,-29.10277331235608,-17.759852058760895,-31.23277331235608
Sligo,2012,2,2012 Q2,1.8,Republic of Ireland,False,61.0,102997.54,4.999866453290958,-13.760386469870433,3.1998664532909578,-15.560386469870434
Sligo,2012,3,2012 Q3,1.77,Republic of Ireland,False,66.0,110093.56,6.889504351268982,-7.059132506226606,5.119504351268983,-8.829132506226607
Sligo,2012,4,2012 Q4,1.07,Republic of Ireland,False,105.0,98085.4,-10.90723199431466,-15.636406047284368,-11.97723199431466,-16.706406047284368
Sligo,2013,1,2013 Q1,0.97,Republic of Ireland,False,54.0,79883.33,-18.55736939442567,-18.56369596939721,-19.52736939442567,-19.533695969397208
Sligo,2013,2,2013 Q2,0.53,Republic of Ireland,False,71.0,101114.08,26.577197019703604,-1.8286456161962672,26.047197019703603,-2.3586456161962674
Sligo,2013,3,2013 Q3,0.3,Republic of Ireland,False,76.0,109573.05,8.365768644683303,-0.4727887807424835,8.065768644683303,-0.7727887807424836
Sligo,2013,4,2013 Q4,0.23,Republic of Ireland,False,96.0,106617.09,-2.6977071460546287,8.69822623958305,-2.9277071460546287,8.46822623958305
Sligo,2014,1,2014 Q1,0.07,Republic of Ireland,False,83.0,119483.54,12.067905811347869,49.57255787909691,11.997905811347866,49.50255787909691
Sligo,2014,2,2014 Q2,0.37,Republic of Ireland,False,106.0,110351.42,-7.642994173088613,9.135562525021236,-8.012994173088613,8.765562525021236
Sligo,2014,3,2014 Q3,0.37,Republic of Ireland,False,142.0,105149.01,-4.714402406421236,-4.03752565069605,-5.084402406421236,-4.4075256506960505
Sligo,2014,4,2014 Q4,-0.03,Republic of Ireland,False,194.0,102951.26,-2.0901290463885447,-3.4383136887341403,-2.060129046388545,-3.4083136887341405
Sligo,2015,1,2015 Q1,-0.6,Republic of Ireland,False,121.0,109071.46,5.944754828644161,-8.714237961145098,6.544754828644161,-8.114237961145099
Sligo,2015,2,2015 Q2,-0.43,Republic of Ireland,False,144.0,110475.27,1.2870552938412994,0.1122323573180983,1.7170552938412993,0.5422323573180983
Sligo,2015,3,2015 Q3,-0.17,Republic of Ireland,False,127.0,111911.16,1.2997388465309845,6.431016326259287,1.4697388465309844,6.601016326259287
Sligo,2015,4,2015 Q4,-0.07,Republic of Ireland,False,126.0,121286.51,8.377493361698685,17.809641183604754,8.447493361698685,17.879641183604754
Sligo,2016,1,2016 Q1,-0.13,Republic of Ireland,False,111.0,104490.7,-13.848044601167931,-4.199778750554916,-13.71804460116793,-4.069778750554916
Sligo,2016,2,2016 Q2,0.17,Republic of Ireland,False,192.0,72275.78,-30.83041840087204,-34.57741266439087,-31.000418400872043,-34.74741266439087
Sligo,2016,3,2016 Q3,0.13,Republic of Ireland,False,157.0,111466.4,54.2237247387714,-0.3974223839695812,54.09372473877139,-0.5274223839695812
Sligo,2016,4,2016 Q4,-0.07,Republic of Ireland,False,169.0,118010.65,5.871051725004128,-2.7009269208917,5.941051725004129,-2.6309269208917
Sligo,2017,1,2017 Q1,0.57,Republic of Ireland,False,113.0,115752.65,-1.9133866307828984,10.77794483145389,-2.4833866307828982,10.20794483145389
Sligo,2017,2,2017 Q2,0.23,Republic of Ireland,False,161.0,127504.52,10.152571021052225,76.41389688219209,9.922571021052224,76.18389688219209
Sligo,2017,3,2017 Q3,0.2,Republic of Ireland,False,143.0,129043.71,1.2071650479528184,15.769155548219029,1.0071650479528185,15.569155548219028
Sligo,2017,4,2017 Q4,0.47,Republic of Ireland,False,191.0,134673.3,4.36254506321927,14.11961547538294,3.89254506321927,13.64961547538294
Sligo,2018,1,2018 Q1,0.23,Republic of Ireland,False,136.0,129787.5,-3.627890606378537,12.12486280011733,-3.857890606378537,11.89486280011733
Sligo,2018,2,2018 Q2,0.17,Republic of Ireland,False,127.0,110792.54,-14.635430992969278,-13.106970639158522,-14.805430992969278,-13.276970639158522
Sligo,2018,3,2018 Q3,0.77,Republic of Ireland,False,208.0,133671.88,20.650614202003137,3.586513437966099,19.880614202003137,2.816513437966099
Sligo,2018,4,2018 Q4,0.73,Republic of Ireland,False,285.0,114818.48,-14.104237929473284,-14.742952017957522,-14.834237929473286,-15.472952017957525
Sligo,2019,1,2019 Q1,0.83,Republic of Ireland,False,129.0,138822.67,20.90620778118646,6.961510160839834,20.07620778118646,6.131510160839834
Sligo,2019,2,2019 Q2,1.17,Republic of Ireland,False,140.0,132606.43,-4.477827720789418,19.688951981785063,-5.647827720789418,18.518951981785065
Sligo,2019,3,2019 Q3,0.7,Republic of Ireland,False,161.0,159376.74,20.187791798632997,19.229818567674805,19.487791798632998,18.52981856767481
Sligo,2019,4,2019 Q4,1.03,Republic of Ireland,False,203.0,153629.36,-3.606159844905854,33.80194547079878,-4.636159844905854,32.77194547079878
Sligo,2020,1,2020 Q1,1.03,Republic of Ireland,False,157.0,126726.89,-17.511281697717152,-8.713115804500815,-18.541281697717157,-9.743115804500814
Sligo,2020,2,2020 Q2,-0.3,Republic of Ireland,False,89.0,130690.33,3.1275445960995407,-1.44495255622219,3.4275445960995405,-1.1449525562221898
Sligo,2020,3,2020 Q3,-0.93,Republic of Ireland,False,110.0,143184.45,9.560095226632304,-10.159757314649545,10.490095226632302,-9.229757314649545
Sligo,2020,4,2020 Q4,-1.13,Republic of Ireland,False,214.0,144799.94,1.1282579917023083,-5.7472217550082805,2.258257991702308,-4.617221755008281
Sligo,2021,1,2021 Q1,-0.23,Republic of Ireland,False,138.0,158158.25,9.22535603260608,24.80243932444015,9.45535603260608,25.03243932444015
Sligo,2021,2,2021 Q2,1.4,Republic of Ireland,False,184.0,162994.29,3.057722249708772,24.717942023713626,1.657722249708772,23.317942023713627
Sligo,2021,3,2021 Q3,2.93,Republic of Ireland,False,180.0,163892.78,0.5512401692108204,14.462694796816256,-2.37875983078918,11.532694796816257
Sligo,2021,4,2021 Q4,5.27,Republic of Ireland,False,227.0,178003.11,8.609488471670312,22.930375523636258,3.339488471670313,17.660375523636258
Sligo,2022,1,2022 Q1,5.77,Republic of Ireland,False,158.0,173754.84,-2.386626840396211,9.861382507709848,-8.15662684039621,4.091382507709849
Sligo,2022,2,2022 Q2,7.97,Republic of Ireland,False,163.0,175228.29,0.8480051548492185,7.505784405085603,-7.121994845150781,-0.4642155949143971
Sligo,2022,3,2022 Q3,8.7,Republic of Ireland,False,202.0,202524.75,15.57765586823907,23.57148984842408,6.877655868239071,14.871489848424076
Sligo,2022,4,2022 Q4,8.8,Republic of Ireland,False,221.0,197001.1,-2.727395046778225,10.672841614958315,-11.527395046778226,1.8728416149583165
Sligo,2023,1,2023 Q1,7.97,Republic of Ireland,False,161.0,178488.46,-9.397226715992968,2.724309722825557,-17.367226715992967,-5.245690277174442
Sligo,2023,2,2023 Q2,6.63,Republic of Ireland,False,156.0,190738.14,6.863009518934748,8.851224879270347,0.2330095189347485,2.2212248792703475
Sligo,2023,3,2023 Q3,6.23,Republic of Ireland,False,211.0,196563.74,3.054239702662498,-2.9433488993320656,-3.1757602973375025,-9.173348899332066
Sligo,2023,4,2023 Q4,4.5,Republic of Ireland,False,181.0,212802.26,8.261198123316138,8.020848614550879,3.761198123316138,3.5208486145508786
Sligo,2024,1,2024 Q1,3.47,Republic of Ireland,False,122.0,210784.48,-0.94819481710392,18.094178189447096,-4.41819481710392,14.624178189447097
Sligo,2024,2,2024 Q2,2.47,Republic of Ireland,False,131.0,202953.81,-3.715012604343548,6.404419168604658,-6.185012604343548,3.934419168604658
Sligo,2024,3,2024 Q3,1.53,Republic of Ireland,False,157.0,237692.4,17.11650054758764,20.92382857591131,15.586500547587642,19.393828575911307
Sligo,2024,4,2024 Q4,1.03,Republic of Ireland,False,168.0,250885.57,5.550522439926575,17.89610223124509,4.520522439926575,16.86610223124509
Sligo,2025,1,2025 Q1,1.9,Republic of Ireland,False,134.0,226144.81,-9.861372258276957,7.287220577150655,-11.761372258276957,5.387220577150655
Sligo,2025,2,2025 Q2,1.9,Republic of Ireland,False,130.0,235284.62,4.041574069287734,15.93013208276306,2.1415740692877345,14.03013208276306
Sligo,2025,3,2025 Q3,2.13,Republic of Ireland,False,148.0,247050.68,5.000777356377983,3.937138924088446,2.8707773563779835,1.807138924088446
Sligo,2025,4,2025 Q4,3.05,Republic of Ireland,False,75.0,233861.12,-5.33880740583268,-6.78574299829201,-8.38880740583268,-9.835742998292009
Tipperary,2010,1,2010 Q1,-3.37,Republic of Ireland,False,74.0,158219.59,,,,
Tipperary,2010,2,2010 Q2,-1.33,Republic of Ireland,False,83.0,161067.36,1.7998845781359796,,3.12988457813598,
Tipperary,2010,3,2010 Q3,0.2,Republic of Ireland,False,90.0,156827.3,-2.632476250930049,,-2.8324762509300494,
Tipperary,2010,4,2010 Q4,0.93,Republic of Ireland,False,99.0,134929.11,-13.96325129617101,,-14.893251296171009,
Tipperary,2011,1,2011 Q1,2.27,Republic of Ireland,False,76.0,141210.91,4.655629908179204,-10.750046817843472,2.385629908179204,-13.020046817843472
Tipperary,2011,2,2011 Q2,2.87,Republic of Ireland,False,73.0,129382.19,-8.376633221894824,-19.671999342386925,-11.246633221894824,-22.541999342386926
Tipperary,2011,3,2011 Q3,2.43,Republic of Ireland,False,83.0,118303.11,-8.563064205359328,-24.564721830956728,-10.993064205359328,-26.994721830956728
Tipperary,2011,4,2011 Q4,2.7,Republic of Ireland,False,110.0,123987.32,4.804784929153594,-8.109287906812678,2.1047849291535936,-10.809287906812678
Tipperary,2012,1,2012 Q1,2.13,Republic of Ireland,False,93.0,118373.95,-4.527374250850825,-16.17223485069249,-6.6573742508508245,-18.30223485069249
Tipperary,2012,2,2012 Q2,1.8,Republic of Ireland,False,97.0,99360.59,-16.062115017704492,-23.203811900231408,-17.862115017704493,-25.00381190023141
Tipperary,2012,3,2012 Q3,1.77,Republic of Ireland,False,114.0,108046.49,8.741795917274665,-8.669780532396821,6.971795917274665,-10.43978053239682
Tipperary,2012,4,2012 Q4,1.07,Republic of Ireland,False,158.0,110630.53,2.3916001343495585,-10.772706434819312,1.3216001343495585,-11.842706434819313
Tipperary,2013,1,2013 Q1,0.97,Republic of Ireland,False,112.0,107085.98,-3.203952832911494,-9.5358564954536,-4.173952832911494,-10.5058564954536
Tipperary,2013,2,2013 Q2,0.53,Republic of Ireland,False,130.0,99441.82,-7.138338744250172,0.0817527351639313,-7.668338744250172,-0.4482472648360687
Tipperary,2013,3,2013 Q3,0.3,Republic of Ireland,False,161.0,107760.46,8.365333619195624,-0.2647286367192469,8.065333619195624,-0.564728636719247
Tipperary,2013,4,2013 Q4,0.23,Republic of Ireland,False,192.0,105329.67,-2.255734617316973,-4.791498332331956,-2.485734617316973,-5.021498332331957
Tipperary,2014,1,2014 Q1,0.07,Republic of Ireland,False,141.0,106694.28,1.2955608804242846,-0.3657808426462572,1.2255608804242846,-0.4357808426462572
Tipperary,2014,2,2014 Q2,0.37,Republic of Ireland,False,155.0,108090.9,1.3089923845964302,8.69762842232773,0.9389923845964302,8.32762842232773
Tipperary,2014,3,2014 Q3,0.37,Republic of Ireland,False,193.0,108131.87,0.0379032832551029,0.3446625970230599,-0.332096716744897,-0.02533740297694
Tipperary,2014,4,2014 Q4,-0.03,Republic of Ireland,False,293.0,100607.33,-6.958670001730294,-4.483390102712748,-6.928670001730294,-4.453390102712747
Tipperary,2015,1,2015 Q1,-0.6,Republic of Ireland,False,220.0,105413.3,4.776958100369022,-1.2006079426188476,5.376958100369022,-0.6006079426188476
Tipperary,2015,2,2015 Q2,-0.43,Republic of Ireland,False,238.0,104058.34,-1.2853786002335663,-3.7307118360565,-0.8553786002335666,-3.3007118360564998
Tipperary,2015,3,2015 Q3,-0.17,Republic of Ireland,False,237.0,112126.01,7.753025850691064,3.693767619111732,7.923025850691064,3.863767619111732
Tipperary,2015,4,2015 Q4,-0.07,Republic of Ireland,False,311.0,114439.67,2.0634462958237787,13.748839175038242,2.1334462958237785,13.818839175038242
Tipperary,2016,1,2016 Q1,-0.13,Republic of Ireland,False,224.0,110674.95,-3.2896984061558388,4.991447948219041,-3.159698406155839,5.121447948219041
Tipperary,2016,2,2016 Q2,0.17,Republic of Ireland,False,255.0,101811.96,-8.008126500170087,-2.158769782412429,-8.178126500170087,-2.3287697824124285
Tipperary,2016,3,2016 Q3,0.13,Republic of Ireland,False,272.0,120691.63,18.543666186173024,7.639280127777681,18.413666186173025,7.509280127777681
Tipperary,2016,4,2016 Q4,-0.07,Republic of Ireland,False,338.0,122112.52,1.1772895933214178,6.70471174899403,1.247289593321418,6.77471174899403
Tipperary,2017,1,2017 Q1,0.57,Republic of Ireland,False,258.0,122221.03,0.0888606671944902,10.432423958628402,-0.4811393328055097,9.8624239586284
Tipperary,2017,2,2017 Q2,0.23,Republic of Ireland,False,300.0,113917.6,-6.793781724798087,11.890194432952672,-7.023781724798088,11.660194432952672
Tipperary,2017,3,2017 Q3,0.2,Republic of Ireland,False,304.0,132418.58,16.240668693862915,9.716456725292378,16.040668693862916,9.51645672529238
Tipperary,2017,4,2017 Q4,0.47,Republic of Ireland,False,372.0,121004.17,-8.61994593205877,-0.9076464886647262,-9.08994593205877,-1.3776464886647262
Tipperary,2018,1,2018 Q1,0.23,Republic of Ireland,False,265.0,131439.27,8.62375238803752,7.542269935051271,8.39375238803752,7.312269935051271
Tipperary,2018,2,2018 Q2,0.17,Republic of Ireland,False,298.0,127631.35,-2.8970946049837187,12.038306635673512,-3.0670946049837187,11.868306635673513
Tipperary,2018,3,2018 Q3,0.77,Republic of Ireland,False,284.0,145169.97,13.74162382518087,9.62960786922804,12.97162382518087,8.859607869228041
Tipperary,2018,4,2018 Q4,0.73,Republic of Ireland,False,363.0,139974.89,-3.5786189113354405,15.67774069273813,-4.30861891133544,14.94774069273813
Tipperary,2019,1,2019 Q1,0.83,Republic of Ireland,False,267.0,149188.48,6.582316299730606,13.503734462311012,5.752316299730606,12.673734462311012
Tipperary,2019,2,2019 Q2,1.17,Republic of Ireland,False,330.0,136686.67,-8.379876247817519,7.094902623845956,-9.54987624781752,5.924902623845956
Tipperary,2019,3,2019 Q3,0.7,Republic of Ireland,False,301.0,152332.76,11.446683133037029,4.934071419867347,10.746683133037028,4.234071419867347
Tipperary,2019,4,2019 Q4,1.03,Republic of Ireland,False,351.0,159254.64,4.543920821758896,13.77372041514018,3.5139208217588958,12.74372041514018
Tipperary,2020,1,2020 Q1,1.03,Republic of Ireland,False,260.0,143344.14,-9.990603727464386,-3.917420433534813,-11.020603727464383,-4.947420433534813
Tipperary,2020,2,2020 Q2,-0.3,Republic of Ireland,False,223.0,134552.56,-6.1331980505097805,-1.5613153791807275,-5.833198050509781,-1.2613153791807277
Tipperary,2020,3,2020 Q3,-0.93,Republic of Ireland,False,252.0,141042.08,4.823037183387657,-7.411852841109178,5.753037183387657,-6.481852841109179
Tipperary,2020,4,2020 Q4,-1.13,Republic of Ireland,False,383.0,155277.2,10.092817689585988,-2.4975347657060443,11.222817689585987,-1.3675347657060444
Tipperary,2021,1,2021 Q1,-0.23,Republic of Ireland,False,308.0,172524.91,11.107689989257906,20.35714191037037,11.337689989257909,20.58714191037037
Tipperary,2021,2,2021 Q2,1.4,Republic of Ireland,False,284.0,150954.72,-12.502652515512114,12.190150822845736,-13.902652515512116,10.790150822845735
Tipperary,2021,3,2021 Q3,2.93,Republic of Ireland,False,345.0,178880.2,18.499242686813645,26.827539695954595,15.569242686813643,23.897539695954595
Tipperary,2021,4,2021 Q4,5.27,Republic of Ireland,False,432.0,183349.1,2.4982642014040657,18.07857174137606,-2.771735798595934,12.80857174137606
Tipperary,2022,1,2022 Q1,5.77,Republic of Ireland,False,342.0,185283.84,1.0552219781825969,7.39541321887951,-4.714778021817403,1.62541321887951
Tipperary,2022,2,2022 Q2,7.97,Republic of Ireland,False,331.0,195868.11,5.712462565542675,29.75288881328122,-2.2575374344573245,21.78288881328122
Tipperary,2022,3,2022 Q3,8.7,Republic of Ireland,False,340.0,193261.76,-1.330665824058841,8.039771869664714,-10.03066582405884,-0.6602281303352857
Tipperary,2022,4,2022 Q4,8.8,Republic of Ireland,False,382.0,196455.82,1.6527118453231404,7.14850522855035,-7.14728815467686,-1.6514947714496504
Tipperary,2023,1,2023 Q1,7.97,Republic of Ireland,False,298.0,197038.84,0.2967690140205592,6.344320152259364,-7.67323098597944,-1.6256798477406358
Tipperary,2023,2,2023 Q2,6.63,Republic of Ireland,False,320.0,209947.81,6.551484976261524,7.188357512613974,-0.0785150237384764,0.5583575126139744
Tipperary,2023,3,2023 Q3,6.23,Republic of Ireland,False,351.0,201074.09,-4.226631370910705,4.0423568532129694,-10.456631370910706,-2.187643146787031
Tipperary,2023,4,2023 Q4,4.5,Republic of Ireland,False,379.0,205089.47,1.996965397182704,4.394703094059516,-2.503034602817296,-0.1052969059404844
Tipperary,2024,1,2024 Q1,3.47,Republic of Ireland,False,244.0,204592.01,-0.2425575530523249,3.8333406753714216,-3.712557553052325,0.3633406753714214
Tipperary,2024,2,2024 Q2,2.47,Republic of Ireland,False,296.0,218105.35,6.605018446223787,3.885508498516854,4.135018446223787,1.415508498516854
Tipperary,2024,3,2024 Q3,1.53,Republic of Ireland,False,309.0,212690.15,-2.4828368492565644,5.777004884120074,-4.012836849256565,4.247004884120074
Tipperary,2024,4,2024 Q4,1.03,Republic of Ireland,False,374.0,235304.6,10.63257983503232,14.732657898038347,9.60257983503232,13.702657898038348
Tipperary,2025,1,2025 Q1,1.9,Republic of Ireland,False,233.0,237849.35,1.0814705704860872,16.25544418865623,-0.8185294295139127,14.35544418865623
Tipperary,2025,2,2025 Q2,1.9,Republic of Ireland,False,257.0,250538.18,5.334818026620636,14.870258799245397,3.434818026620636,12.970258799245396
Tipperary,2025,3,2025 Q3,2.13,Republic of Ireland,False,282.0,255331.43,1.913181456016,20.048544796268185,-0.216818543984,17.918544796268186
Tipperary,2025,4,2025 Q4,3.05,Republic of Ireland,False,121.0,255115.29,-0.0846507615611558,8.419168176057767,-3.134650761561156,5.369168176057767
Waterford,2010,1,2010 Q1,-3.37,Republic of Ireland,False,57.0,181569.3,,,,
Waterford,2010,2,2010 Q2,-1.33,Republic of Ireland,False,69.0,154398.55,-14.96439651416842,,-13.63439651416842,
Waterford,2010,3,2010 Q3,0.2,Republic of Ireland,False,79.0,173144.11,12.141020754404751,,11.941020754404754,
Waterford,2010,4,2010 Q4,0.93,Republic of Ireland,False,92.0,163505.43,-5.5668541078296,,-6.496854107829599,
Waterford,2011,1,2011 Q1,2.27,Republic of Ireland,False,69.0,164718.84,0.7421221423655533,-9.28045655295251,-1.5278778576344467,-11.55045655295251
Waterford,2011,2,2011 Q2,2.87,Republic of Ireland,False,87.0,142722.99,-13.353572669647262,-7.561962207546635,-16.22357266964726,-10.431962207546636
Waterford,2011,3,2011 Q3,2.43,Republic of Ireland,False,102.0,140513.82,-1.547872560685548,-18.84574069542416,-3.977872560685548,-21.27574069542416
Waterford,2011,4,2011 Q4,2.7,Republic of Ireland,False,130.0,124222.49,-11.594112237500909,-24.025465087000462,-14.294112237500908,-26.72546508700046
Waterford,2012,1,2012 Q1,2.13,Republic of Ireland,False,72.0,105911.36,-14.740591659368608,-35.7017327222557,-16.870591659368607,-37.8317327222557
Waterford,2012,2,2012 Q2,1.8,Republic of Ireland,False,96.0,112778.12,6.483497143271499,-20.981111732594727,4.6834971432715,-22.781111732594727
Waterford,2012,3,2012 Q3,1.77,Republic of Ireland,False,116.0,118885.78,5.415642679626154,-15.39210876197089,3.6456426796261536,-17.16210876197089
Waterford,2012,4,2012 Q4,1.07,Republic of Ireland,False,166.0,107779.46,-9.342008775145349,-13.236757691783508,-10.412008775145347,-14.306757691783508
Waterford,2013,1,2013 Q1,0.97,Republic of Ireland,False,83.0,110253.61,2.295567263001685,4.099890701054165,1.3255672630016857,3.129890701054165
Waterford,2013,2,2013 Q2,0.53,Republic of Ireland,False,137.0,108536.87,-1.5570828020960104,-3.760702873926258,-2.0870828020960106,-4.290702873926258
Waterford,2013,3,2013 Q3,0.3,Republic of Ireland,False,169.0,104196.92,-3.998595131774108,-12.355438976806145,-4.298595131774108,-12.655438976806144
Waterford,2013,4,2013 Q4,0.23,Republic of Ireland,False,197.0,110022.44,5.590875430866871,2.081082981859428,5.36087543086687,1.851082981859428
Waterford,2014,1,2014 Q1,0.07,Republic of Ireland,False,152.0,113948.99,3.568862861067257,3.351708846540258,3.498862861067257,3.281708846540258
Waterford,2014,2,2014 Q2,0.37,Republic of Ireland,False,186.0,105356.63,-7.540531952060303,-2.930101079937164,-7.910531952060303,-3.300101079937164
Waterford,2014,3,2014 Q3,0.37,Republic of Ireland,False,243.0,114146.99,8.343433156508517,9.54929377950904,7.973433156508517,9.17929377950904
Waterford,2014,4,2014 Q4,-0.03,Republic of Ireland,False,356.0,112264.07,-1.6495572945024684,2.037429818862413,-1.6195572945024683,2.0674298188624127
Waterford,2015,1,2015 Q1,-0.6,Republic of Ireland,False,235.0,110452.18,-1.6139536006489097,-3.0687503241582204,-1.0139536006489096,-2.4687503241582203
Waterford,2015,2,2015 Q2,-0.43,Republic of Ireland,False,212.0,114959.02,4.08035405005136,9.114177247317045,4.51035405005136,9.544177247317045
Waterford,2015,3,2015 Q3,-0.17,Republic of Ireland,False,304.0,119559.73,4.002043510809328,4.74190340016849,4.172043510809328,4.91190340016849
Waterford,2015,4,2015 Q4,-0.07,Republic of Ireland,False,317.0,121648.35,1.746925992556192,8.35911258161226,1.816925992556192,8.42911258161226
Waterford,2016,1,2016 Q1,-0.13,Republic of Ireland,False,247.0,116661.54,-4.099365096197372,5.621763191998563,-3.969365096197372,5.751763191998563
Waterford,2016,2,2016 Q2,0.17,Republic of Ireland,False,270.0,122937.01,5.379210663600009,6.939855611156043,5.209210663600009,6.769855611156043
Waterford,2016,3,2016 Q3,0.13,Republic of Ireland,False,326.0,133778.65,8.818857722340901,11.892733447959449,8.6888577223409,11.762733447959446
Waterford,2016,4,2016 Q4,-0.07,Republic of Ireland,False,342.0,126449.21,-5.478781554455803,3.946506467206512,-5.408781554455802,4.016506467206512
Waterford,2017,1,2017 Q1,0.57,Republic of Ireland,False,240.0,131980.03,4.37394587123161,13.130711286684548,3.8039458712316105,12.560711286684548
Waterford,2017,2,2017 Q2,0.23,Republic of Ireland,False,245.0,128252.44,-2.8243591094804232,4.323702032447363,-3.054359109480423,4.0937020324473625
Waterford,2017,3,2017 Q3,0.2,Republic of Ireland,False,271.0,162408.46,26.631867588640024,21.400881231795957,26.431867588640024,21.200881231795957
Waterford,2017,4,2017 Q4,0.47,Republic of Ireland,False,322.0,138419.13,-14.77098545235882,9.466188044986602,-15.24098545235882,8.996188044986601
Waterford,2018,1,2018 Q1,0.23,Republic of Ireland,False,244.0,153703.78,11.0422959601032,16.45987654344374,10.8122959601032,16.22987654344374
Waterford,2018,2,2018 Q2,0.17,Republic of Ireland,False,290.0,156504.03,1.8218484932511103,22.028111122096394,1.6518484932511104,21.858111122096396
Waterford,2018,3,2018 Q3,0.77,Republic of Ireland,False,289.0,166077.93,6.117350460560012,2.2594081613728667,5.347350460560012,1.4894081613728667
Waterford,2018,4,2018 Q4,0.73,Republic of Ireland,False,328.0,166423.34,0.2079806750963309,20.23145933658157,-0.5220193249036691,19.50145933658157
Waterford,2019,1,2019 Q1,0.83,Republic of Ireland,False,237.0,165453.6,-0.5826947109702219,7.64445741022115,-1.412694710970222,6.81445741022115
Waterford,2019,2,2019 Q2,1.17,Republic of Ireland,False,277.0,175996.45,6.372088609737103,12.454899723668468,5.202088609737103,11.284899723668468
Waterford,2019,3,2019 Q3,0.7,Republic of Ireland,False,316.0,174879.51,-0.6346378009329134,5.299668655552248,-1.3346378009329134,4.599668655552248
Waterford,2019,4,2019 Q4,1.03,Republic of Ireland,False,310.0,176600.72,0.9842262252450328,6.115356175401843,-0.0457737747549671,5.085356175401842
Waterford,2020,1,2020 Q1,1.03,Republic of Ireland,False,238.0,170240.56,-3.601434920537128,2.89323411518394,-4.631434920537128,1.86323411518394
Waterford,2020,2,2020 Q2,-0.3,Republic of Ireland,False,161.0,179822.01,5.6281828490226005,2.173657480023028,5.9281828490226,2.473657480023028
Waterford,2020,3,2020 Q3,-0.93,Republic of Ireland,False,231.0,188914.84,5.056572329494036,8.025714390439443,5.986572329494035,8.955714390439443
Waterford,2020,4,2020 Q4,-1.13,Republic of Ireland,False,371.0,188206.49,-0.374957308806445,6.571756898839354,0.7550426911935548,7.701756898839354
Waterford,2021,1,2021 Q1,-0.23,Republic of Ireland,False,287.0,186439.47,-0.9388730431134418,9.51530587070437,-0.7088730431134418,9.745305870704373
Waterford,2021,2,2021 Q2,1.4,Republic of Ireland,False,269.0,183753.86,-1.4404728784092824,2.1865232181533134,-2.8404728784092823,0.7865232181533135
Waterford,2021,3,2021 Q3,2.93,Republic of Ireland,False,339.0,209847.05,14.200077211983464,11.080235941231509,11.270077211983464,8.150235941231509
Waterford,2021,4,2021 Q4,5.27,Republic of Ireland,False,407.0,205909.81,-1.8762427205910148,9.4063281239664,-7.146242720591014,4.1363281239664005
Waterford,2022,1,2022 Q1,5.77,Republic of Ireland,False,300.0,228582.91,11.011180088991402,22.6043551829449,5.241180088991403,16.8343551829449
Waterford,2022,2,2022 Q2,7.97,Republic of Ireland,False,326.0,232445.83,1.689942612070161,26.49847464428774,-6.280057387929839,18.52847464428774
Waterford,2022,3,2022 Q3,8.7,Republic of Ireland,False,352.0,243466.53,4.741190667950468,16.02094477858993,-3.958809332049531,7.320944778589929
Waterford,2022,4,2022 Q4,8.8,Republic of Ireland,False,340.0,234781.64,-3.5671802608761016,14.021590326366674,-12.367180260876102,5.221590326366673
Waterford,2023,1,2023 Q1,7.97,Republic of Ireland,False,273.0,234977.49,0.0834179367688037,2.797488228669409,-7.886582063231196,-5.172511771330591
Waterford,2023,2,2023 Q2,6.63,Republic of Ireland,False,267.0,228139.16,-2.910206420197947,-1.8527628566191057,-9.540206420197949,-8.482762856619106
Waterford,2023,3,2023 Q3,6.23,Republic of Ireland,False,319.0,250795.24,9.930815910780066,3.010150923003674,3.700815910780065,-3.2198490769963266
Waterford,2023,4,2023 Q4,4.5,Republic of Ireland,False,326.0,248350.11,-0.9749507207553076,5.779186992645569,-5.474950720755308,1.2791869926455686
Waterford,2024,1,2024 Q1,3.47,Republic of Ireland,False,228.0,255846.64,3.018532989576705,8.88134008070307,-0.4514670104232947,5.41134008070307
Waterford,2024,2,2024 Q2,2.47,Republic of Ireland,False,301.0,255121.7,-0.2833494315188201,11.827228609064754,-2.7533494315188203,9.357228609064752
Waterford,2024,3,2024 Q3,1.53,Republic of Ireland,False,288.0,256477.23,0.5313268138304128,2.265589251215472,-0.9986731861695872,0.7355892512154718
Waterford,2024,4,2024 Q4,1.03,Republic of Ireland,False,308.0,267333.09,4.232679836724684,7.643636638614759,3.202679836724684,6.613636638614759
Waterford,2025,1,2025 Q1,1.9,Republic of Ireland,False,216.0,265457.64,-0.7015405388087204,3.756547281605882,-2.6015405388087203,1.856547281605882
Waterford,2025,2,2025 Q2,1.9,Republic of Ireland,False,241.0,275839.67,3.910993106094063,8.120818417249476,2.010993106094063,6.220818417249475
Waterford,2025,3,2025 Q3,2.13,Republic of Ireland,False,306.0,279190.31,1.214705629541979,8.85578809471701,-0.915294370458021,6.72578809471701
Waterford,2025,4,2025 Q4,3.05,Republic of Ireland,False,109.0,289004.79,3.515336904063737,8.106628326482124,0.4653369040637374,5.056628326482124
Westmeath,2010,1,2010 Q1,-3.37,Republic of Ireland,False,46.0,159782.61,,,,
Westmeath,2010,2,2010 Q2,-1.33,Republic of Ireland,False,60.0,169535.0,6.103536548814681,,7.433536548814681,
Westmeath,2010,3,2010 Q3,0.2,Republic of Ireland,False,65.0,164041.54,-3.2403102604182,,-3.4403102604182,
Westmeath,2010,4,2010 Q4,0.93,Republic of Ireland,False,59.0,149851.69,-8.65015653961796,,-9.58015653961796,
Westmeath,2011,1,2011 Q1,2.27,Republic of Ireland,False,38.0,128736.84,-14.090498412130026,-19.430005555673425,-16.360498412130028,-21.700005555673425
Westmeath,2011,2,2011 Q2,2.87,Republic of Ireland,False,55.0,143600.0,11.545382036719245,-15.297726133246826,8.675382036719242,-18.167726133246827
Westmeath,2011,3,2011 Q3,2.43,Republic of Ireland,False,60.0,136611.93,-4.866344011142065,-16.721136609666075,-7.296344011142064,-19.151136609666075
Westmeath,2011,4,2011 Q4,2.7,Republic of Ireland,False,68.0,128666.21,-5.816270950860581,-14.13763168103076,-8.51627095086058,-16.83763168103076
Westmeath,2012,1,2012 Q1,2.13,Republic of Ireland,False,64.0,92179.68,-28.357507382863,-28.39681321989883,-30.487507382863,-30.52681321989883
Westmeath,2012,2,2012 Q2,1.8,Republic of Ireland,False,64.0,108154.39,17.329969034390235,-24.683572423398324,15.529969034390234,-26.483572423398325
Westmeath,2012,3,2012 Q3,1.77,Republic of Ireland,False,91.0,113207.92,4.672514911322589,-17.131746839386576,2.902514911322589,-18.901746839386576
Westmeath,2012,4,2012 Q4,1.07,Republic of Ireland,False,108.0,106533.8,-5.895453250973959,-17.20141597393753,-6.965453250973959,-18.27141597393753
Westmeath,2013,1,2013 Q1,0.97,Republic of Ireland,False,68.0,97144.85,-8.813118465688818,5.386404031777947,-9.78311846568882,4.416404031777947
Westmeath,2013,2,2013 Q2,0.53,Republic of Ireland,False,93.0,109042.94,12.2477825638724,0.8215570352715362,11.7177825638724,0.2915570352715362
Westmeath,2013,3,2013 Q3,0.3,Republic of Ireland,False,109.0,98500.83,-9.667851948966156,-12.991220048915295,-9.967851948966157,-13.291220048915298
Westmeath,2013,4,2013 Q4,0.23,Republic of Ireland,False,145.0,101714.17,3.262246622693432,-4.524038380307472,3.032246622693432,-4.754038380307472
Westmeath,2014,1,2014 Q1,0.07,Republic of Ireland,False,95.0,84222.32,-17.197063103400435,-13.302331518346056,-17.267063103400435,-13.372331518346057
Westmeath,2014,2,2014 Q2,0.37,Republic of Ireland,False,151.0,93708.28,11.263000116833632,-14.062955382530962,10.893000116833631,-14.43295538253096
Westmeath,2014,3,2014 Q3,0.37,Republic of Ireland,False,202.0,99519.3,6.201180941534723,1.0339709827825727,5.831180941534723,0.6639709827825727
Westmeath,2014,4,2014 Q4,-0.03,Republic of Ireland,False,292.0,107252.0,7.770050633394732,5.4445019804025385,7.800050633394732,5.474501980402539
Westmeath,2015,1,2015 Q1,-0.6,Republic of Ireland,False,162.0,106344.72,-0.8459329429754248,26.26667135267704,-0.2459329429754247,26.86667135267704
Westmeath,2015,2,2015 Q2,-0.43,Republic of Ireland,False,174.0,104241.87,-1.9773901327682308,11.240831653296812,-1.547390132768231,11.670831653296812
Westmeath,2015,3,2015 Q3,-0.17,Republic of Ireland,False,203.0,118878.83,14.041344423310909,19.45304076696681,14.211344423310909,19.623040766966813
Westmeath,2015,4,2015 Q4,-0.07,Republic of Ireland,False,263.0,110223.06,-7.28117024704904,2.770167456084738,-7.21117024704904,2.8401674560847376
Westmeath,2016,1,2016 Q1,-0.13,Republic of Ireland,False,125.0,122171.6,10.840326878967076,14.882619466203884,10.970326878967075,15.012619466203883
Westmeath,2016,2,2016 Q2,0.17,Republic of Ireland,False,205.0,117341.84,-3.953259186259339,12.566898502492329,-4.12325918625934,12.396898502492329
Westmeath,2016,3,2016 Q3,0.13,Republic of Ireland,False,221.0,126063.42,7.432625907348989,6.043624419924054,7.302625907348989,5.913624419924054
Westmeath,2016,4,2016 Q4,-0.07,Republic of Ireland,False,249.0,132330.98,4.971751519988921,20.057436256986527,5.041751519988921,20.127436256986527
Westmeath,2017,1,2017 Q1,0.57,Republic of Ireland,False,165.0,131991.09,-0.2568483963468093,8.03745715043429,-0.8268483963468093,7.46745715043429
Westmeath,2017,2,2017 Q2,0.23,Republic of Ireland,False,185.0,142143.66,7.6918601096483075,21.13638238500437,7.461860109648307,20.90638238500437
Westmeath,2017,3,2017 Q3,0.2,Republic of Ireland,False,241.0,146622.61,3.151002302881456,16.3086087938912,2.951002302881456,16.1086087938912
Westmeath,2017,4,2017 Q4,0.47,Republic of Ireland,False,206.0,162715.3,10.975585552596566,22.96085164637937,10.505585552596566,22.490851646379376
Westmeath,2018,1,2018 Q1,0.23,Republic of Ireland,False,187.0,167254.81,2.789848281015983,26.71674277407665,2.559848281015983,26.48674277407665
Westmeath,2018,2,2018 Q2,0.17,Republic of Ireland,False,190.0,167232.52,-0.0133269709851724,17.650354577896742,-0.1833269709851724,17.48035457789674
Westmeath,2018,3,2018 Q3,0.77,Republic of Ireland,False,185.0,177904.85,6.381731256576173,21.335208805790607,5.6117312565761726,20.565208805790608
Westmeath,2018,4,2018 Q4,0.73,Republic of Ireland,False,252.0,162975.89,-8.39154188320329,0.1601508893140479,-9.12154188320329,-0.569849110685952
Westmeath,2019,1,2019 Q1,0.83,Republic of Ireland,False,151.0,164523.34,0.9494962721172896,-1.633118951855561,0.1194962721172895,-2.463118951855561
Westmeath,2019,2,2019 Q2,1.17,Republic of Ireland,False,199.0,178714.76,8.625779175161409,6.866032994061211,7.455779175161409,5.696032994061211
Westmeath,2019,3,2019 Q3,0.7,Republic of Ireland,False,365.0,159744.97,-10.614562557675711,-10.207636272985257,-11.31456255767571,-10.907636272985254
Westmeath,2019,4,2019 Q4,1.03,Republic of Ireland,False,216.0,170485.57,6.723591985400224,4.607847209792815,5.693591985400223,3.5778472097928145
Westmeath,2020,1,2020 Q1,1.03,Republic of Ireland,False,181.0,168817.53,-0.9784053864500096,2.610079518200892,-2.008405386450009,1.5800795182008918
Westmeath,2020,2,2020 Q2,-0.3,Republic of Ireland,False,106.0,198188.46,17.39803324927216,10.896525838156832,17.69803324927216,11.196525838156834
Westmeath,2020,3,2020 Q3,-0.93,Republic of Ireland,False,163.0,179329.39,-9.5157255876553,12.259803861116891,-8.5857255876553,13.189803861116893
Westmeath,2020,4,2020 Q4,-1.13,Republic of Ireland,False,279.0,182002.14,1.4904138133743805,6.755158222481827,2.6204138133743804,7.885158222481827
Westmeath,2021,1,2021 Q1,-0.23,Republic of Ireland,False,206.0,185468.06,1.9043292567878511,9.863033773802998,2.134329256787851,10.093033773803
Westmeath,2021,2,2021 Q2,1.4,Republic of Ireland,False,165.0,194063.33,4.634366693650649,-2.081417858537271,3.234366693650649,-3.481417858537271
Westmeath,2021,3,2021 Q3,2.93,Republic of Ireland,False,239.0,204972.59,5.621494797600346,14.29949658558476,2.691494797600346,11.36949658558476
Westmeath,2021,4,2021 Q4,5.27,Republic of Ireland,False,266.0,213408.02,4.115394160750951,17.255775124402373,-1.154605839249048,11.985775124402371
Westmeath,2022,1,2022 Q1,5.77,Republic of Ireland,False,189.0,234324.6,9.801215530700302,26.34229311505172,4.031215530700303,20.57229311505172
Westmeath,2022,2,2022 Q2,7.97,Republic of Ireland,False,207.0,215654.95,-7.967430649620222,11.126069000258854,-15.937430649620222,3.156069000258854
Westmeath,2022,3,2022 Q3,8.7,Republic of Ireland,False,236.0,224839.76,4.259030455827695,9.692598410353304,-4.4409695441723045,0.9925984103533044
Westmeath,2022,4,2022 Q4,8.8,Republic of Ireland,False,285.0,242174.52,7.709828546338948,13.479577759073912,-1.0901714536610525,4.679577759073911
Westmeath,2023,1,2023 Q1,7.97,Republic of Ireland,False,188.0,222497.02,-8.125338702023644,-5.047519551937785,-16.095338702023643,-13.017519551937784
Westmeath,2023,2,2023 Q2,6.63,Republic of Ireland,False,231.0,227068.61,2.054674709800608,5.292556465780152,-4.575325290199392,-1.3374435342198483
Westmeath,2023,3,2023 Q3,6.23,Republic of Ireland,False,253.0,253426.92,11.608081803997482,12.714459399885492,5.378081803997482,6.484459399885491
Westmeath,2023,4,2023 Q4,4.5,Republic of Ireland,False,222.0,241574.05,-4.677036677871483,-0.2479492888021406,-9.177036677871484,-4.747949288802141
Westmeath,2024,1,2024 Q1,3.47,Republic of Ireland,False,161.0,239070.35,-1.0364109886802808,7.448787403984114,-4.5064109886802814,3.978787403984114
Westmeath,2024,2,2024 Q2,2.47,Republic of Ireland,False,166.0,252783.13,5.735876489911851,11.324559568141112,3.26587648991185,8.854559568141111
Westmeath,2024,3,2024 Q3,1.53,Republic of Ireland,False,205.0,271266.43,7.311919905414577,7.039311372288304,5.7819199054145765,5.509311372288304
Westmeath,2024,4,2024 Q4,1.03,Republic of Ireland,False,227.0,274444.52,1.1715751189706802,13.606788477487552,0.1415751189706802,12.576788477487552
Westmeath,2025,1,2025 Q1,1.9,Republic of Ireland,False,164.0,270498.34,-1.4378789563734062,13.145917090931604,-3.337878956373406,11.245917090931602
Westmeath,2025,2,2025 Q2,1.9,Republic of Ireland,False,163.0,295201.07,9.132303732436942,16.780368215236518,7.232303732436941,14.880368215236516
Westmeath,2025,3,2025 Q3,2.13,Republic of Ireland,False,234.0,297677.31,0.8388316478663116,9.736140221995026,-1.2911683521336883,7.606140221995026
Westmeath,2025,4,2025 Q4,3.05,Republic of Ireland,False,80.0,300415.0,0.9196838012275776,9.462925330044849,-2.130316198772422,6.412925330044847
Wexford,2010,1,2010 Q1,-3.37,Republic of Ireland,False,82.0,186600.56,,,,
Wexford,2010,2,2010 Q2,-1.33,Republic of Ireland,False,89.0,171099.44,-8.307113333421935,,-6.977113333421935,
Wexford,2010,3,2010 Q3,0.2,Republic of Ireland,False,147.0,171419.75,0.1872069248151753,,-0.0127930751848246,
Wexford,2010,4,2010 Q4,0.93,Republic of Ireland,False,128.0,162251.55,-5.3483918859991375,,-6.278391885999137,
Wexford,2011,1,2011 Q1,2.27,Republic of Ireland,False,72.0,148345.31,-8.57079023282058,-20.5011442623752,-10.84079023282058,-22.7711442623752
Wexford,2011,2,2011 Q2,2.87,Republic of Ireland,False,100.0,137824.5,-7.092108270898489,-19.44771999253767,-9.96210827089849,-22.317719992537672
Wexford,2011,3,2011 Q3,2.43,Republic of Ireland,False,143.0,133523.57,-3.1205845114620323,-22.10724260185888,-5.5505845114620325,-24.53724260185888
Wexford,2011,4,2011 Q4,2.7,Republic of Ireland,False,146.0,129209.25,-3.231129904630325,-20.364859380388044,-5.931129904630326,-23.064859380388043
Wexford,2012,1,2012 Q1,2.13,Republic of Ireland,False,126.0,123733.86,-4.237614567068537,-16.590649208930163,-6.367614567068537,-18.72064920893016
Wexford,2012,2,2012 Q2,1.8,Republic of Ireland,False,139.0,117013.62,-5.431205330537658,-15.099550515329286,-7.231205330537658,-16.899550515329285
Wexford,2012,3,2012 Q3,1.77,Republic of Ireland,False,205.0,119635.94,2.241038265460049,-10.4008827804709,0.4710382654600491,-12.1708827804709
Wexford,2012,4,2012 Q4,1.07,Republic of Ireland,False,243.0,123977.59,3.629051604392464,-4.048982561233039,2.559051604392464,-5.11898256123304
Wexford,2013,1,2013 Q1,0.97,Republic of Ireland,False,137.0,116147.08,-6.316068895999671,-6.131531013418634,-7.286068895999671,-7.101531013418634
Wexford,2013,2,2013 Q2,0.53,Republic of Ireland,False,163.0,114100.98,-1.7616456651342485,-2.4891461352960498,-2.291645665134248,-3.01914613529605
Wexford,2013,3,2013 Q3,0.3,Republic of Ireland,False,218.0,103311.73,-9.455878468353209,-13.64490470004248,-9.755878468353208,-13.944904700042482
Wexford,2013,4,2013 Q4,0.23,Republic of Ireland,False,280.0,113084.0,9.459013027852702,-8.786741216698923,9.229013027852702,-9.016741216698923
Wexford,2014,1,2014 Q1,0.07,Republic of Ireland,False,180.0,114456.97,1.2141151710233222,-1.455146354088277,1.1441151710233222,-1.525146354088277
Wexford,2014,2,2014 Q2,0.37,Republic of Ireland,False,263.0,109701.91,-4.154452105450634,-3.85541824443576,-4.524452105450634,-4.22541824443576
Wexford,2014,3,2014 Q3,0.37,Republic of Ireland,False,344.0,116483.68,6.1819981074167085,12.749713899864034,5.811998107416708,12.379713899864036
Wexford,2014,4,2014 Q4,-0.03,Republic of Ireland,False,393.0,122295.95,4.989771957754097,8.146112624243917,5.019771957754097,8.176112624243917
Wexford,2015,1,2015 Q1,-0.6,Republic of Ireland,False,268.0,127324.68,4.1119350231957785,11.242399654647508,4.711935023195778,11.842399654647506
Wexford,2015,2,2015 Q2,-0.43,Republic of Ireland,False,298.0,128796.5,1.1559581378881134,17.40588655202082,1.5859581378881134,17.83588655202082
Wexford,2015,3,2015 Q3,-0.17,Republic of Ireland,False,358.0,133691.71,3.8007321627528734,14.772910677272556,3.970732162752873,14.942910677272556
Wexford,2015,4,2015 Q4,-0.07,Republic of Ireland,False,354.0,127660.08,-4.51159611916101,4.386187768278504,-4.44159611916101,4.456187768278505
Wexford,2016,1,2016 Q1,-0.13,Republic of Ireland,False,239.0,131231.8,2.797836253901753,3.068627386300915,2.927836253901753,3.198627386300915
Wexford,2016,2,2016 Q2,0.17,Republic of Ireland,False,314.0,125498.61,-4.368750561982681,-2.5605431824622604,-4.538750561982681,-2.7305431824622604
Wexford,2016,3,2016 Q3,0.13,Republic of Ireland,False,344.0,147089.42,17.204023215874663,10.021346873340176,17.074023215874664,9.891346873340174
Wexford,2016,4,2016 Q4,-0.07,Republic of Ireland,False,367.0,146153.27,-0.6364495828456107,14.48627480101845,-0.5664495828456106,14.55627480101845
Wexford,2017,1,2017 Q1,0.57,Republic of Ireland,False,248.0,143505.31,-1.811769247448236,9.352542600192958,-2.381769247448236,8.782542600192958
Wexford,2017,2,2017 Q2,0.23,Republic of Ireland,False,289.0,148028.99,3.152273598795752,17.952692862494636,2.922273598795752,17.722692862494636
Wexford,2017,3,2017 Q3,0.2,Republic of Ireland,False,372.0,148711.26,0.4609029623183991,1.1026217929202442,0.2609029623183991,0.9026217929202442
Wexford,2017,4,2017 Q4,0.47,Republic of Ireland,False,402.0,171460.29,15.29744956770589,17.315397732804772,14.827449567705887,16.845397732804773
Wexford,2018,1,2018 Q1,0.23,Republic of Ireland,False,263.0,154317.63,-9.998035113553115,7.53443896954058,-10.228035113553116,7.30443896954058
Wexford,2018,2,2018 Q2,0.17,Republic of Ireland,False,306.0,168689.74,9.31332991570697,13.957232296187394,9.14332991570697,13.787232296187394
Wexford,2018,3,2018 Q3,0.77,Republic of Ireland,False,369.0,163045.93,-3.3456747280540045,9.639263361765591,-4.115674728054005,8.869263361765594
Wexford,2018,4,2018 Q4,0.73,Republic of Ireland,False,411.0,175827.99,7.839545580806595,2.5473536758860997,7.109545580806595,1.8173536758860995
Wexford,2019,1,2019 Q1,0.83,Republic of Ireland,False,277.0,174302.52,-0.8675922417130555,12.950490491591914,-1.6975922417130556,12.120490491591914
Wexford,2019,2,2019 Q2,1.17,Republic of Ireland,False,343.0,168255.33,-3.4693646425766,-0.257520107624809,-4.6393646425766,-1.427520107624809
Wexford,2019,3,2019 Q3,0.7,Republic of Ireland,False,372.0,187619.66,11.50889543885476,15.07166109574156,10.808895438854762,14.371661095741562
Wexford,2019,4,2019 Q4,1.03,Republic of Ireland,False,400.0,181502.2,-3.2605644845534854,3.2271369308151776,-4.290564484553485,2.1971369308151774
Wexford,2020,1,2020 Q1,1.03,Republic of Ireland,False,284.0,178187.5,-1.826258855264573,2.228871963526413,-2.8562588552645733,1.1988719635264131
Wexford,2020,2,2020 Q2,-0.3,Republic of Ireland,False,202.0,172056.31,-3.4408642581550297,2.259054735442856,-3.14086425815503,2.559054735442856
Wexford,2020,3,2020 Q3,-0.93,Republic of Ireland,False,313.0,186429.56,8.353805797648462,-0.6343151885042309,9.283805797648462,0.2956848114957692
Wexford,2020,4,2020 Q4,-1.13,Republic of Ireland,False,546.0,188213.04,0.956650865882014,3.697387690066556,2.0866508658820138,4.827387690066556
Wexford,2021,1,2021 Q1,-0.23,Republic of Ireland,False,349.0,208733.47,10.902767417177884,17.142599789547532,11.132767417177885,17.372599789547532
Wexford,2021,2,2021 Q2,1.4,Republic of Ireland,False,398.0,190413.61,-8.776675824916824,10.669355863786675,-10.176675824916824,9.269355863786677
Wexford,2021,3,2021 Q3,2.93,Republic of Ireland,False,437.0,222552.38,16.878399605994552,19.376122541940237,13.948399605994553,16.446122541940234
Wexford,2021,4,2021 Q4,5.27,Republic of Ireland,False,480.0,227387.03,2.1723649956023827,20.813642880429526,-3.097635004397617,15.543642880429529
Wexford,2022,1,2022 Q1,5.77,Republic of Ireland,False,325.0,233551.79,2.7111308855214844,11.889957082589577,-3.058869114478515,6.119957082589576
Wexford,2022,2,2022 Q2,7.97,Republic of Ireland,False,398.0,230142.38,-1.4598089785567536,20.864459215914245,-9.429808978556752,12.894459215914246
Wexford,2022,3,2022 Q3,8.7,Republic of Ireland,False,432.0,248698.43,8.062856567312803,11.748267980778282,-0.6371434326871963,3.048267980778282
Wexford,2022,4,2022 Q4,8.8,Republic of Ireland,False,482.0,243357.64,-2.147496467910948,7.023536038972855,-10.947496467910948,-1.7764639610271455
Wexford,2023,1,2023 Q1,7.97,Republic of Ireland,False,345.0,251964.25,3.5366097402982577,7.883673252943169,-4.433390259701742,-0.0863267470568311
Wexford,2023,2,2023 Q2,6.63,Republic of Ireland,False,406.0,248260.86,-1.46980772073817,7.872726440041156,-8.09980772073817,1.2427264400411555
Wexford,2023,3,2023 Q3,6.23,Republic of Ireland,False,446.0,250843.15,1.0401518789550757,0.8623777801894494,-5.189848121044925,-5.367622219810551
Wexford,2023,4,2023 Q4,4.5,Republic of Ireland,False,417.0,248188.58,-1.0582589159799705,1.9851195138151256,-5.5582589159799705,-2.5148804861848744
Wexford,2024,1,2024 Q1,3.47,Republic of Ireland,False,290.0,261856.02,5.506877069041605,3.925862498350452,2.0368770690416045,0.4558624983504518
Wexford,2024,2,2024 Q2,2.47,Republic of Ireland,False,326.0,254987.73,-2.622926140861681,2.7095974774275837,-5.092926140861682,0.239597477427583
Wexford,2024,3,2024 Q3,1.53,Republic of Ireland,False,422.0,259399.97,1.7303734575777383,3.411223308270528,0.2003734575777385,1.881223308270528
Wexford,2024,4,2024 Q4,1.03,Republic of Ireland,False,449.0,277620.03,7.023925253345253,11.8585029174187,5.993925253345253,10.8285029174187
Wexford,2025,1,2025 Q1,1.9,Republic of Ireland,False,326.0,280501.18,1.0378033602258308,7.120386233625631,-0.8621966397741692,5.22038623362563
Wexford,2025,2,2025 Q2,1.9,Republic of Ireland,False,324.0,291244.68,3.8301086647835048,14.2190959541465,1.9301086647835048,12.3190959541465
Wexford,2025,3,2025 Q3,2.13,Republic of Ireland,False,408.0,300070.07,3.0302321745413474,15.678529184101286,0.9002321745413475,13.548529184101287
Wexford,2025,4,2025 Q4,3.05,Republic of Ireland,False,165.0,278003.64,-7.353759073672361,0.1381780702206514,-10.403759073672362,-2.9118219297793484
Wicklow,2010,1,2010 Q1,-3.37,Republic of Ireland,False,65.0,290430.77,,,,
Wicklow,2010,2,2010 Q2,-1.33,Republic of Ireland,False,90.0,289737.22,-0.2388004549242706,,1.0911995450757297,
Wicklow,2010,3,2010 Q3,0.2,Republic of Ireland,False,148.0,295786.58,2.087878112449637,,1.887878112449637,
Wicklow,2010,4,2010 Q4,0.93,Republic of Ireland,False,127.0,283019.97,-4.316155925667776,,-5.246155925667775,
Wicklow,2011,1,2011 Q1,2.27,Republic of Ireland,False,75.0,261881.28,-7.468974715812449,-9.830050032233162,-9.738974715812448,-12.10005003223316
Wicklow,2011,2,2011 Q2,2.87,Republic of Ireland,False,90.0,253280.56,-3.2842057286416204,-12.582663697815557,-6.154205728641621,-15.452663697815556
Wicklow,2011,3,2011 Q3,2.43,Republic of Ireland,False,121.0,239690.08,-5.365780934786313,-18.96519443174197,-7.795780934786313,-21.39519443174197
Wicklow,2011,4,2011 Q4,2.7,Republic of Ireland,False,132.0,232334.5,-3.0687878280152403,-17.908796329813747,-5.76878782801524,-20.608796329813742
Wicklow,2012,1,2012 Q1,2.13,Republic of Ireland,False,85.0,193210.02,-16.839720317042882,-26.22228667891039,-18.96972031704288,-28.35228667891039
Wicklow,2012,2,2012 Q2,1.8,Republic of Ireland,False,119.0,203612.83,5.384197983106676,-19.609767919022293,3.584197983106676,-21.409767919022293
Wicklow,2012,3,2012 Q3,1.77,Republic of Ireland,False,161.0,248751.55,22.168897706495216,3.7804943784073055,20.398897706495216,2.0104943784073064
Wicklow,2012,4,2012 Q4,1.07,Republic of Ireland,False,208.0,217709.56,-12.479114200494424,-6.294777572852938,-13.549114200494424,-7.364777572852938
Wicklow,2013,1,2013 Q1,0.97,Republic of Ireland,False,129.0,208705.99,-4.135587798716789,8.020272447567688,-5.105587798716789,7.050272447567688
Wicklow,2013,2,2013 Q2,0.53,Republic of Ireland,False,141.0,212936.4,2.026971051477733,4.579068028277011,1.4969710514777328,4.049068028277011
Wicklow,2013,3,2013 Q3,0.3,Republic of Ireland,False,219.0,208133.24,-2.255678221290492,-16.32886709650654,-2.555678221290491,-16.62886709650654
Wicklow,2013,4,2013 Q4,0.23,Republic of Ireland,False,255.0,239330.43,14.98904740059781,9.931061364507832,14.75904740059781,9.701061364507831
Wicklow,2014,1,2014 Q1,0.07,Republic of Ireland,False,187.0,267006.83,11.564095714865852,27.93443542276865,11.494095714865852,27.86443542276865
Wicklow,2014,2,2014 Q2,0.37,Republic of Ireland,False,260.0,214453.68,-19.68232423118166,0.7125507898132932,-20.05232423118166,0.3425507898132932
Wicklow,2014,3,2014 Q3,0.37,Republic of Ireland,False,267.0,263601.53,22.91769952373865,26.6503754998481,22.54769952373865,26.2803754998481
Wicklow,2014,4,2014 Q4,-0.03,Republic of Ireland,False,335.0,252477.94,-4.219850317257268,5.493455220048693,-4.189850317257267,5.523455220048693
Wicklow,2015,1,2015 Q1,-0.6,Republic of Ireland,False,207.0,247584.15,-1.938303995984758,-7.274225906505849,-1.338303995984758,-6.67422590650585
Wicklow,2015,2,2015 Q2,-0.43,Republic of Ireland,False,282.0,254663.42,2.8593389358729127,18.74984845212264,3.289338935872913,19.17984845212264
Wicklow,2015,3,2015 Q3,-0.17,Republic of Ireland,False,258.0,274605.55,7.830779151556189,4.174490186001556,8.00077915155619,4.344490186001556
Wicklow,2015,4,2015 Q4,-0.07,Republic of Ireland,False,293.0,282247.33,2.7828206676813405,11.79088755239368,2.8528206676813403,11.86088755239368
Wicklow,2016,1,2016 Q1,-0.13,Republic of Ireland,False,204.0,294728.19,4.4219585708746845,19.041622817938865,4.551958570874684,19.171622817938864
Wicklow,2016,2,2016 Q2,0.17,Republic of Ireland,False,232.0,285951.07,-2.9780388499654475,12.285883068718697,-3.1480388499654475,12.115883068718697
Wicklow,2016,3,2016 Q3,0.13,Republic of Ireland,False,286.0,282803.55,-1.1007197839826288,2.9853730195911865,-1.2307197839826287,2.8553730195911866
Wicklow,2016,4,2016 Q4,-0.07,Republic of Ireland,False,312.0,290615.7,2.762394602189411,2.9649067008003183,2.83239460218941,3.034906700800318
Wicklow,2017,1,2017 Q1,0.57,Republic of Ireland,False,240.0,282375.67,-2.835369871620852,-4.1911566043275394,-3.405369871620852,-4.76115660432754
Wicklow,2017,2,2017 Q2,0.23,Republic of Ireland,False,277.0,311588.41,10.345345971202114,8.965638771696138,10.115345971202114,8.735638771696138
Wicklow,2017,3,2017 Q3,0.2,Republic of Ireland,False,305.0,316855.65,1.6904479855332388,12.040902598287762,1.4904479855332389,11.840902598287762
Wicklow,2017,4,2017 Q4,0.47,Republic of Ireland,False,307.0,308673.08,-2.5824283076536614,6.213490874718741,-3.0524283076536616,5.743490874718741
Wicklow,2018,1,2018 Q1,0.23,Republic of Ireland,False,229.0,320455.89,3.817245741028019,13.485659015877683,3.587245741028019,13.255659015877685
Wicklow,2018,2,2018 Q2,0.17,Republic of Ireland,False,235.0,333417.09,4.044612817071336,7.005613591339954,3.874612817071336,6.835613591339954
Wicklow,2018,3,2018 Q3,0.77,Republic of Ireland,False,271.0,312053.38,-6.407502986724534,-1.515601820576662,-7.177502986724534,-2.285601820576662
Wicklow,2018,4,2018 Q4,0.73,Republic of Ireland,False,305.0,318815.58,2.1670010432189635,3.285838855788792,1.4370010432189635,2.555838855788792
Wicklow,2019,1,2019 Q1,0.83,Republic of Ireland,False,203.0,305444.44,-4.194004571545729,-4.684404458910086,-5.024004571545729,-5.514404458910086
Wicklow,2019,2,2019 Q2,1.17,Republic of Ireland,False,266.0,297456.81,-2.615084432376636,-10.785373959085309,-3.7850844323766353,-11.955373959085309
Wicklow,2019,3,2019 Q3,0.7,Republic of Ireland,False,361.0,335119.2,12.661465037562936,7.3916263941765425,11.961465037562936,6.691626394176542
Wicklow,2019,4,2019 Q4,1.03,Republic of Ireland,False,311.0,325426.78,-2.892230585415567,2.073675320384294,-3.922230585415568,1.043675320384294
Wicklow,2020,1,2020 Q1,1.03,Republic of Ireland,False,217.0,333684.11,2.53738490729003,9.245435929362468,1.50738490729003,8.215435929362467
Wicklow,2020,2,2020 Q2,-0.3,Republic of Ireland,False,163.0,322644.59,-3.3083744982642327,8.467709984518423,-3.008374498264233,8.767709984518424
Wicklow,2020,3,2020 Q3,-0.93,Republic of Ireland,False,226.0,324269.22,0.5035354846643969,-3.2376479771973776,1.433535484664397,-2.307647977197377
Wicklow,2020,4,2020 Q4,-1.13,Republic of Ireland,False,487.0,348955.53,7.61290572074651,7.2301210121674675,8.74290572074651,8.360121012167468
Wicklow,2021,1,2021 Q1,-0.23,Republic of Ireland,False,322.0,374010.19,7.179900544920437,12.085106479898023,7.409900544920437,12.315106479898024
Wicklow,2021,2,2021 Q2,1.4,Republic of Ireland,False,268.0,363857.38,-2.7145811187657687,12.773432835182508,-4.114581118765768,11.373432835182507
Wicklow,2021,3,2021 Q3,2.93,Republic of Ireland,False,368.0,404732.96,11.233956557374224,24.813869167107526,8.303956557374224,21.883869167107527
Wicklow,2021,4,2021 Q4,5.27,Republic of Ireland,False,370.0,376868.13,-6.884744449772517,7.998898885482619,-12.154744449772515,2.72889888548262
Wicklow,2022,1,2022 Q1,5.77,Republic of Ireland,False,258.0,389030.02,3.2270943154572462,4.01588790936418,-2.5429056845427533,-1.75411209063582
Wicklow,2022,2,2022 Q2,7.97,Republic of Ireland,False,298.0,425259.77,9.31284171848743,16.875400465973776,1.3428417184874304,8.905400465973777
Wicklow,2022,3,2022 Q3,8.7,Republic of Ireland,False,346.0,425647.3,0.0911278299379203,5.167441762094183,-8.608872170062078,-3.5325582379058167
Wicklow,2022,4,2022 Q4,8.8,Republic of Ireland,False,343.0,459546.54,7.964161877686049,21.93828647702314,-0.8358381223139517,13.13828647702314
Wicklow,2023,1,2023 Q1,7.97,Republic of Ireland,False,252.0,414454.09,-9.812379394696336,6.535246303100206,-17.782379394696335,-1.4347536968997936
Wicklow,2023,2,2023 Q2,6.63,Republic of Ireland,False,298.0,438707.21,5.851823057169003,3.1621707362537554,-0.7781769428309966,-3.4678292637462445
Wicklow,2023,3,2023 Q3,6.23,Republic of Ireland,False,374.0,416903.03,-4.970098394325451,-2.0543464037008907,-11.200098394325453,-8.28434640370089
Wicklow,2023,4,2023 Q4,4.5,Republic of Ireland,False,361.0,412598.55,-1.0324894976177168,-10.21615569121682,-5.532489497617717,-14.71615569121682
Wicklow,2024,1,2024 Q1,3.47,Republic of Ireland,False,281.0,433852.05,5.151132983865314,4.680363993995074,1.681132983865314,1.2103639939950734
Wicklow,2024,2,2024 Q2,2.47,Republic of Ireland,False,307.0,395364.65,-8.871088657988357,-9.879609683187107,-11.341088657988358,-12.349609683187108
Wicklow,2024,3,2024 Q3,1.53,Republic of Ireland,False,375.0,451250.53,14.135274865873823,8.238726401196939,12.605274865873826,6.708726401196938
Wicklow,2024,4,2024 Q4,1.03,Republic of Ireland,False,428.0,438714.86,-2.777984548849177,6.329714440344003,-3.807984548849177,5.299714440344003
Wicklow,2025,1,2025 Q1,1.9,Republic of Ireland,False,273.0,477255.01,8.784783355640169,10.00409240892144,6.8847833556401685,8.104092408921439
Wicklow,2025,2,2025 Q2,1.9,Republic of Ireland,False,288.0,456471.41,-4.354820706858586,15.455797578260968,-6.254820706858586,13.555797578260966
Wicklow,2025,3,2025 Q3,2.13,Republic of Ireland,False,343.0,521350.59,14.21319683526292,15.534621089530898,12.08319683526292,13.4046210895309
Wicklow,2025,4,2025 Q4,3.05,Republic of Ireland,False,127.0,457443.51,-12.257985552485906,4.268980084239682,-15.307985552485906,1.218980084239682
