County,Year,Quarter,Period,transaction_count,avg_price
Antrim and Newtownabbey,2010,1,2010 Q1,217.0,148341.7353
Antrim and Newtownabbey,2010,2,2010 Q2,245.0,152846.09050000002
Antrim and Newtownabbey,2010,3,2010 Q3,269.0,156920.989
Antrim and Newtownabbey,2010,4,2010 Q4,270.0,138840.46709999998
Antrim and Newtownabbey,2011,1,2011 Q1,205.0,134269.202
Antrim and Newtownabbey,2011,2,2011 Q2,224.0,131161.4975
Antrim and Newtownabbey,2011,3,2011 Q3,283.0,132028.3188
Antrim and Newtownabbey,2011,4,2011 Q4,252.0,125074.488
Antrim and Newtownabbey,2012,1,2012 Q1,317.0,121151.571
Antrim and Newtownabbey,2012,2,2012 Q2,275.0,125496.5104
Antrim and Newtownabbey,2012,3,2012 Q3,304.0,127982.3964
Antrim and Newtownabbey,2012,4,2012 Q4,343.0,122768.784
Antrim and Newtownabbey,2013,1,2013 Q1,291.0,112434.7431
Antrim and Newtownabbey,2013,2,2013 Q2,330.0,114803.218
Antrim and Newtownabbey,2013,3,2013 Q3,359.0,115157.5464
Antrim and Newtownabbey,2013,4,2013 Q4,383.0,118065.322
Antrim and Newtownabbey,2014,1,2014 Q1,404.0,122075.2056
Antrim and Newtownabbey,2014,2,2014 Q2,486.0,128030.0728
Antrim and Newtownabbey,2014,3,2014 Q3,471.0,134305.34
Antrim and Newtownabbey,2014,4,2014 Q4,479.0,135749.4914
Antrim and Newtownabbey,2015,1,2015 Q1,385.0,144855.1485
Antrim and Newtownabbey,2015,2,2015 Q2,478.0,155286.39450000002
Antrim and Newtownabbey,2015,3,2015 Q3,571.0,158381.4617
Antrim and Newtownabbey,2015,4,2015 Q4,542.0,159156.553
Antrim and Newtownabbey,2016,1,2016 Q1,538.0,146682.70380000002
Antrim and Newtownabbey,2016,2,2016 Q2,402.0,152246.172
Antrim and Newtownabbey,2016,3,2016 Q3,570.0,144100.27889999998
Antrim and Newtownabbey,2016,4,2016 Q4,545.0,141085.2345
Antrim and Newtownabbey,2017,1,2017 Q1,509.0,140716.9302
Antrim and Newtownabbey,2017,2,2017 Q2,634.0,144885.9796
Antrim and Newtownabbey,2017,3,2017 Q3,600.0,139534.024
Antrim and Newtownabbey,2017,4,2017 Q4,667.0,139097.7746
Antrim and Newtownabbey,2018,1,2018 Q1,443.0,141632.66520000002
Antrim and Newtownabbey,2018,2,2018 Q2,590.0,144597.4467
Antrim and Newtownabbey,2018,3,2018 Q3,647.0,145916.2607
Antrim and Newtownabbey,2018,4,2018 Q4,647.0,148739.8
Antrim and Newtownabbey,2019,1,2019 Q1,499.0,149342.496
Antrim and Newtownabbey,2019,2,2019 Q2,564.0,149173.4712
Antrim and Newtownabbey,2019,3,2019 Q3,618.0,150065.2192
Antrim and Newtownabbey,2019,4,2019 Q4,573.0,158287.4952
Antrim and Newtownabbey,2020,1,2020 Q1,493.0,158091.048
Antrim and Newtownabbey,2020,2,2020 Q2,198.0,154565.2128
Antrim and Newtownabbey,2020,3,2020 Q3,418.0,153300.4554
Antrim and Newtownabbey,2020,4,2020 Q4,756.0,156183.4846
Antrim and Newtownabbey,2021,1,2021 Q1,655.0,164443.755
Antrim and Newtownabbey,2021,2,2021 Q2,727.0,171993.7008
Antrim and Newtownabbey,2021,3,2021 Q3,763.0,177641.2377
Antrim and Newtownabbey,2021,4,2021 Q4,603.0,179625.45630000002
Antrim and Newtownabbey,2022,1,2022 Q1,506.0,185774.7232
Antrim and Newtownabbey,2022,2,2022 Q2,559.0,192168.567
Antrim and Newtownabbey,2022,3,2022 Q3,582.0,197001.24
Antrim and Newtownabbey,2022,4,2022 Q4,676.0,193622.6736
Antrim and Newtownabbey,2023,1,2023 Q1,459.0,187983.675
Antrim and Newtownabbey,2023,2,2023 Q2,482.0,192011.5555
Antrim and Newtownabbey,2023,3,2023 Q3,553.0,201799.9776
Antrim and Newtownabbey,2023,4,2023 Q4,574.0,197894.161
Antrim and Newtownabbey,2024,1,2024 Q1,451.0,202637.1402
Antrim and Newtownabbey,2024,2,2024 Q2,511.0,209440.2048
Antrim and Newtownabbey,2024,3,2024 Q3,631.0,217966.3785
Antrim and Newtownabbey,2024,4,2024 Q4,613.0,223921.7376
Antrim and Newtownabbey,2025,1,2025 Q1,599.0,227086.128
Antrim and Newtownabbey,2025,2,2025 Q2,437.0,223124.5824
Antrim and Newtownabbey,2025,3,2025 Q3,530.0,226448.2494
Ards and North Down,2010,1,2010 Q1,286.0,177829.3276
Ards and North Down,2010,2,2010 Q2,269.0,184800.2799
Ards and North Down,2010,3,2010 Q3,286.0,187333.112
Ards and North Down,2010,4,2010 Q4,305.0,168091.60189999998
Ards and North Down,2011,1,2011 Q1,235.0,161564.041
Ards and North Down,2011,2,2011 Q2,294.0,149338.878
Ards and North Down,2011,3,2011 Q3,357.0,149930.59900000002
Ards and North Down,2011,4,2011 Q4,342.0,155207.42599999998
Ards and North Down,2012,1,2012 Q1,359.0,145515.87749999997
Ards and North Down,2012,2,2012 Q2,315.0,147345.3904
Ards and North Down,2012,3,2012 Q3,411.0,150822.8604
Ards and North Down,2012,4,2012 Q4,424.0,145005.4944
Ards and North Down,2013,1,2013 Q1,420.0,132924.9618
Ards and North Down,2013,2,2013 Q2,466.0,134696.7212
Ards and North Down,2013,3,2013 Q3,491.0,135750.7476
Ards and North Down,2013,4,2013 Q4,633.0,139526.772
Ards and North Down,2014,1,2014 Q1,565.0,144543.3535
Ards and North Down,2014,2,2014 Q2,645.0,149835.8008
Ards and North Down,2014,3,2014 Q3,702.0,155911.3651
Ards and North Down,2014,4,2014 Q4,670.0,159415.1181
Ards and North Down,2015,1,2015 Q1,494.0,171369.1807
Ards and North Down,2015,2,2015 Q2,599.0,178637.2317
Ards and North Down,2015,3,2015 Q3,693.0,184807.4074
Ards and North Down,2015,4,2015 Q4,672.0,184397.86880000003
Ards and North Down,2016,1,2016 Q1,638.0,172072.2417
Ards and North Down,2016,2,2016 Q2,575.0,171469.3788
Ards and North Down,2016,3,2016 Q3,716.0,158793.4422
Ards and North Down,2016,4,2016 Q4,698.0,156278.1255
Ards and North Down,2017,1,2017 Q1,541.0,157848.152
Ards and North Down,2017,2,2017 Q2,709.0,160546.4392
Ards and North Down,2017,3,2017 Q3,680.0,156400.468
Ards and North Down,2017,4,2017 Q4,760.0,156896.0332
Ards and North Down,2018,1,2018 Q1,588.0,160129.2868
Ards and North Down,2018,2,2018 Q2,704.0,162127.1085
Ards and North Down,2018,3,2018 Q3,760.0,161989.3401
Ards and North Down,2018,4,2018 Q4,751.0,163378.13249999998
Ards and North Down,2019,1,2019 Q1,551.0,164488.9776
Ards and North Down,2019,2,2019 Q2,676.0,166778.0496
Ards and North Down,2019,3,2019 Q3,843.0,165360.2769
Ards and North Down,2019,4,2019 Q4,843.0,172469.9376
Ards and North Down,2020,1,2020 Q1,558.0,171785.043
Ards and North Down,2020,2,2020 Q2,230.0,165659.8277
Ards and North Down,2020,3,2020 Q3,622.0,171901.4469
Ards and North Down,2020,4,2020 Q4,0.0,174591.2432
Ards and North Down,2021,1,2021 Q1,976.0,187135.365
Ards and North Down,2021,2,2021 Q2,0.0,192721.6464
Ards and North Down,2021,3,2021 Q3,0.0,199757.1024
Ards and North Down,2021,4,2021 Q4,752.0,200725.4085
Ards and North Down,2022,1,2022 Q1,692.0,211781.8456
Ards and North Down,2022,2,2022 Q2,750.0,219701.8625
Ards and North Down,2022,3,2022 Q3,804.0,219772.9704
Ards and North Down,2022,4,2022 Q4,724.0,220598.40320000003
Ards and North Down,2023,1,2023 Q1,528.0,205845.46500000003
Ards and North Down,2023,2,2023 Q2,602.0,219033.4436
Ards and North Down,2023,3,2023 Q3,693.0,219400.7066
Ards and North Down,2023,4,2023 Q4,658.0,220615.1288
Ards and North Down,2024,1,2024 Q1,531.0,231362.01
Ards and North Down,2024,2,2024 Q2,674.0,235088.097
Ards and North Down,2024,3,2024 Q3,755.0,242887.338
Ards and North Down,2024,4,2024 Q4,818.0,248635.737
Ards and North Down,2025,1,2025 Q1,838.0,250494.454
Ards and North Down,2025,2,2025 Q2,590.0,249251.9936
Ards and North Down,2025,3,2025 Q3,738.0,257203.9422
"Armagh City, Banbridge and Craigavon",2010,1,2010 Q1,261.0,133758.5224
"Armagh City, Banbridge and Craigavon",2010,2,2010 Q2,298.0,134648.8128
"Armagh City, Banbridge and Craigavon",2010,3,2010 Q3,224.0,138581.8335
"Armagh City, Banbridge and Craigavon",2010,4,2010 Q4,299.0,129146.344
"Armagh City, Banbridge and Craigavon",2011,1,2011 Q1,254.0,125316.907
"Armagh City, Banbridge and Craigavon",2011,2,2011 Q2,288.0,112749.6067
"Armagh City, Banbridge and Craigavon",2011,3,2011 Q3,347.0,115894.4888
"Armagh City, Banbridge and Craigavon",2011,4,2011 Q4,327.0,112753.366
"Armagh City, Banbridge and Craigavon",2012,1,2012 Q1,337.0,111096.156
"Armagh City, Banbridge and Craigavon",2012,2,2012 Q2,343.0,113590.7224
"Armagh City, Banbridge and Craigavon",2012,3,2012 Q3,398.0,108061.4187
"Armagh City, Banbridge and Craigavon",2012,4,2012 Q4,441.0,103178.5344
"Armagh City, Banbridge and Craigavon",2013,1,2013 Q1,373.0,98642.5944
"Armagh City, Banbridge and Craigavon",2013,2,2013 Q2,407.0,100537.312
"Armagh City, Banbridge and Craigavon",2013,3,2013 Q3,434.0,100981.5
"Armagh City, Banbridge and Craigavon",2013,4,2013 Q4,564.0,106341.782
"Armagh City, Banbridge and Craigavon",2014,1,2014 Q1,437.0,108859.5717
"Armagh City, Banbridge and Craigavon",2014,2,2014 Q2,558.0,112920.766
"Armagh City, Banbridge and Craigavon",2014,3,2014 Q3,552.0,118702.7384
"Armagh City, Banbridge and Craigavon",2014,4,2014 Q4,688.0,122133.2348
"Armagh City, Banbridge and Craigavon",2015,1,2015 Q1,515.0,130803.8154
"Armagh City, Banbridge and Craigavon",2015,2,2015 Q2,566.0,137748.3132
"Armagh City, Banbridge and Craigavon",2015,3,2015 Q3,613.0,143071.6672
"Armagh City, Banbridge and Craigavon",2015,4,2015 Q4,683.0,145770.0196
"Armagh City, Banbridge and Craigavon",2016,1,2016 Q1,692.0,137799.80550000002
"Armagh City, Banbridge and Craigavon",2016,2,2016 Q2,534.0,139400.6394
"Armagh City, Banbridge and Craigavon",2016,3,2016 Q3,644.0,127874.39669999998
"Armagh City, Banbridge and Craigavon",2016,4,2016 Q4,706.0,126419.7305
"Armagh City, Banbridge and Craigavon",2017,1,2017 Q1,600.0,130494.4718
"Armagh City, Banbridge and Craigavon",2017,2,2017 Q2,686.0,130118.0128
"Armagh City, Banbridge and Craigavon",2017,3,2017 Q3,738.0,125419.0336
"Armagh City, Banbridge and Craigavon",2017,4,2017 Q4,825.0,129193.4505
"Armagh City, Banbridge and Craigavon",2018,1,2018 Q1,611.0,129521.6472
"Armagh City, Banbridge and Craigavon",2018,2,2018 Q2,711.0,131711.0788
"Armagh City, Banbridge and Craigavon",2018,3,2018 Q3,745.0,128956.7076
"Armagh City, Banbridge and Craigavon",2018,4,2018 Q4,759.0,133280.6475
"Armagh City, Banbridge and Craigavon",2019,1,2019 Q1,554.0,136617.7536
"Armagh City, Banbridge and Craigavon",2019,2,2019 Q2,719.0,135183.8124
"Armagh City, Banbridge and Craigavon",2019,3,2019 Q3,735.0,135825.8343
"Armagh City, Banbridge and Craigavon",2019,4,2019 Q4,834.0,142115.024
"Armagh City, Banbridge and Craigavon",2020,1,2020 Q1,638.0,142606.791
"Armagh City, Banbridge and Craigavon",2020,2,2020 Q2,283.0,139164.3505
"Armagh City, Banbridge and Craigavon",2020,3,2020 Q3,631.0,138023.0031
"Armagh City, Banbridge and Craigavon",2020,4,2020 Q4,974.0,140832.97799999997
"Armagh City, Banbridge and Craigavon",2021,1,2021 Q1,850.0,145046.31
"Armagh City, Banbridge and Craigavon",2021,2,2021 Q2,823.0,154872.7332
"Armagh City, Banbridge and Craigavon",2021,3,2021 Q3,987.0,163082.43540000002
"Armagh City, Banbridge and Craigavon",2021,4,2021 Q4,853.0,162874.4662
"Armagh City, Banbridge and Craigavon",2022,1,2022 Q1,621.0,171836.3592
"Armagh City, Banbridge and Craigavon",2022,2,2022 Q2,752.0,175143.956
"Armagh City, Banbridge and Craigavon",2022,3,2022 Q3,759.0,181050.6264
"Armagh City, Banbridge and Craigavon",2022,4,2022 Q4,808.0,176952.22720000002
"Armagh City, Banbridge and Craigavon",2023,1,2023 Q1,571.0,172653.02250000002
"Armagh City, Banbridge and Craigavon",2023,2,2023 Q2,622.0,174362.1189
"Armagh City, Banbridge and Craigavon",2023,3,2023 Q3,695.0,186103.5707
"Armagh City, Banbridge and Craigavon",2023,4,2023 Q4,645.0,181495.4692
"Armagh City, Banbridge and Craigavon",2024,1,2024 Q1,576.0,185924.871
"Armagh City, Banbridge and Craigavon",2024,2,2024 Q2,597.0,192267.7677
"Armagh City, Banbridge and Craigavon",2024,3,2024 Q3,707.0,199522.7145
"Armagh City, Banbridge and Craigavon",2024,4,2024 Q4,761.0,201021.8522
"Armagh City, Banbridge and Craigavon",2025,1,2025 Q1,716.0,203214.7565
"Armagh City, Banbridge and Craigavon",2025,2,2025 Q2,558.0,202372.9152
"Armagh City, Banbridge and Craigavon",2025,3,2025 Q3,670.0,202232.295
Belfast,2010,1,2010 Q1,599.0,136522.8081
Belfast,2010,2,2010 Q2,604.0,140400.144
Belfast,2010,3,2010 Q3,534.0,138804.9405
Belfast,2010,4,2010 Q4,606.0,124298.7005
Belfast,2011,1,2011 Q1,585.0,118103.547
Belfast,2011,2,2011 Q2,573.0,114613.2272
Belfast,2011,3,2011 Q3,677.0,114030.2618
Belfast,2011,4,2011 Q4,714.0,112832.654
Belfast,2012,1,2012 Q1,744.0,105676.539
Belfast,2012,2,2012 Q2,700.0,110886.152
Belfast,2012,3,2012 Q3,788.0,111694.6695
Belfast,2012,4,2012 Q4,797.0,105563.6928
Belfast,2013,1,2013 Q1,729.0,97353.5097
Belfast,2013,2,2013 Q2,816.0,100465.6004
Belfast,2013,3,2013 Q3,907.0,103519.7944
Belfast,2013,4,2013 Q4,0.0,107145.546
Belfast,2014,1,2014 Q1,994.0,109558.9458
Belfast,2014,2,2014 Q2,0.0,116766.2356
Belfast,2014,3,2014 Q3,0.0,122813.7921
Belfast,2014,4,2014 Q4,0.0,125515.1247
Belfast,2015,1,2015 Q1,962.0,134119.7523
Belfast,2015,2,2015 Q2,0.0,141559.2519
Belfast,2015,3,2015 Q3,0.0,148246.4753
Belfast,2015,4,2015 Q4,0.0,147670.49980000002
Belfast,2016,1,2016 Q1,0.0,135798.1353
Belfast,2016,2,2016 Q2,0.0,142727.2932
Belfast,2016,3,2016 Q3,0.0,131695.01909999998
Belfast,2016,4,2016 Q4,0.0,129269.693
Belfast,2017,1,2017 Q1,0.0,128314.4093
Belfast,2017,2,2017 Q2,0.0,131490.4529
Belfast,2017,3,2017 Q3,0.0,128773.3776
Belfast,2017,4,2017 Q4,0.0,129565.3275
Belfast,2018,1,2018 Q1,0.0,131316.5012
Belfast,2018,2,2018 Q2,0.0,134889.5716
Belfast,2018,3,2018 Q3,0.0,136179.6191
Belfast,2018,4,2018 Q4,0.0,139840.4425
Belfast,2019,1,2019 Q1,959.0,139267.7856
Belfast,2019,2,2019 Q2,0.0,140158.4724
Belfast,2019,3,2019 Q3,0.0,139783.4984
Belfast,2019,4,2019 Q4,0.0,144860.6128
Belfast,2020,1,2020 Q1,0.0,147056.904
Belfast,2020,2,2020 Q2,329.0,144028.3144
Belfast,2020,3,2020 Q3,960.0,142801.6956
Belfast,2020,4,2020 Q4,0.0,147346.254
Belfast,2021,1,2021 Q1,0.0,154284.17
Belfast,2021,2,2021 Q2,0.0,160091.8332
Belfast,2021,3,2021 Q3,0.0,165805.2693
Belfast,2021,4,2021 Q4,0.0,164632.2061
Belfast,2022,1,2022 Q1,0.0,172007.3014
Belfast,2022,2,2022 Q2,0.0,173701.472
Belfast,2022,3,2022 Q3,0.0,180468.564
Belfast,2022,4,2022 Q4,0.0,174613.464
Belfast,2023,1,2023 Q1,0.0,169185.3075
Belfast,2023,2,2023 Q2,0.0,171442.793
Belfast,2023,3,2023 Q3,0.0,182102.982
Belfast,2023,4,2023 Q4,0.0,176781.451
Belfast,2024,1,2024 Q1,922.0,180978.7122
Belfast,2024,2,2024 Q2,0.0,185667.6726
Belfast,2024,3,2024 Q3,0.0,197972.3295
Belfast,2024,4,2024 Q4,0.0,203419.8466
Belfast,2025,1,2025 Q1,0.0,203463.6285
Belfast,2025,2,2025 Q2,905.0,201835.9296
Belfast,2025,3,2025 Q3,0.0,204925.2642
Causeway Coast and Glens,2010,1,2010 Q1,191.0,143542.2682
Causeway Coast and Glens,2010,2,2010 Q2,210.0,153271.33190000002
Causeway Coast and Glens,2010,3,2010 Q3,400.0,144217.0845
Causeway Coast and Glens,2010,4,2010 Q4,249.0,144280.53569999998
Causeway Coast and Glens,2011,1,2011 Q1,189.0,140319.759
Causeway Coast and Glens,2011,2,2011 Q2,201.0,129018.0507
Causeway Coast and Glens,2011,3,2011 Q3,273.0,122237.4214
Causeway Coast and Glens,2011,4,2011 Q4,236.0,128325.296
Causeway Coast and Glens,2012,1,2012 Q1,215.0,118795.32
Causeway Coast and Glens,2012,2,2012 Q2,236.0,126266.776
Causeway Coast and Glens,2012,3,2012 Q3,277.0,121520.6169
Causeway Coast and Glens,2012,4,2012 Q4,279.0,117709.92
Causeway Coast and Glens,2013,1,2013 Q1,280.0,109343.055
Causeway Coast and Glens,2013,2,2013 Q2,335.0,110508.7512
Causeway Coast and Glens,2013,3,2013 Q3,308.0,112215.326
Causeway Coast and Glens,2013,4,2013 Q4,408.0,114599.387
Causeway Coast and Glens,2014,1,2014 Q1,335.0,112366.1054
Causeway Coast and Glens,2014,2,2014 Q2,444.0,122783.6834
Causeway Coast and Glens,2014,3,2014 Q3,432.0,131389.9314
Causeway Coast and Glens,2014,4,2014 Q4,501.0,130096.95829999998
Causeway Coast and Glens,2015,1,2015 Q1,378.0,136252.2915
Causeway Coast and Glens,2015,2,2015 Q2,401.0,148607.2011
Causeway Coast and Glens,2015,3,2015 Q3,449.0,155164.8021
Causeway Coast and Glens,2015,4,2015 Q4,496.0,153649.1804
Causeway Coast and Glens,2016,1,2016 Q1,594.0,149280.2019
Causeway Coast and Glens,2016,2,2016 Q2,409.0,146213.9922
Causeway Coast and Glens,2016,3,2016 Q3,486.0,139316.26679999998
Causeway Coast and Glens,2016,4,2016 Q4,516.0,138399.93649999998
Causeway Coast and Glens,2017,1,2017 Q1,381.0,140212.31840000002
Causeway Coast and Glens,2017,2,2017 Q2,517.0,142347.9532
Causeway Coast and Glens,2017,3,2017 Q3,612.0,139357.9488
Causeway Coast and Glens,2017,4,2017 Q4,611.0,141724.5785
Causeway Coast and Glens,2018,1,2018 Q1,470.0,139596.61000000002
Causeway Coast and Glens,2018,2,2018 Q2,529.0,147408.31209999998
Causeway Coast and Glens,2018,3,2018 Q3,550.0,147499.80980000002
Causeway Coast and Glens,2018,4,2018 Q4,558.0,149907.88999999998
Causeway Coast and Glens,2019,1,2019 Q1,403.0,154091.904
Causeway Coast and Glens,2019,2,2019 Q2,488.0,154317.384
Causeway Coast and Glens,2019,3,2019 Q3,552.0,153842.1326
Causeway Coast and Glens,2019,4,2019 Q4,555.0,162395.4168
Causeway Coast and Glens,2020,1,2020 Q1,410.0,166408.452
Causeway Coast and Glens,2020,2,2020 Q2,150.0,154842.381
Causeway Coast and Glens,2020,3,2020 Q3,486.0,160502.1936
Causeway Coast and Glens,2020,4,2020 Q4,730.0,167755.62649999998
Causeway Coast and Glens,2021,1,2021 Q1,612.0,171166.05
Causeway Coast and Glens,2021,2,2021 Q2,677.0,186422.7726
Causeway Coast and Glens,2021,3,2021 Q3,647.0,192382.4196
Causeway Coast and Glens,2021,4,2021 Q4,463.0,194524.3945
Causeway Coast and Glens,2022,1,2022 Q1,390.0,203586.1832
Causeway Coast and Glens,2022,2,2022 Q2,417.0,208976.33400000003
Causeway Coast and Glens,2022,3,2022 Q3,464.0,215524.3824
Causeway Coast and Glens,2022,4,2022 Q4,534.0,210028.528
Causeway Coast and Glens,2023,1,2023 Q1,358.0,206477.4
Causeway Coast and Glens,2023,2,2023 Q2,454.0,210288.1236
Causeway Coast and Glens,2023,3,2023 Q3,466.0,213699.3733
Causeway Coast and Glens,2023,4,2023 Q4,401.0,212088.1321
Causeway Coast and Glens,2024,1,2024 Q1,346.0,204376.59
Causeway Coast and Glens,2024,2,2024 Q2,412.0,228913.4742
Causeway Coast and Glens,2024,3,2024 Q3,495.0,234312.8805
Causeway Coast and Glens,2024,4,2024 Q4,482.0,237240.458
Causeway Coast and Glens,2025,1,2025 Q1,507.0,239392.1305
Causeway Coast and Glens,2025,2,2025 Q2,359.0,233896.0896
Causeway Coast and Glens,2025,3,2025 Q3,454.0,239122.7424
Derry City and Strabane,2010,1,2010 Q1,137.0,128634.5081
Derry City and Strabane,2010,2,2010 Q2,178.0,125699.9482
Derry City and Strabane,2010,3,2010 Q3,178.0,126116.6295
Derry City and Strabane,2010,4,2010 Q4,180.0,114126.2145
Derry City and Strabane,2011,1,2011 Q1,166.0,120165.678
Derry City and Strabane,2011,2,2011 Q2,207.0,108325.6322
Derry City and Strabane,2011,3,2011 Q3,210.0,104940.5874
Derry City and Strabane,2011,4,2011 Q4,179.0,101405.854
Derry City and Strabane,2012,1,2012 Q1,181.0,106866.64949999998
Derry City and Strabane,2012,2,2012 Q2,194.0,107927.2952
Derry City and Strabane,2012,3,2012 Q3,229.0,104819.7909
Derry City and Strabane,2012,4,2012 Q4,259.0,102305.4624
Derry City and Strabane,2013,1,2013 Q1,233.0,93106.6983
Derry City and Strabane,2013,2,2013 Q2,248.0,96219.3332
Derry City and Strabane,2013,3,2013 Q3,260.0,96918.824
Derry City and Strabane,2013,4,2013 Q4,271.0,97798.817
Derry City and Strabane,2014,1,2014 Q1,323.0,99858.3009
Derry City and Strabane,2014,2,2014 Q2,302.0,102748.443
Derry City and Strabane,2014,3,2014 Q3,354.0,109925.0151
Derry City and Strabane,2014,4,2014 Q4,344.0,112944.2256
Derry City and Strabane,2015,1,2015 Q1,311.0,122108.0637
Derry City and Strabane,2015,2,2015 Q2,342.0,125331.2241
Derry City and Strabane,2015,3,2015 Q3,345.0,131003.6189
Derry City and Strabane,2015,4,2015 Q4,376.0,129735.8442
Derry City and Strabane,2016,1,2016 Q1,382.0,125557.4244
Derry City and Strabane,2016,2,2016 Q2,275.0,124906.3872
Derry City and Strabane,2016,3,2016 Q3,368.0,119088.612
Derry City and Strabane,2016,4,2016 Q4,356.0,118587.2275
Derry City and Strabane,2017,1,2017 Q1,333.0,121280.0743
Derry City and Strabane,2017,2,2017 Q2,379.0,121928.6941
Derry City and Strabane,2017,3,2017 Q3,409.0,120671.6896
Derry City and Strabane,2017,4,2017 Q4,438.0,126957.6809
Derry City and Strabane,2018,1,2018 Q1,361.0,122883.5184
Derry City and Strabane,2018,2,2018 Q2,411.0,129818.1402
Derry City and Strabane,2018,3,2018 Q3,407.0,128641.7909
Derry City and Strabane,2018,4,2018 Q4,433.0,136260.63
Derry City and Strabane,2019,1,2019 Q1,349.0,133677.48
Derry City and Strabane,2019,2,2019 Q2,393.0,135891.7008
Derry City and Strabane,2019,3,2019 Q3,442.0,127484.6885
Derry City and Strabane,2019,4,2019 Q4,398.0,141569.85840000003
Derry City and Strabane,2020,1,2020 Q1,358.0,140436.882
Derry City and Strabane,2020,2,2020 Q2,115.0,137654.5725
Derry City and Strabane,2020,3,2020 Q3,372.0,133502.8572
Derry City and Strabane,2020,4,2020 Q4,496.0,137251.78389999998
Derry City and Strabane,2021,1,2021 Q1,468.0,146123.755
Derry City and Strabane,2021,2,2021 Q2,448.0,149196.672
Derry City and Strabane,2021,3,2021 Q3,512.0,160138.6416
Derry City and Strabane,2021,4,2021 Q4,444.0,162513.72280000002
Derry City and Strabane,2022,1,2022 Q1,416.0,167107.3568
Derry City and Strabane,2022,2,2022 Q2,379.0,169493.0485
Derry City and Strabane,2022,3,2022 Q3,438.0,173716.4064
Derry City and Strabane,2022,4,2022 Q4,438.0,167824.9536
Derry City and Strabane,2023,1,2023 Q1,367.0,160087.935
Derry City and Strabane,2023,2,2023 Q2,315.0,175179.1159
Derry City and Strabane,2023,3,2023 Q3,339.0,181819.1368
Derry City and Strabane,2023,4,2023 Q4,382.0,175759.2728
Derry City and Strabane,2024,1,2024 Q1,319.0,175533.732
Derry City and Strabane,2024,2,2024 Q2,377.0,183492.255
Derry City and Strabane,2024,3,2024 Q3,386.0,191573.145
Derry City and Strabane,2024,4,2024 Q4,417.0,200486.0278
Derry City and Strabane,2025,1,2025 Q1,378.0,201330.269
Derry City and Strabane,2025,2,2025 Q2,318.0,199101.5424
Derry City and Strabane,2025,3,2025 Q3,315.0,211041.558
Fermanagh and Omagh,2010,1,2010 Q1,80.0,135555.9279
Fermanagh and Omagh,2010,2,2010 Q2,95.0,137293.0625
Fermanagh and Omagh,2010,3,2010 Q3,85.0,146362.99
Fermanagh and Omagh,2010,4,2010 Q4,116.0,128786.6989
Fermanagh and Omagh,2011,1,2011 Q1,85.0,128208.106
Fermanagh and Omagh,2011,2,2011 Q2,101.0,134462.76810000002
Fermanagh and Omagh,2011,3,2011 Q3,121.0,118959.3464
Fermanagh and Omagh,2011,4,2011 Q4,113.0,118943.66
Fermanagh and Omagh,2012,1,2012 Q1,108.0,116089.107
Fermanagh and Omagh,2012,2,2012 Q2,115.0,115911.3944
Fermanagh and Omagh,2012,3,2012 Q3,108.0,118855.0539
Fermanagh and Omagh,2012,4,2012 Q4,140.0,109578.5856
Fermanagh and Omagh,2013,1,2013 Q1,127.0,106639.1499
Fermanagh and Omagh,2013,2,2013 Q2,136.0,105858.0776
Fermanagh and Omagh,2013,3,2013 Q3,166.0,113946.9392
Fermanagh and Omagh,2013,4,2013 Q4,171.0,105598.657
Fermanagh and Omagh,2014,1,2014 Q1,227.0,110707.6587
Fermanagh and Omagh,2014,2,2014 Q2,183.0,120393.1568
Fermanagh and Omagh,2014,3,2014 Q3,224.0,122520.2354
Fermanagh and Omagh,2014,4,2014 Q4,238.0,123641.0838
Fermanagh and Omagh,2015,1,2015 Q1,155.0,127975.2391
Fermanagh and Omagh,2015,2,2015 Q2,189.0,137835.6501
Fermanagh and Omagh,2015,3,2015 Q3,202.0,146756.61
Fermanagh and Omagh,2015,4,2015 Q4,243.0,153642.2494
Fermanagh and Omagh,2016,1,2016 Q1,241.0,141601.9404
Fermanagh and Omagh,2016,2,2016 Q2,186.0,138571.1988
Fermanagh and Omagh,2016,3,2016 Q3,211.0,131470.34579999998
Fermanagh and Omagh,2016,4,2016 Q4,243.0,129351.4495
Fermanagh and Omagh,2017,1,2017 Q1,207.0,129005.0531
Fermanagh and Omagh,2017,2,2017 Q2,222.0,134230.68469999998
Fermanagh and Omagh,2017,3,2017 Q3,275.0,130431.6048
Fermanagh and Omagh,2017,4,2017 Q4,288.0,133582.726
Fermanagh and Omagh,2018,1,2018 Q1,234.0,134909.60640000002
Fermanagh and Omagh,2018,2,2018 Q2,249.0,138746.2342
Fermanagh and Omagh,2018,3,2018 Q3,279.0,137025.7476
Fermanagh and Omagh,2018,4,2018 Q4,288.0,140142.6125
Fermanagh and Omagh,2019,1,2019 Q1,217.0,143453.9184
Fermanagh and Omagh,2019,2,2019 Q2,251.0,141670.3116
Fermanagh and Omagh,2019,3,2019 Q3,274.0,144208.0094
Fermanagh and Omagh,2019,4,2019 Q4,306.0,150056.54080000002
Fermanagh and Omagh,2020,1,2020 Q1,221.0,150054.606
Fermanagh and Omagh,2020,2,2020 Q2,112.0,143406.37600000002
Fermanagh and Omagh,2020,3,2020 Q3,212.0,142210.5741
Fermanagh and Omagh,2020,4,2020 Q4,337.0,149920.5488
Fermanagh and Omagh,2021,1,2021 Q1,291.0,153970.44
Fermanagh and Omagh,2021,2,2021 Q2,317.0,161026.63199999998
Fermanagh and Omagh,2021,3,2021 Q3,345.0,166552.3242
Fermanagh and Omagh,2021,4,2021 Q4,286.0,173545.869
Fermanagh and Omagh,2022,1,2022 Q1,255.0,179035.058
Fermanagh and Omagh,2022,2,2022 Q2,230.0,179374.771
Fermanagh and Omagh,2022,3,2022 Q3,266.0,184318.5912
Fermanagh and Omagh,2022,4,2022 Q4,312.0,183993.8256
Fermanagh and Omagh,2023,1,2023 Q1,249.0,177640.55250000002
Fermanagh and Omagh,2023,2,2023 Q2,238.0,182038.4386
Fermanagh and Omagh,2023,3,2023 Q3,262.0,186335.0674
Fermanagh and Omagh,2023,4,2023 Q4,272.0,185379.9771
Fermanagh and Omagh,2024,1,2024 Q1,243.0,189399.0978
Fermanagh and Omagh,2024,2,2024 Q2,246.0,200102.0841
Fermanagh and Omagh,2024,3,2024 Q3,251.0,205499.3895
Fermanagh and Omagh,2024,4,2024 Q4,327.0,212597.3412
Fermanagh and Omagh,2025,1,2025 Q1,254.0,210071.898
Fermanagh and Omagh,2025,2,2025 Q2,182.0,214491.5968
Fermanagh and Omagh,2025,3,2025 Q3,203.0,217379.3814
Lisburn and Castlereagh,2010,1,2010 Q1,212.0,174534.272
Lisburn and Castlereagh,2010,2,2010 Q2,244.0,179473.0154
Lisburn and Castlereagh,2010,3,2010 Q3,238.0,184636.636
Lisburn and Castlereagh,2010,4,2010 Q4,231.0,167592.28879999998
Lisburn and Castlereagh,2011,1,2011 Q1,209.0,159107.283
Lisburn and Castlereagh,2011,2,2011 Q2,188.0,146103.3156
Lisburn and Castlereagh,2011,3,2011 Q3,301.0,148946.60640000002
Lisburn and Castlereagh,2011,4,2011 Q4,270.0,149084.75999999998
Lisburn and Castlereagh,2012,1,2012 Q1,313.0,144944.193
Lisburn and Castlereagh,2012,2,2012 Q2,281.0,148272.42479999998
Lisburn and Castlereagh,2012,3,2012 Q3,307.0,151703.3805
Lisburn and Castlereagh,2012,4,2012 Q4,326.0,147461.24159999998
Lisburn and Castlereagh,2013,1,2013 Q1,297.0,135705.2484
Lisburn and Castlereagh,2013,2,2013 Q2,395.0,137091.4184
Lisburn and Castlereagh,2013,3,2013 Q3,454.0,138938.836
Lisburn and Castlereagh,2013,4,2013 Q4,514.0,141351.88700000002
Lisburn and Castlereagh,2014,1,2014 Q1,481.0,145281.3804
Lisburn and Castlereagh,2014,2,2014 Q2,496.0,154236.236
Lisburn and Castlereagh,2014,3,2014 Q3,529.0,156178.4639
Lisburn and Castlereagh,2014,4,2014 Q4,537.0,164512.66139999998
Lisburn and Castlereagh,2015,1,2015 Q1,439.0,172691.24730000002
Lisburn and Castlereagh,2015,2,2015 Q2,554.0,183519.7803
Lisburn and Castlereagh,2015,3,2015 Q3,584.0,187682.6105
Lisburn and Castlereagh,2015,4,2015 Q4,591.0,189519.8778
Lisburn and Castlereagh,2016,1,2016 Q1,576.0,176539.0038
Lisburn and Castlereagh,2016,2,2016 Q2,506.0,180762.162
Lisburn and Castlereagh,2016,3,2016 Q3,612.0,168971.9661
Lisburn and Castlereagh,2016,4,2016 Q4,621.0,163407.062
Lisburn and Castlereagh,2017,1,2017 Q1,505.0,164391.82760000002
Lisburn and Castlereagh,2017,2,2017 Q2,628.0,168108.22389999998
Lisburn and Castlereagh,2017,3,2017 Q3,678.0,163313.0912
Lisburn and Castlereagh,2017,4,2017 Q4,663.0,164259.1978
Lisburn and Castlereagh,2018,1,2018 Q1,564.0,166534.1412
Lisburn and Castlereagh,2018,2,2018 Q2,593.0,171574.67599999998
Lisburn and Castlereagh,2018,3,2018 Q3,605.0,170947.0952
Lisburn and Castlereagh,2018,4,2018 Q4,662.0,173434.305
Lisburn and Castlereagh,2019,1,2019 Q1,513.0,175303.632
Lisburn and Castlereagh,2019,2,2019 Q2,622.0,178686.3564
Lisburn and Castlereagh,2019,3,2019 Q3,661.0,175042.0828
Lisburn and Castlereagh,2019,4,2019 Q4,667.0,183110.54720000003
Lisburn and Castlereagh,2020,1,2020 Q1,507.0,184301.784
Lisburn and Castlereagh,2020,2,2020 Q2,192.0,181942.8961
Lisburn and Castlereagh,2020,3,2020 Q3,529.0,180708.6048
Lisburn and Castlereagh,2020,4,2020 Q4,833.0,184424.2961
Lisburn and Castlereagh,2021,1,2021 Q1,763.0,192643.96
Lisburn and Castlereagh,2021,2,2021 Q2,852.0,200563.0542
Lisburn and Castlereagh,2021,3,2021 Q3,901.0,204426.4878
Lisburn and Castlereagh,2021,4,2021 Q4,643.0,208486.1072
Lisburn and Castlereagh,2022,1,2022 Q1,563.0,215470.85
Lisburn and Castlereagh,2022,2,2022 Q2,574.0,219620.54600000003
Lisburn and Castlereagh,2022,3,2022 Q3,617.0,229791.924
Lisburn and Castlereagh,2022,4,2022 Q4,607.0,227865.48
Lisburn and Castlereagh,2023,1,2023 Q1,449.0,219640.4475
Lisburn and Castlereagh,2023,2,2023 Q2,417.0,223525.7764
Lisburn and Castlereagh,2023,3,2023 Q3,575.0,231588.6007
Lisburn and Castlereagh,2023,4,2023 Q4,491.0,225850.6194
Lisburn and Castlereagh,2024,1,2024 Q1,454.0,235028.9898
Lisburn and Castlereagh,2024,2,2024 Q2,511.0,241566.2937
Lisburn and Castlereagh,2024,3,2024 Q3,649.0,251932.8285
Lisburn and Castlereagh,2024,4,2024 Q4,679.0,261670.927
Lisburn and Castlereagh,2025,1,2025 Q1,657.0,264288.9025
Lisburn and Castlereagh,2025,2,2025 Q2,470.0,257412.7616
Lisburn and Castlereagh,2025,3,2025 Q3,515.0,261118.7856
Mid Ulster,2010,1,2010 Q1,140.0,129909.032
Mid Ulster,2010,2,2010 Q2,150.0,134380.9812
Mid Ulster,2010,3,2010 Q3,132.0,134473.546
Mid Ulster,2010,4,2010 Q4,148.0,123198.815
Mid Ulster,2011,1,2011 Q1,124.0,126610.862
Mid Ulster,2011,2,2011 Q2,160.0,117384.3006
Mid Ulster,2011,3,2011 Q3,157.0,112473.88880000002
Mid Ulster,2011,4,2011 Q4,183.0,109504.89
Mid Ulster,2012,1,2012 Q1,170.0,107702.004
Mid Ulster,2012,2,2012 Q2,148.0,116774.24
Mid Ulster,2012,3,2012 Q3,197.0,112475.3889
Mid Ulster,2012,4,2012 Q4,205.0,105943.8816
Mid Ulster,2013,1,2013 Q1,178.0,103015.1415
Mid Ulster,2013,2,2013 Q2,198.0,106171.9628
Mid Ulster,2013,3,2013 Q3,212.0,108424.2756
Mid Ulster,2013,4,2013 Q4,240.0,109099.073
Mid Ulster,2014,1,2014 Q1,213.0,116369.086
Mid Ulster,2014,2,2014 Q2,275.0,119091.6888
Mid Ulster,2014,3,2014 Q3,249.0,122043.9932
Mid Ulster,2014,4,2014 Q4,300.0,130783.7265
Mid Ulster,2015,1,2015 Q1,246.0,141602.4877
Mid Ulster,2015,2,2015 Q2,278.0,151801.23630000002
Mid Ulster,2015,3,2015 Q3,296.0,152571.12639999998
Mid Ulster,2015,4,2015 Q4,334.0,150517.7546
Mid Ulster,2016,1,2016 Q1,334.0,149473.6188
Mid Ulster,2016,2,2016 Q2,264.0,142264.9404
Mid Ulster,2016,3,2016 Q3,311.0,137295.3834
Mid Ulster,2016,4,2016 Q4,345.0,133781.27
Mid Ulster,2017,1,2017 Q1,303.0,135259.2164
Mid Ulster,2017,2,2017 Q2,328.0,138158.5827
Mid Ulster,2017,3,2017 Q3,326.0,131729.8808
Mid Ulster,2017,4,2017 Q4,308.0,137149.3645
Mid Ulster,2018,1,2018 Q1,308.0,140696.1704
Mid Ulster,2018,2,2018 Q2,306.0,139773.7642
Mid Ulster,2018,3,2018 Q3,343.0,138122.9129
Mid Ulster,2018,4,2018 Q4,392.0,143591.63499999998
Mid Ulster,2019,1,2019 Q1,301.0,142770.1872
Mid Ulster,2019,2,2019 Q2,377.0,144610.5072
Mid Ulster,2019,3,2019 Q3,369.0,142065.6146
Mid Ulster,2019,4,2019 Q4,360.0,149652.02560000002
Mid Ulster,2020,1,2020 Q1,309.0,147166.038
Mid Ulster,2020,2,2020 Q2,128.0,141487.6059
Mid Ulster,2020,3,2020 Q3,282.0,139776.4794
Mid Ulster,2020,4,2020 Q4,420.0,145188.4544
Mid Ulster,2021,1,2021 Q1,349.0,153738.005
Mid Ulster,2021,2,2021 Q2,375.0,157645.815
Mid Ulster,2021,3,2021 Q3,406.0,166853.952
Mid Ulster,2021,4,2021 Q4,419.0,168399.9705
Mid Ulster,2022,1,2022 Q1,290.0,178197.0826
Mid Ulster,2022,2,2022 Q2,308.0,179537.404
Mid Ulster,2022,3,2022 Q3,349.0,184945.068
Mid Ulster,2022,4,2022 Q4,371.0,181170.744
Mid Ulster,2023,1,2023 Q1,256.0,173865.93000000002
Mid Ulster,2023,2,2023 Q2,261.0,182049.9456
Mid Ulster,2023,3,2023 Q3,317.0,189901.7452
Mid Ulster,2023,4,2023 Q4,308.0,187077.0698
Mid Ulster,2024,1,2024 Q1,291.0,192246.0012
Mid Ulster,2024,2,2024 Q2,254.0,196214.2284
Mid Ulster,2024,3,2024 Q3,317.0,199887.2325
Mid Ulster,2024,4,2024 Q4,377.0,205345.6908
Mid Ulster,2025,1,2025 Q1,306.0,205880.5585
Mid Ulster,2025,2,2025 Q2,253.0,209225.3696
Mid Ulster,2025,3,2025 Q3,283.0,216614.412
Mid and East Antrim,2010,1,2010 Q1,211.0,130079.1939
Mid and East Antrim,2010,2,2010 Q2,238.0,144310.72030000002
Mid and East Antrim,2010,3,2010 Q3,189.0,139993.645
Mid and East Antrim,2010,4,2010 Q4,229.0,129310.4539
Mid and East Antrim,2011,1,2011 Q1,195.0,113156.072
Mid and East Antrim,2011,2,2011 Q2,204.0,120230.1454
Mid and East Antrim,2011,3,2011 Q3,277.0,118043.7658
Mid and East Antrim,2011,4,2011 Q4,246.0,117076.894
Mid and East Antrim,2012,1,2012 Q1,243.0,112264.6935
Mid and East Antrim,2012,2,2012 Q2,295.0,120107.12
Mid and East Antrim,2012,3,2012 Q3,311.0,116421.9381
Mid and East Antrim,2012,4,2012 Q4,278.0,112169.3184
Mid and East Antrim,2013,1,2013 Q1,280.0,104533.3707
Mid and East Antrim,2013,2,2013 Q2,283.0,105371.3792
Mid and East Antrim,2013,3,2013 Q3,334.0,104559.4648
Mid and East Antrim,2013,4,2013 Q4,391.0,108130.038
Mid and East Antrim,2014,1,2014 Q1,343.0,112723.6438
Mid and East Antrim,2014,2,2014 Q2,400.0,115807.3238
Mid and East Antrim,2014,3,2014 Q3,361.0,120966.7787
Mid and East Antrim,2014,4,2014 Q4,444.0,120823.0534
Mid and East Antrim,2015,1,2015 Q1,367.0,127790.796
Mid and East Antrim,2015,2,2015 Q2,430.0,138689.6109
Mid and East Antrim,2015,3,2015 Q3,455.0,138726.1106
Mid and East Antrim,2015,4,2015 Q4,453.0,140833.76140000002
Mid and East Antrim,2016,1,2016 Q1,472.0,131727.2937
Mid and East Antrim,2016,2,2016 Q2,372.0,135577.3374
Mid and East Antrim,2016,3,2016 Q3,484.0,128262.5757
Mid and East Antrim,2016,4,2016 Q4,442.0,125622.8925
Mid and East Antrim,2017,1,2017 Q1,382.0,124428.6659
Mid and East Antrim,2017,2,2017 Q2,451.0,128314.4336
Mid and East Antrim,2017,3,2017 Q3,478.0,125092.5144
Mid and East Antrim,2017,4,2017 Q4,484.0,127492.9584
Mid and East Antrim,2018,1,2018 Q1,374.0,128474.1772
Mid and East Antrim,2018,2,2018 Q2,458.0,130467.7675
Mid and East Antrim,2018,3,2018 Q3,473.0,131284.4015
Mid and East Antrim,2018,4,2018 Q4,503.0,130539.695
Mid and East Antrim,2019,1,2019 Q1,464.0,132436.2096
Mid and East Antrim,2019,2,2019 Q2,484.0,134239.19879999998
Mid and East Antrim,2019,3,2019 Q3,549.0,131160.692
Mid and East Antrim,2019,4,2019 Q4,508.0,138835.8936
Mid and East Antrim,2020,1,2020 Q1,443.0,137976.723
Mid and East Antrim,2020,2,2020 Q2,150.0,135128.5111
Mid and East Antrim,2020,3,2020 Q3,435.0,132546.0138
Mid and East Antrim,2020,4,2020 Q4,686.0,137542.00129999997
Mid and East Antrim,2021,1,2021 Q1,572.0,142668.145
Mid and East Antrim,2021,2,2021 Q2,629.0,152651.7162
Mid and East Antrim,2021,3,2021 Q3,706.0,155463.4107
Mid and East Antrim,2021,4,2021 Q4,505.0,158835.5548
Mid and East Antrim,2022,1,2022 Q1,417.0,166264.5998
Mid and East Antrim,2022,2,2022 Q2,515.0,166289.8855
Mid and East Antrim,2022,3,2022 Q3,507.0,170614.4112
Mid and East Antrim,2022,4,2022 Q4,520.0,169725.4144
Mid and East Antrim,2023,1,2023 Q1,396.0,166160.40000000002
Mid and East Antrim,2023,2,2023 Q2,427.0,167997.59720000002
Mid and East Antrim,2023,3,2023 Q3,445.0,176123.62
Mid and East Antrim,2023,4,2023 Q4,483.0,176220.7528
Mid and East Antrim,2024,1,2024 Q1,379.0,175109.67539999998
Mid and East Antrim,2024,2,2024 Q2,448.0,183382.0776
Mid and East Antrim,2024,3,2024 Q3,499.0,189191.943
Mid and East Antrim,2024,4,2024 Q4,542.0,192573.6074
Mid and East Antrim,2025,1,2025 Q1,470.0,196867.324
Mid and East Antrim,2025,2,2025 Q2,379.0,192989.7984
Mid and East Antrim,2025,3,2025 Q3,458.0,196998.6582
"Newry, Mourne and Down",2010,1,2010 Q1,170.0,153801.5658
"Newry, Mourne and Down",2010,2,2010 Q2,165.0,156976.3357
"Newry, Mourne and Down",2010,3,2010 Q3,171.0,158795.8075
"Newry, Mourne and Down",2010,4,2010 Q4,181.0,148242.4513
"Newry, Mourne and Down",2011,1,2011 Q1,154.0,141004.794
"Newry, Mourne and Down",2011,2,2011 Q2,180.0,136093.0112
"Newry, Mourne and Down",2011,3,2011 Q3,205.0,134322.40120000002
"Newry, Mourne and Down",2011,4,2011 Q4,216.0,135606.966
"Newry, Mourne and Down",2012,1,2012 Q1,188.0,131842.191
"Newry, Mourne and Down",2012,2,2012 Q2,225.0,126492.6712
"Newry, Mourne and Down",2012,3,2012 Q3,228.0,129238.1166
"Newry, Mourne and Down",2012,4,2012 Q4,279.0,124247.4336
"Newry, Mourne and Down",2013,1,2013 Q1,232.0,111375.978
"Newry, Mourne and Down",2013,2,2013 Q2,261.0,112267.4488
"Newry, Mourne and Down",2013,3,2013 Q3,290.0,114100.314
"Newry, Mourne and Down",2013,4,2013 Q4,374.0,113459.136
"Newry, Mourne and Down",2014,1,2014 Q1,311.0,125575.6998
"Newry, Mourne and Down",2014,2,2014 Q2,373.0,129642.1742
"Newry, Mourne and Down",2014,3,2014 Q3,402.0,137486.5875
"Newry, Mourne and Down",2014,4,2014 Q4,458.0,136807.51989999998
"Newry, Mourne and Down",2015,1,2015 Q1,366.0,144538.768
"Newry, Mourne and Down",2015,2,2015 Q2,356.0,153992.97660000002
"Newry, Mourne and Down",2015,3,2015 Q3,458.0,161543.767
"Newry, Mourne and Down",2015,4,2015 Q4,482.0,162141.04160000003
"Newry, Mourne and Down",2016,1,2016 Q1,438.0,149576.1687
"Newry, Mourne and Down",2016,2,2016 Q2,347.0,150666.0432
"Newry, Mourne and Down",2016,3,2016 Q3,425.0,143953.2414
"Newry, Mourne and Down",2016,4,2016 Q4,466.0,139741.434
"Newry, Mourne and Down",2017,1,2017 Q1,392.0,143634.1445
"Newry, Mourne and Down",2017,2,2017 Q2,432.0,144602.42719999998
"Newry, Mourne and Down",2017,3,2017 Q3,465.0,138455.2848
"Newry, Mourne and Down",2017,4,2017 Q4,539.0,143600.867
"Newry, Mourne and Down",2018,1,2018 Q1,460.0,149363.56
"Newry, Mourne and Down",2018,2,2018 Q2,502.0,146244.9198
"Newry, Mourne and Down",2018,3,2018 Q3,536.0,149800.6069
"Newry, Mourne and Down",2018,4,2018 Q4,505.0,152392.9
"Newry, Mourne and Down",2019,1,2019 Q1,379.0,153184.4688
"Newry, Mourne and Down",2019,2,2019 Q2,482.0,157995.2016
"Newry, Mourne and Down",2019,3,2019 Q3,478.0,155175.0304
"Newry, Mourne and Down",2019,4,2019 Q4,515.0,162232.6808
"Newry, Mourne and Down",2020,1,2020 Q1,410.0,160958.718
"Newry, Mourne and Down",2020,2,2020 Q2,145.0,156444.5484
"Newry, Mourne and Down",2020,3,2020 Q3,373.0,160407.1722
"Newry, Mourne and Down",2020,4,2020 Q4,638.0,165082.74639999997
"Newry, Mourne and Down",2021,1,2021 Q1,487.0,170230.585
"Newry, Mourne and Down",2021,2,2021 Q2,506.0,180549.5454
"Newry, Mourne and Down",2021,3,2021 Q3,593.0,190711.7757
"Newry, Mourne and Down",2021,4,2021 Q4,505.0,191765.7685
"Newry, Mourne and Down",2022,1,2022 Q1,433.0,200366.971
"Newry, Mourne and Down",2022,2,2022 Q2,449.0,204314.188
"Newry, Mourne and Down",2022,3,2022 Q3,449.0,212824.4544
"Newry, Mourne and Down",2022,4,2022 Q4,546.0,203241.168
"Newry, Mourne and Down",2023,1,2023 Q1,345.0,196498.9425
"Newry, Mourne and Down",2023,2,2023 Q2,399.0,204135.3307
"Newry, Mourne and Down",2023,3,2023 Q3,410.0,214524.153
"Newry, Mourne and Down",2023,4,2023 Q4,438.0,209725.3545
"Newry, Mourne and Down",2024,1,2024 Q1,341.0,208981.6344
"Newry, Mourne and Down",2024,2,2024 Q2,374.0,224961.153
"Newry, Mourne and Down",2024,3,2024 Q3,501.0,226415.385
"Newry, Mourne and Down",2024,4,2024 Q4,528.0,233722.7588
"Newry, Mourne and Down",2025,1,2025 Q1,457.0,234287.8615
"Newry, Mourne and Down",2025,2,2025 Q2,312.0,229226.9056
"Newry, Mourne and Down",2025,3,2025 Q3,443.0,238713.1434
Carlow,2010,1,2010 Q1,23.0,171836.96
Carlow,2010,2,2010 Q2,25.0,177037.0
Carlow,2010,3,2010 Q3,33.0,164772.73
Carlow,2010,4,2010 Q4,31.0,195185.81
Carlow,2011,1,2011 Q1,20.0,161475.0
Carlow,2011,2,2011 Q2,28.0,129868.75
Carlow,2011,3,2011 Q3,30.0,125825.0
Carlow,2011,4,2011 Q4,30.0,114411.83
Carlow,2012,1,2012 Q1,27.0,113648.15
Carlow,2012,2,2012 Q2,40.0,106701.98
Carlow,2012,3,2012 Q3,50.0,118720.75
Carlow,2012,4,2012 Q4,61.0,102775.98
Carlow,2013,1,2013 Q1,33.0,110106.06
Carlow,2013,2,2013 Q2,61.0,115076.31
Carlow,2013,3,2013 Q3,50.0,99289.0
Carlow,2013,4,2013 Q4,98.0,103165.99
Carlow,2014,1,2014 Q1,47.0,102015.96
Carlow,2014,2,2014 Q2,68.0,98200.0
Carlow,2014,3,2014 Q3,83.0,112891.57
Carlow,2014,4,2014 Q4,112.0,111268.82
Carlow,2015,1,2015 Q1,76.0,116039.47
Carlow,2015,2,2015 Q2,81.0,111160.16
Carlow,2015,3,2015 Q3,102.0,105099.67
Carlow,2015,4,2015 Q4,118.0,122689.83
Carlow,2016,1,2016 Q1,82.0,128237.8
Carlow,2016,2,2016 Q2,79.0,131873.42
Carlow,2016,3,2016 Q3,108.0,136297.5
Carlow,2016,4,2016 Q4,131.0,140251.91
Carlow,2017,1,2017 Q1,78.0,140705.13
Carlow,2017,2,2017 Q2,100.0,135453.5
Carlow,2017,3,2017 Q3,99.0,159219.7
Carlow,2017,4,2017 Q4,118.0,144063.98
Carlow,2018,1,2018 Q1,108.0,146665.67
Carlow,2018,2,2018 Q2,105.0,156075.18
Carlow,2018,3,2018 Q3,119.0,175593.15
Carlow,2018,4,2018 Q4,148.0,158490.39
Carlow,2019,1,2019 Q1,88.0,169731.25
Carlow,2019,2,2019 Q2,96.0,170027.27
Carlow,2019,3,2019 Q3,137.0,161082.58
Carlow,2019,4,2019 Q4,124.0,162904.78
Carlow,2020,1,2020 Q1,108.0,168929.99
Carlow,2020,2,2020 Q2,74.0,149459.62
Carlow,2020,3,2020 Q3,75.0,171435.29
Carlow,2020,4,2020 Q4,148.0,194610.1
Carlow,2021,1,2021 Q1,139.0,159288.56
Carlow,2021,2,2021 Q2,98.0,184390.69
Carlow,2021,3,2021 Q3,132.0,196000.17
Carlow,2021,4,2021 Q4,151.0,222251.74
Carlow,2022,1,2022 Q1,104.0,197520.19
Carlow,2022,2,2022 Q2,139.0,221837.84
Carlow,2022,3,2022 Q3,127.0,221496.06
Carlow,2022,4,2022 Q4,163.0,236643.31
Carlow,2023,1,2023 Q1,134.0,232072.96
Carlow,2023,2,2023 Q2,101.0,223268.32
Carlow,2023,3,2023 Q3,128.0,238984.38
Carlow,2023,4,2023 Q4,159.0,223536.3
Carlow,2024,1,2024 Q1,97.0,240634.02
Carlow,2024,2,2024 Q2,116.0,213202.04
Carlow,2024,3,2024 Q3,112.0,258038.81
Carlow,2024,4,2024 Q4,140.0,252857.5
Carlow,2025,1,2025 Q1,81.0,254608.38
Carlow,2025,2,2025 Q2,118.0,250312.34
Carlow,2025,3,2025 Q3,145.0,264589.66
Carlow,2025,4,2025 Q4,62.0,288037.1
Cavan,2010,1,2010 Q1,19.0,151184.21
Cavan,2010,2,2010 Q2,26.0,138265.38
Cavan,2010,3,2010 Q3,34.0,115476.47
Cavan,2010,4,2010 Q4,42.0,113752.9
Cavan,2011,1,2011 Q1,34.0,148255.03
Cavan,2011,2,2011 Q2,36.0,120833.33
Cavan,2011,3,2011 Q3,46.0,119194.58
Cavan,2011,4,2011 Q4,44.0,112462.86
Cavan,2012,1,2012 Q1,36.0,102281.92
Cavan,2012,2,2012 Q2,47.0,81165.79
Cavan,2012,3,2012 Q3,55.0,114463.64
Cavan,2012,4,2012 Q4,78.0,99311.54
Cavan,2013,1,2013 Q1,54.0,86775.2
Cavan,2013,2,2013 Q2,50.0,81150.0
Cavan,2013,3,2013 Q3,91.0,96412.09
Cavan,2013,4,2013 Q4,153.0,62964.71
Cavan,2014,1,2014 Q1,165.0,39079.45
Cavan,2014,2,2014 Q2,115.0,75869.42
Cavan,2014,3,2014 Q3,145.0,82608.14
Cavan,2014,4,2014 Q4,191.0,81116.39
Cavan,2015,1,2015 Q1,121.0,81090.99
Cavan,2015,2,2015 Q2,162.0,74616.45
Cavan,2015,3,2015 Q3,129.0,93184.97
Cavan,2015,4,2015 Q4,194.0,93269.6
Cavan,2016,1,2016 Q1,114.0,95191.67
Cavan,2016,2,2016 Q2,140.0,96871.07
Cavan,2016,3,2016 Q3,155.0,101884.98
Cavan,2016,4,2016 Q4,212.0,98053.09
Cavan,2017,1,2017 Q1,169.0,111586.89
Cavan,2017,2,2017 Q2,154.0,112922.08
Cavan,2017,3,2017 Q3,160.0,108881.82
Cavan,2017,4,2017 Q4,195.0,132033.18
Cavan,2018,1,2018 Q1,141.0,117364.64
Cavan,2018,2,2018 Q2,152.0,127836.22
Cavan,2018,3,2018 Q3,163.0,124061.45
Cavan,2018,4,2018 Q4,205.0,140569.52
Cavan,2019,1,2019 Q1,133.0,135579.02
Cavan,2019,2,2019 Q2,169.0,131871.12
Cavan,2019,3,2019 Q3,159.0,154185.43
Cavan,2019,4,2019 Q4,219.0,132939.71
Cavan,2020,1,2020 Q1,140.0,131292.99
Cavan,2020,2,2020 Q2,100.0,140145.0
Cavan,2020,3,2020 Q3,140.0,127602.14
Cavan,2020,4,2020 Q4,194.0,154578.18
Cavan,2021,1,2021 Q1,189.0,147065.87
Cavan,2021,2,2021 Q2,150.0,152348.45
Cavan,2021,3,2021 Q3,204.0,160682.6
Cavan,2021,4,2021 Q4,207.0,179813.19
Cavan,2022,1,2022 Q1,154.0,182331.17
Cavan,2022,2,2022 Q2,163.0,170863.1
Cavan,2022,3,2022 Q3,210.0,192294.52
Cavan,2022,4,2022 Q4,224.0,185450.04
Cavan,2023,1,2023 Q1,148.0,200675.62
Cavan,2023,2,2023 Q2,172.0,184684.3
Cavan,2023,3,2023 Q3,179.0,191643.35
Cavan,2023,4,2023 Q4,202.0,200046.12
Cavan,2024,1,2024 Q1,125.0,204554.8
Cavan,2024,2,2024 Q2,146.0,179647.63
Cavan,2024,3,2024 Q3,191.0,208954.25
Cavan,2024,4,2024 Q4,181.0,229455.8
Cavan,2025,1,2025 Q1,118.0,241432.29
Cavan,2025,2,2025 Q2,138.0,224011.09
Cavan,2025,3,2025 Q3,176.0,228375.0
Cavan,2025,4,2025 Q4,62.0,240756.89
Clare,2010,1,2010 Q1,52.0,189805.77
Clare,2010,2,2010 Q2,78.0,166660.53
Clare,2010,3,2010 Q3,123.0,154507.44
Clare,2010,4,2010 Q4,89.0,156511.39
Clare,2011,1,2011 Q1,58.0,165143.1
Clare,2011,2,2011 Q2,72.0,150084.53
Clare,2011,3,2011 Q3,95.0,148659.82
Clare,2011,4,2011 Q4,96.0,145078.31
Clare,2012,1,2012 Q1,81.0,129686.5
Clare,2012,2,2012 Q2,103.0,126862.14
Clare,2012,3,2012 Q3,114.0,118774.12
Clare,2012,4,2012 Q4,152.0,118079.56
Clare,2013,1,2013 Q1,73.0,113819.27
Clare,2013,2,2013 Q2,105.0,112515.24
Clare,2013,3,2013 Q3,158.0,113471.89
Clare,2013,4,2013 Q4,170.0,106458.64
Clare,2014,1,2014 Q1,118.0,111423.75
Clare,2014,2,2014 Q2,163.0,95997.1
Clare,2014,3,2014 Q3,212.0,106069.54
Clare,2014,4,2014 Q4,345.0,111244.99
Clare,2015,1,2015 Q1,209.0,108528.26
Clare,2015,2,2015 Q2,187.0,120007.07
Clare,2015,3,2015 Q3,296.0,101230.82
Clare,2015,4,2015 Q4,291.0,121009.15
Clare,2016,1,2016 Q1,163.0,128576.99
Clare,2016,2,2016 Q2,242.0,127838.28
Clare,2016,3,2016 Q3,278.0,131024.96
Clare,2016,4,2016 Q4,270.0,133925.34
Clare,2017,1,2017 Q1,238.0,141197.01
Clare,2017,2,2017 Q2,223.0,142554.26
Clare,2017,3,2017 Q3,257.0,149296.11
Clare,2017,4,2017 Q4,278.0,141428.52
Clare,2018,1,2018 Q1,201.0,161994.26
Clare,2018,2,2018 Q2,203.0,155939.98
Clare,2018,3,2018 Q3,260.0,157923.05
Clare,2018,4,2018 Q4,287.0,168486.54
Clare,2019,1,2019 Q1,199.0,159302.91
Clare,2019,2,2019 Q2,231.0,172296.61
Clare,2019,3,2019 Q3,280.0,171664.14
Clare,2019,4,2019 Q4,288.0,176478.9
Clare,2020,1,2020 Q1,207.0,173068.07
Clare,2020,2,2020 Q2,155.0,175777.13
Clare,2020,3,2020 Q3,210.0,158121.19
Clare,2020,4,2020 Q4,296.0,177475.77
Clare,2021,1,2021 Q1,233.0,180287.49
Clare,2021,2,2021 Q2,246.0,182936.0
Clare,2021,3,2021 Q3,308.0,207131.76
Clare,2021,4,2021 Q4,354.0,209435.71
Clare,2022,1,2022 Q1,253.0,214618.04
Clare,2022,2,2022 Q2,247.0,217269.67
Clare,2022,3,2022 Q3,263.0,229663.3
Clare,2022,4,2022 Q4,353.0,234913.02
Clare,2023,1,2023 Q1,233.0,225718.71
Clare,2023,2,2023 Q2,298.0,212413.04
Clare,2023,3,2023 Q3,277.0,237850.37
Clare,2023,4,2023 Q4,305.0,228803.3
Clare,2024,1,2024 Q1,195.0,238539.02
Clare,2024,2,2024 Q2,227.0,242900.72
Clare,2024,3,2024 Q3,235.0,275317.42
Clare,2024,4,2024 Q4,286.0,277980.21
Clare,2025,1,2025 Q1,170.0,284154.19
Clare,2025,2,2025 Q2,249.0,268014.23
Clare,2025,3,2025 Q3,282.0,290499.18
Clare,2025,4,2025 Q4,114.0,315950.18
Cork,2010,1,2010 Q1,286.0,236462.83
Cork,2010,2,2010 Q2,346.0,215937.72
Cork,2010,3,2010 Q3,405.0,202981.2
Cork,2010,4,2010 Q4,435.0,210597.72
Cork,2011,1,2011 Q1,268.0,202865.81
Cork,2011,2,2011 Q2,371.0,187924.31
Cork,2011,3,2011 Q3,415.0,186333.17
Cork,2011,4,2011 Q4,479.0,182049.66
Cork,2012,1,2012 Q1,356.0,162222.01
Cork,2012,2,2012 Q2,433.0,161580.46
Cork,2012,3,2012 Q3,492.0,171467.71
Cork,2012,4,2012 Q4,790.0,164585.37
Cork,2013,1,2013 Q1,432.0,153547.15
Cork,2013,2,2013 Q2,489.0,146826.09
Cork,2013,3,2013 Q3,638.0,159363.74
Cork,2013,4,2013 Q4,867.0,155754.03
Cork,2014,1,2014 Q1,580.0,146286.97
Cork,2014,2,2014 Q2,755.0,150900.12
Cork,2014,3,2014 Q3,941.0,170192.1
Cork,2014,4,2014 Q4,1388.0,162018.19
Cork,2015,1,2015 Q1,965.0,153155.41
Cork,2015,2,2015 Q2,896.0,170490.76
Cork,2015,3,2015 Q3,1038.0,185408.64
Cork,2015,4,2015 Q4,1255.0,183395.93
Cork,2016,1,2016 Q1,860.0,183577.95
Cork,2016,2,2016 Q2,942.0,181709.54
Cork,2016,3,2016 Q3,1103.0,196286.18
Cork,2016,4,2016 Q4,1278.0,195700.98
Cork,2017,1,2017 Q1,917.0,199759.33
Cork,2017,2,2017 Q2,974.0,200788.46
Cork,2017,3,2017 Q3,1158.0,211920.02
Cork,2017,4,2017 Q4,1237.0,212443.29
Cork,2018,1,2018 Q1,901.0,206492.91
Cork,2018,2,2018 Q2,984.0,228396.97
Cork,2018,3,2018 Q3,1121.0,226812.08
Cork,2018,4,2018 Q4,1332.0,223599.53
Cork,2019,1,2019 Q1,978.0,226262.67
Cork,2019,2,2019 Q2,1100.0,224278.68
Cork,2019,3,2019 Q3,1178.0,237391.23
Cork,2019,4,2019 Q4,1385.0,229720.92
Cork,2020,1,2020 Q1,901.0,229529.85
Cork,2020,2,2020 Q2,653.0,230378.85
Cork,2020,3,2020 Q3,817.0,222555.43
Cork,2020,4,2020 Q4,1316.0,242518.2
Cork,2021,1,2021 Q1,1031.0,246779.86
Cork,2021,2,2021 Q2,1045.0,247790.52
Cork,2021,3,2021 Q3,1171.0,262209.41
Cork,2021,4,2021 Q4,1386.0,269057.89
Cork,2022,1,2022 Q1,1074.0,279951.61
Cork,2022,2,2022 Q2,1044.0,277454.5
Cork,2022,3,2022 Q3,1193.0,301569.35
Cork,2022,4,2022 Q4,1350.0,300263.58
Cork,2023,1,2023 Q1,992.0,292979.67
Cork,2023,2,2023 Q2,1161.0,294076.35
Cork,2023,3,2023 Q3,1178.0,300213.55
Cork,2023,4,2023 Q4,1321.0,301581.28
Cork,2024,1,2024 Q1,936.0,304275.06
Cork,2024,2,2024 Q2,994.0,306487.56
Cork,2024,3,2024 Q3,1054.0,331721.82
Cork,2024,4,2024 Q4,1262.0,335491.7
Cork,2025,1,2025 Q1,917.0,341201.92
Cork,2025,2,2025 Q2,1009.0,342317.96
Cork,2025,3,2025 Q3,1175.0,356878.52
Cork,2025,4,2025 Q4,443.0,356422.83
Donegal,2010,1,2010 Q1,71.0,143369.61
Donegal,2010,2,2010 Q2,90.0,141038.98
Donegal,2010,3,2010 Q3,91.0,142490.66
Donegal,2010,4,2010 Q4,118.0,123821.54
Donegal,2011,1,2011 Q1,65.0,120521.94
Donegal,2011,2,2011 Q2,75.0,120559.36
Donegal,2011,3,2011 Q3,89.0,118460.99
Donegal,2011,4,2011 Q4,135.0,111194.11
Donegal,2012,1,2012 Q1,102.0,107766.18
Donegal,2012,2,2012 Q2,107.0,109000.0
Donegal,2012,3,2012 Q3,115.0,96701.5
Donegal,2012,4,2012 Q4,183.0,98534.14
Donegal,2013,1,2013 Q1,120.0,84112.34
Donegal,2013,2,2013 Q2,107.0,88722.62
Donegal,2013,3,2013 Q3,154.0,99806.58
Donegal,2013,4,2013 Q4,187.0,87191.78
Donegal,2014,1,2014 Q1,140.0,89551.5
Donegal,2014,2,2014 Q2,192.0,84294.69
Donegal,2014,3,2014 Q3,241.0,81250.43
Donegal,2014,4,2014 Q4,344.0,88435.75
Donegal,2015,1,2015 Q1,269.0,83299.81
Donegal,2015,2,2015 Q2,289.0,93299.73
Donegal,2015,3,2015 Q3,286.0,100951.76
Donegal,2015,4,2015 Q4,351.0,101181.33
Donegal,2016,1,2016 Q1,256.0,91861.22
Donegal,2016,2,2016 Q2,287.0,102759.99
Donegal,2016,3,2016 Q3,256.0,97229.13
Donegal,2016,4,2016 Q4,351.0,95577.85
Donegal,2017,1,2017 Q1,203.0,104984.57
Donegal,2017,2,2017 Q2,254.0,104722.21
Donegal,2017,3,2017 Q3,280.0,107918.0
Donegal,2017,4,2017 Q4,276.0,113483.76
Donegal,2018,1,2018 Q1,204.0,103469.82
Donegal,2018,2,2018 Q2,310.0,94222.16
Donegal,2018,3,2018 Q3,293.0,122134.01
Donegal,2018,4,2018 Q4,359.0,106902.43
Donegal,2019,1,2019 Q1,223.0,112507.13
Donegal,2019,2,2019 Q2,280.0,116076.02
Donegal,2019,3,2019 Q3,324.0,120397.37
Donegal,2019,4,2019 Q4,383.0,113935.53
Donegal,2020,1,2020 Q1,252.0,132387.39
Donegal,2020,2,2020 Q2,178.0,108376.05
Donegal,2020,3,2020 Q3,257.0,127725.95
Donegal,2020,4,2020 Q4,390.0,134757.51
Donegal,2021,1,2021 Q1,290.0,135138.01
Donegal,2021,2,2021 Q2,350.0,132546.23
Donegal,2021,3,2021 Q3,323.0,146927.34
Donegal,2021,4,2021 Q4,395.0,144268.75
Donegal,2022,1,2022 Q1,270.0,155237.07
Donegal,2022,2,2022 Q2,325.0,159297.05
Donegal,2022,3,2022 Q3,356.0,165859.17
Donegal,2022,4,2022 Q4,325.0,176442.29
Donegal,2023,1,2023 Q1,256.0,168251.36
Donegal,2023,2,2023 Q2,299.0,162190.43
Donegal,2023,3,2023 Q3,305.0,173458.02
Donegal,2023,4,2023 Q4,323.0,172729.33
Donegal,2024,1,2024 Q1,258.0,168487.97
Donegal,2024,2,2024 Q2,299.0,173545.79
Donegal,2024,3,2024 Q3,285.0,187777.22
Donegal,2024,4,2024 Q4,345.0,189055.2
Donegal,2025,1,2025 Q1,202.0,182686.83
Donegal,2025,2,2025 Q2,306.0,187665.36
Donegal,2025,3,2025 Q3,295.0,184373.37
Donegal,2025,4,2025 Q4,121.0,210614.32
Dublin,2010,1,2010 Q1,964.0,337164.27
Dublin,2010,2,2010 Q2,1273.0,316153.25
Dublin,2010,3,2010 Q3,1447.0,318730.26
Dublin,2010,4,2010 Q4,1153.0,302575.21
Dublin,2011,1,2011 Q1,785.0,304903.63
Dublin,2011,2,2011 Q2,917.0,296196.68
Dublin,2011,3,2011 Q3,1305.0,299385.37
Dublin,2011,4,2011 Q4,1445.0,265833.15
Dublin,2012,1,2012 Q1,1048.0,258389.68
Dublin,2012,2,2012 Q2,1520.0,235679.0
Dublin,2012,3,2012 Q3,1755.0,267010.93
Dublin,2012,4,2012 Q4,2409.0,256665.55
Dublin,2013,1,2013 Q1,1162.0,253282.59
Dublin,2013,2,2013 Q2,1586.0,271210.22
Dublin,2013,3,2013 Q3,2214.0,287749.16
Dublin,2013,4,2013 Q4,2846.0,296025.69
Dublin,2014,1,2014 Q1,1696.0,273269.56
Dublin,2014,2,2014 Q2,2309.0,298013.33
Dublin,2014,3,2014 Q3,3050.0,328219.81
Dublin,2014,4,2014 Q4,3917.0,296471.13
Dublin,2015,1,2015 Q1,2729.0,300909.16
Dublin,2015,2,2015 Q2,2744.0,298611.32
Dublin,2015,3,2015 Q3,2953.0,343551.18
Dublin,2015,4,2015 Q4,3030.0,321974.69
Dublin,2016,1,2016 Q1,2522.0,316629.83
Dublin,2016,2,2016 Q2,2587.0,336012.62
Dublin,2016,3,2016 Q3,3027.0,366826.12
Dublin,2016,4,2016 Q4,3415.0,342990.56
Dublin,2017,1,2017 Q1,2490.0,368068.27
Dublin,2017,2,2017 Q2,2635.0,368553.8
Dublin,2017,3,2017 Q3,3224.0,396511.56
Dublin,2017,4,2017 Q4,3552.0,389775.14
Dublin,2018,1,2018 Q1,2629.0,377332.79
Dublin,2018,2,2018 Q2,2645.0,387514.11
Dublin,2018,3,2018 Q3,3134.0,412757.82
Dublin,2018,4,2018 Q4,3441.0,391885.38
Dublin,2019,1,2019 Q1,2474.0,384443.72
Dublin,2019,2,2019 Q2,2987.0,373365.96
Dublin,2019,3,2019 Q3,3368.0,404794.35
Dublin,2019,4,2019 Q4,3479.0,391323.2
Dublin,2020,1,2020 Q1,2556.0,399922.5
Dublin,2020,2,2020 Q2,1598.0,382812.29
Dublin,2020,3,2020 Q3,2181.0,391910.56
Dublin,2020,4,2020 Q4,3775.0,403984.91
Dublin,2021,1,2021 Q1,2815.0,409392.8
Dublin,2021,2,2021 Q2,2736.0,423678.79
Dublin,2021,3,2021 Q3,3434.0,452522.45
Dublin,2021,4,2021 Q4,3794.0,445058.85
Dublin,2022,1,2022 Q1,2894.0,445963.43
Dublin,2022,2,2022 Q2,3189.0,445741.77
Dublin,2022,3,2022 Q3,3711.0,488767.5
Dublin,2022,4,2022 Q4,3622.0,474692.73
Dublin,2023,1,2023 Q1,2898.0,470705.91
Dublin,2023,2,2023 Q2,3285.0,451936.23
Dublin,2023,3,2023 Q3,3761.0,469650.31
Dublin,2023,4,2023 Q4,3726.0,482698.07
Dublin,2024,1,2024 Q1,2764.0,485791.22
Dublin,2024,2,2024 Q2,3146.0,481648.31
Dublin,2024,3,2024 Q3,3517.0,532958.69
Dublin,2024,4,2024 Q4,3759.0,530002.71
Dublin,2025,1,2025 Q1,2845.0,524846.16
Dublin,2025,2,2025 Q2,3075.0,534031.92
Dublin,2025,3,2025 Q3,3643.0,546410.86
Dublin,2025,4,2025 Q4,1395.0,548900.94
Galway,2010,1,2010 Q1,110.0,235751.73
Galway,2010,2,2010 Q2,135.0,232360.43
Galway,2010,3,2010 Q3,155.0,227388.19
Galway,2010,4,2010 Q4,165.0,209098.33
Galway,2011,1,2011 Q1,91.0,213291.77
Galway,2011,2,2011 Q2,145.0,182970.46
Galway,2011,3,2011 Q3,183.0,173643.44
Galway,2011,4,2011 Q4,234.0,173231.66
Galway,2012,1,2012 Q1,131.0,151206.11
Galway,2012,2,2012 Q2,181.0,157562.78
Galway,2012,3,2012 Q3,237.0,164739.38
Galway,2012,4,2012 Q4,335.0,158621.61
Galway,2013,1,2013 Q1,176.0,147412.05
Galway,2013,2,2013 Q2,263.0,145345.46
Galway,2013,3,2013 Q3,330.0,156505.88
Galway,2013,4,2013 Q4,434.0,150763.11
Galway,2014,1,2014 Q1,280.0,138138.35
Galway,2014,2,2014 Q2,380.0,150156.99
Galway,2014,3,2014 Q3,530.0,153644.84
Galway,2014,4,2014 Q4,727.0,147774.02
Galway,2015,1,2015 Q1,502.0,153559.88
Galway,2015,2,2015 Q2,478.0,146916.19
Galway,2015,3,2015 Q3,634.0,155657.96
Galway,2015,4,2015 Q4,666.0,158223.12
Galway,2016,1,2016 Q1,361.0,167205.3
Galway,2016,2,2016 Q2,512.0,156376.92
Galway,2016,3,2016 Q3,533.0,181635.73
Galway,2016,4,2016 Q4,558.0,185426.35
Galway,2017,1,2017 Q1,432.0,186217.26
Galway,2017,2,2017 Q2,484.0,185739.27
Galway,2017,3,2017 Q3,618.0,191947.75
Galway,2017,4,2017 Q4,694.0,201341.14
Galway,2018,1,2018 Q1,401.0,196285.97
Galway,2018,2,2018 Q2,480.0,209879.17
Galway,2018,3,2018 Q3,586.0,215955.21
Galway,2018,4,2018 Q4,617.0,219991.88
Galway,2019,1,2019 Q1,448.0,219714.33
Galway,2019,2,2019 Q2,487.0,205184.19
Galway,2019,3,2019 Q3,541.0,228365.56
Galway,2019,4,2019 Q4,659.0,219223.18
Galway,2020,1,2020 Q1,437.0,226656.89
Galway,2020,2,2020 Q2,263.0,221262.97
Galway,2020,3,2020 Q3,362.0,221330.64
Galway,2020,4,2020 Q4,631.0,227464.18
Galway,2021,1,2021 Q1,452.0,228846.96
Galway,2021,2,2021 Q2,507.0,229250.99
Galway,2021,3,2021 Q3,524.0,250829.6
Galway,2021,4,2021 Q4,647.0,253778.6
Galway,2022,1,2022 Q1,447.0,263169.67
Galway,2022,2,2022 Q2,528.0,272171.17
Galway,2022,3,2022 Q3,547.0,287554.06
Galway,2022,4,2022 Q4,638.0,289661.71
Galway,2023,1,2023 Q1,462.0,294215.79
Galway,2023,2,2023 Q2,479.0,281055.78
Galway,2023,3,2023 Q3,541.0,285330.1
Galway,2023,4,2023 Q4,597.0,306230.95
Galway,2024,1,2024 Q1,411.0,303786.61
Galway,2024,2,2024 Q2,471.0,297168.03
Galway,2024,3,2024 Q3,507.0,325676.34
Galway,2024,4,2024 Q4,588.0,328002.3
Galway,2025,1,2025 Q1,362.0,327597.17
Galway,2025,2,2025 Q2,428.0,338759.26
Galway,2025,3,2025 Q3,519.0,364285.81
Galway,2025,4,2025 Q4,227.0,318005.06
Kerry,2010,1,2010 Q1,83.0,183927.31
Kerry,2010,2,2010 Q2,98.0,198944.53
Kerry,2010,3,2010 Q3,105.0,173180.26
Kerry,2010,4,2010 Q4,120.0,166684.52
Kerry,2011,1,2011 Q1,73.0,158802.47
Kerry,2011,2,2011 Q2,85.0,179599.76
Kerry,2011,3,2011 Q3,102.0,159096.38
Kerry,2011,4,2011 Q4,128.0,145662.5
Kerry,2012,1,2012 Q1,90.0,152640.12
Kerry,2012,2,2012 Q2,116.0,128395.47
Kerry,2012,3,2012 Q3,145.0,128116.34
Kerry,2012,4,2012 Q4,191.0,142851.05
Kerry,2013,1,2013 Q1,121.0,110202.55
Kerry,2013,2,2013 Q2,141.0,131791.36
Kerry,2013,3,2013 Q3,162.0,120227.1
Kerry,2013,4,2013 Q4,220.0,129408.21
Kerry,2014,1,2014 Q1,143.0,124863.74
Kerry,2014,2,2014 Q2,209.0,117650.0
Kerry,2014,3,2014 Q3,252.0,120191.43
Kerry,2014,4,2014 Q4,341.0,118386.09
Kerry,2015,1,2015 Q1,218.0,121120.1
Kerry,2015,2,2015 Q2,264.0,123248.29
Kerry,2015,3,2015 Q3,274.0,134118.06
Kerry,2015,4,2015 Q4,327.0,125919.6
Kerry,2016,1,2016 Q1,233.0,138796.48
Kerry,2016,2,2016 Q2,284.0,128713.6
Kerry,2016,3,2016 Q3,337.0,124267.32
Kerry,2016,4,2016 Q4,329.0,143332.16
Kerry,2017,1,2017 Q1,243.0,137109.42
Kerry,2017,2,2017 Q2,380.0,120803.82
Kerry,2017,3,2017 Q3,325.0,152507.79
Kerry,2017,4,2017 Q4,359.0,159805.53
Kerry,2018,1,2018 Q1,274.0,145218.59
Kerry,2018,2,2018 Q2,325.0,150904.17
Kerry,2018,3,2018 Q3,297.0,161190.15
Kerry,2018,4,2018 Q4,330.0,165211.64
Kerry,2019,1,2019 Q1,225.0,163518.84
Kerry,2019,2,2019 Q2,266.0,178279.33
Kerry,2019,3,2019 Q3,339.0,172132.59
Kerry,2019,4,2019 Q4,369.0,175098.17
Kerry,2020,1,2020 Q1,256.0,167604.2
Kerry,2020,2,2020 Q2,205.0,174023.49
Kerry,2020,3,2020 Q3,253.0,178800.61
Kerry,2020,4,2020 Q4,387.0,181194.38
Kerry,2021,1,2021 Q1,290.0,177050.65
Kerry,2021,2,2021 Q2,313.0,195278.14
Kerry,2021,3,2021 Q3,342.0,207974.54
Kerry,2021,4,2021 Q4,379.0,209993.25
Kerry,2022,1,2022 Q1,311.0,218452.31
Kerry,2022,2,2022 Q2,330.0,227399.06
Kerry,2022,3,2022 Q3,343.0,229175.92
Kerry,2022,4,2022 Q4,360.0,237406.09
Kerry,2023,1,2023 Q1,298.0,236182.55
Kerry,2023,2,2023 Q2,253.0,246872.13
Kerry,2023,3,2023 Q3,326.0,241731.26
Kerry,2023,4,2023 Q4,340.0,247194.72
Kerry,2024,1,2024 Q1,252.0,247775.98
Kerry,2024,2,2024 Q2,285.0,243973.8
Kerry,2024,3,2024 Q3,282.0,261050.44
Kerry,2024,4,2024 Q4,334.0,287088.43
Kerry,2025,1,2025 Q1,222.0,272903.39
Kerry,2025,2,2025 Q2,269.0,281367.04
Kerry,2025,3,2025 Q3,250.0,281540.72
Kerry,2025,4,2025 Q4,96.0,319230.71
Kildare,2010,1,2010 Q1,98.0,262754.54
Kildare,2010,2,2010 Q2,123.0,259471.5
Kildare,2010,3,2010 Q3,189.0,238939.43
Kildare,2010,4,2010 Q4,150.0,253448.67
Kildare,2011,1,2011 Q1,97.0,214760.82
Kildare,2011,2,2011 Q2,120.0,231551.67
Kildare,2011,3,2011 Q3,144.0,215398.15
Kildare,2011,4,2011 Q4,183.0,196078.11
Kildare,2012,1,2012 Q1,120.0,181323.33
Kildare,2012,2,2012 Q2,132.0,171503.69
Kildare,2012,3,2012 Q3,198.0,179302.54
Kildare,2012,4,2012 Q4,334.0,183930.65
Kildare,2013,1,2013 Q1,134.0,172459.99
Kildare,2013,2,2013 Q2,166.0,188481.37
Kildare,2013,3,2013 Q3,255.0,188886.01
Kildare,2013,4,2013 Q4,360.0,194556.82
Kildare,2014,1,2014 Q1,204.0,169129.86
Kildare,2014,2,2014 Q2,264.0,216510.27
Kildare,2014,3,2014 Q3,372.0,210788.74
Kildare,2014,4,2014 Q4,488.0,217700.26
Kildare,2015,1,2015 Q1,389.0,190668.8
Kildare,2015,2,2015 Q2,337.0,222269.92
Kildare,2015,3,2015 Q3,413.0,236842.84
Kildare,2015,4,2015 Q4,434.0,215928.4
Kildare,2016,1,2016 Q1,295.0,218935.79
Kildare,2016,2,2016 Q2,376.0,228875.77
Kildare,2016,3,2016 Q3,381.0,232897.97
Kildare,2016,4,2016 Q4,445.0,245304.68
Kildare,2017,1,2017 Q1,380.0,231935.18
Kildare,2017,2,2017 Q2,412.0,243005.08
Kildare,2017,3,2017 Q3,463.0,243684.45
Kildare,2017,4,2017 Q4,492.0,267264.31
Kildare,2018,1,2018 Q1,317.0,268985.27
Kildare,2018,2,2018 Q2,358.0,261333.57
Kildare,2018,3,2018 Q3,482.0,268029.7
Kildare,2018,4,2018 Q4,513.0,271122.55
Kildare,2019,1,2019 Q1,375.0,264288.89
Kildare,2019,2,2019 Q2,416.0,264671.49
Kildare,2019,3,2019 Q3,442.0,277798.07
Kildare,2019,4,2019 Q4,477.0,284015.32
Kildare,2020,1,2020 Q1,364.0,256808.19
Kildare,2020,2,2020 Q2,242.0,251785.63
Kildare,2020,3,2020 Q3,310.0,285186.02
Kildare,2020,4,2020 Q4,544.0,298736.51
Kildare,2021,1,2021 Q1,357.0,291329.19
Kildare,2021,2,2021 Q2,395.0,306830.41
Kildare,2021,3,2021 Q3,507.0,311120.19
Kildare,2021,4,2021 Q4,520.0,311271.58
Kildare,2022,1,2022 Q1,426.0,312784.53
Kildare,2022,2,2022 Q2,442.0,329517.63
Kildare,2022,3,2022 Q3,537.0,332691.99
Kildare,2022,4,2022 Q4,596.0,348222.69
Kildare,2023,1,2023 Q1,389.0,348684.88
Kildare,2023,2,2023 Q2,479.0,331091.5
Kildare,2023,3,2023 Q3,541.0,353796.8
Kildare,2023,4,2023 Q4,541.0,363008.99
Kildare,2024,1,2024 Q1,384.0,365315.11
Kildare,2024,2,2024 Q2,421.0,364057.31
Kildare,2024,3,2024 Q3,468.0,398501.68
Kildare,2024,4,2024 Q4,523.0,406255.84
Kildare,2025,1,2025 Q1,371.0,405574.71
Kildare,2025,2,2025 Q2,402.0,410989.72
Kildare,2025,3,2025 Q3,456.0,427679.56
Kildare,2025,4,2025 Q4,216.0,425297.14
Kilkenny,2010,1,2010 Q1,37.0,193538.29
Kilkenny,2010,2,2010 Q2,62.0,187588.63
Kilkenny,2010,3,2010 Q3,65.0,182132.11
Kilkenny,2010,4,2010 Q4,72.0,148092.78
Kilkenny,2011,1,2011 Q1,51.0,157467.28
Kilkenny,2011,2,2011 Q2,52.0,157866.27
Kilkenny,2011,3,2011 Q3,76.0,154926.32
Kilkenny,2011,4,2011 Q4,75.0,136400.53
Kilkenny,2012,1,2012 Q1,62.0,134836.69
Kilkenny,2012,2,2012 Q2,66.0,117819.87
Kilkenny,2012,3,2012 Q3,74.0,133001.35
Kilkenny,2012,4,2012 Q4,114.0,131864.52
Kilkenny,2013,1,2013 Q1,53.0,124028.24
Kilkenny,2013,2,2013 Q2,76.0,100213.07
Kilkenny,2013,3,2013 Q3,92.0,134187.26
Kilkenny,2013,4,2013 Q4,118.0,133624.69
Kilkenny,2014,1,2014 Q1,71.0,111275.61
Kilkenny,2014,2,2014 Q2,118.0,126570.99
Kilkenny,2014,3,2014 Q3,133.0,145584.02
Kilkenny,2014,4,2014 Q4,167.0,140973.75
Kilkenny,2015,1,2015 Q1,128.0,147134.11
Kilkenny,2015,2,2015 Q2,108.0,129291.67
Kilkenny,2015,3,2015 Q3,183.0,147544.36
Kilkenny,2015,4,2015 Q4,168.0,156907.11
Kilkenny,2016,1,2016 Q1,117.0,161406.1
Kilkenny,2016,2,2016 Q2,134.0,156148.34
Kilkenny,2016,3,2016 Q3,149.0,164601.86
Kilkenny,2016,4,2016 Q4,164.0,186502.13
Kilkenny,2017,1,2017 Q1,119.0,160368.49
Kilkenny,2017,2,2017 Q2,138.0,177559.38
Kilkenny,2017,3,2017 Q3,178.0,172632.35
Kilkenny,2017,4,2017 Q4,182.0,177334.93
Kilkenny,2018,1,2018 Q1,122.0,192646.72
Kilkenny,2018,2,2018 Q2,145.0,183422.22
Kilkenny,2018,3,2018 Q3,181.0,189785.65
Kilkenny,2018,4,2018 Q4,197.0,201849.41
Kilkenny,2019,1,2019 Q1,142.0,195150.87
Kilkenny,2019,2,2019 Q2,168.0,197485.88
Kilkenny,2019,3,2019 Q3,202.0,201055.03
Kilkenny,2019,4,2019 Q4,193.0,191026.17
Kilkenny,2020,1,2020 Q1,124.0,207439.17
Kilkenny,2020,2,2020 Q2,87.0,193254.29
Kilkenny,2020,3,2020 Q3,137.0,190297.85
Kilkenny,2020,4,2020 Q4,213.0,210602.94
Kilkenny,2021,1,2021 Q1,165.0,212964.96
Kilkenny,2021,2,2021 Q2,145.0,214142.65
Kilkenny,2021,3,2021 Q3,185.0,245427.5
Kilkenny,2021,4,2021 Q4,224.0,252397.39
Kilkenny,2022,1,2022 Q1,155.0,245493.87
Kilkenny,2022,2,2022 Q2,188.0,258529.54
Kilkenny,2022,3,2022 Q3,202.0,244127.72
Kilkenny,2022,4,2022 Q4,199.0,274280.89
Kilkenny,2023,1,2023 Q1,136.0,236811.06
Kilkenny,2023,2,2023 Q2,180.0,261003.63
Kilkenny,2023,3,2023 Q3,164.0,277531.5
Kilkenny,2023,4,2023 Q4,185.0,269472.65
Kilkenny,2024,1,2024 Q1,150.0,279026.8
Kilkenny,2024,2,2024 Q2,160.0,275767.17
Kilkenny,2024,3,2024 Q3,181.0,285256.73
Kilkenny,2024,4,2024 Q4,183.0,290060.79
Kilkenny,2025,1,2025 Q1,136.0,298807.5
Kilkenny,2025,2,2025 Q2,168.0,287304.7
Kilkenny,2025,3,2025 Q3,168.0,330973.47
Kilkenny,2025,4,2025 Q4,55.0,298173.47
Laois,2010,1,2010 Q1,44.0,163837.11
Laois,2010,2,2010 Q2,38.0,153786.05
Laois,2010,3,2010 Q3,53.0,148860.24
Laois,2010,4,2010 Q4,59.0,138902.54
Laois,2011,1,2011 Q1,34.0,127250.0
Laois,2011,2,2011 Q2,48.0,135005.21
Laois,2011,3,2011 Q3,49.0,112099.1
Laois,2011,4,2011 Q4,55.0,116403.64
Laois,2012,1,2012 Q1,39.0,105783.69
Laois,2012,2,2012 Q2,66.0,92600.0
Laois,2012,3,2012 Q3,64.0,101400.31
Laois,2012,4,2012 Q4,83.0,88964.25
Laois,2013,1,2013 Q1,41.0,116343.2
Laois,2013,2,2013 Q2,56.0,92702.23
Laois,2013,3,2013 Q3,72.0,97169.44
Laois,2013,4,2013 Q4,111.0,85406.62
Laois,2014,1,2014 Q1,74.0,89417.7
Laois,2014,2,2014 Q2,105.0,100641.9
Laois,2014,3,2014 Q3,106.0,100008.49
Laois,2014,4,2014 Q4,176.0,100915.96
Laois,2015,1,2015 Q1,97.0,112523.2
Laois,2015,2,2015 Q2,124.0,108723.31
Laois,2015,3,2015 Q3,111.0,123830.63
Laois,2015,4,2015 Q4,149.0,123358.72
Laois,2016,1,2016 Q1,108.0,125901.19
Laois,2016,2,2016 Q2,135.0,118201.92
Laois,2016,3,2016 Q3,141.0,125333.82
Laois,2016,4,2016 Q4,167.0,128464.02
Laois,2017,1,2017 Q1,119.0,136086.73
Laois,2017,2,2017 Q2,106.0,157064.58
Laois,2017,3,2017 Q3,185.0,137249.11
Laois,2017,4,2017 Q4,165.0,155257.86
Laois,2018,1,2018 Q1,112.0,147806.5
Laois,2018,2,2018 Q2,129.0,157040.29
Laois,2018,3,2018 Q3,167.0,161696.99
Laois,2018,4,2018 Q4,173.0,153824.93
Laois,2019,1,2019 Q1,137.0,159855.96
Laois,2019,2,2019 Q2,186.0,158667.06
Laois,2019,3,2019 Q3,181.0,178116.58
Laois,2019,4,2019 Q4,173.0,180809.99
Laois,2020,1,2020 Q1,125.0,170452.57
Laois,2020,2,2020 Q2,110.0,169709.81
Laois,2020,3,2020 Q3,115.0,171087.34
Laois,2020,4,2020 Q4,166.0,183813.99
Laois,2021,1,2021 Q1,150.0,192346.26
Laois,2021,2,2021 Q2,175.0,182359.11
Laois,2021,3,2021 Q3,197.0,200098.51
Laois,2021,4,2021 Q4,216.0,208544.06
Laois,2022,1,2022 Q1,164.0,208965.72
Laois,2022,2,2022 Q2,174.0,207990.72
Laois,2022,3,2022 Q3,214.0,220603.49
Laois,2022,4,2022 Q4,232.0,224784.35
Laois,2023,1,2023 Q1,176.0,220250.85
Laois,2023,2,2023 Q2,176.0,226107.43
Laois,2023,3,2023 Q3,219.0,233136.99
Laois,2023,4,2023 Q4,215.0,244541.14
Laois,2024,1,2024 Q1,129.0,232123.64
Laois,2024,2,2024 Q2,180.0,232821.02
Laois,2024,3,2024 Q3,180.0,230797.92
Laois,2024,4,2024 Q4,231.0,256463.72
Laois,2025,1,2025 Q1,123.0,246513.52
Laois,2025,2,2025 Q2,163.0,242880.96
Laois,2025,3,2025 Q3,165.0,271079.73
Laois,2025,4,2025 Q4,73.0,305000.38
Leitrim,2010,1,2010 Q1,11.0,115636.36
Leitrim,2010,2,2010 Q2,15.0,128622.67
Leitrim,2010,3,2010 Q3,25.0,101690.0
Leitrim,2010,4,2010 Q4,23.0,132854.35
Leitrim,2011,1,2011 Q1,18.0,99061.11
Leitrim,2011,2,2011 Q2,18.0,120250.0
Leitrim,2011,3,2011 Q3,28.0,103896.62
Leitrim,2011,4,2011 Q4,45.0,92405.24
Leitrim,2012,1,2012 Q1,23.0,93399.87
Leitrim,2012,2,2012 Q2,23.0,132543.48
Leitrim,2012,3,2012 Q3,36.0,96069.44
Leitrim,2012,4,2012 Q4,40.0,83446.25
Leitrim,2013,1,2013 Q1,23.0,71000.0
Leitrim,2013,2,2013 Q2,64.0,68065.49
Leitrim,2013,3,2013 Q3,56.0,76156.07
Leitrim,2013,4,2013 Q4,73.0,69981.79
Leitrim,2014,1,2014 Q1,46.0,68889.82
Leitrim,2014,2,2014 Q2,55.0,80252.73
Leitrim,2014,3,2014 Q3,59.0,86438.14
Leitrim,2014,4,2014 Q4,120.0,69026.32
Leitrim,2015,1,2015 Q1,72.0,87351.94
Leitrim,2015,2,2015 Q2,73.0,82325.34
Leitrim,2015,3,2015 Q3,75.0,79495.33
Leitrim,2015,4,2015 Q4,123.0,83479.67
Leitrim,2016,1,2016 Q1,69.0,78340.06
Leitrim,2016,2,2016 Q2,108.0,72298.08
Leitrim,2016,3,2016 Q3,92.0,79959.55
Leitrim,2016,4,2016 Q4,117.0,85618.8
Leitrim,2017,1,2017 Q1,88.0,82637.92
Leitrim,2017,2,2017 Q2,89.0,97612.36
Leitrim,2017,3,2017 Q3,91.0,107957.42
Leitrim,2017,4,2017 Q4,112.0,92443.65
Leitrim,2018,1,2018 Q1,91.0,108756.1
Leitrim,2018,2,2018 Q2,77.0,92031.17
Leitrim,2018,3,2018 Q3,104.0,111397.12
Leitrim,2018,4,2018 Q4,111.0,114157.44
Leitrim,2019,1,2019 Q1,77.0,102301.95
Leitrim,2019,2,2019 Q2,81.0,111802.09
Leitrim,2019,3,2019 Q3,106.0,108422.97
Leitrim,2019,4,2019 Q4,108.0,107641.43
Leitrim,2020,1,2020 Q1,74.0,106803.77
Leitrim,2020,2,2020 Q2,59.0,119997.76
Leitrim,2020,3,2020 Q3,73.0,117646.96
Leitrim,2020,4,2020 Q4,139.0,117105.28
Leitrim,2021,1,2021 Q1,101.0,127016.26
Leitrim,2021,2,2021 Q2,106.0,124026.05
Leitrim,2021,3,2021 Q3,96.0,137875.43
Leitrim,2021,4,2021 Q4,134.0,156365.63
Leitrim,2022,1,2022 Q1,105.0,143234.47
Leitrim,2022,2,2022 Q2,108.0,150715.28
Leitrim,2022,3,2022 Q3,103.0,163082.52
Leitrim,2022,4,2022 Q4,159.0,170059.83
Leitrim,2023,1,2023 Q1,99.0,163433.33
Leitrim,2023,2,2023 Q2,88.0,148670.45
Leitrim,2023,3,2023 Q3,120.0,174314.48
Leitrim,2023,4,2023 Q4,140.0,170087.22
Leitrim,2024,1,2024 Q1,86.0,183982.73
Leitrim,2024,2,2024 Q2,111.0,163301.3
Leitrim,2024,3,2024 Q3,102.0,170718.87
Leitrim,2024,4,2024 Q4,122.0,187530.27
Leitrim,2025,1,2025 Q1,75.0,167629.33
Leitrim,2025,2,2025 Q2,91.0,198931.0
Leitrim,2025,3,2025 Q3,92.0,216877.06
Leitrim,2025,4,2025 Q4,36.0,208092.97
Limerick,2010,1,2010 Q1,83.0,183341.57
Limerick,2010,2,2010 Q2,128.0,181354.1
Limerick,2010,3,2010 Q3,143.0,187238.46
Limerick,2010,4,2010 Q4,131.0,172776.35
Limerick,2011,1,2011 Q1,99.0,179301.01
Limerick,2011,2,2011 Q2,111.0,162996.6
Limerick,2011,3,2011 Q3,169.0,161694.98
Limerick,2011,4,2011 Q4,152.0,142003.23
Limerick,2012,1,2012 Q1,116.0,143146.07
Limerick,2012,2,2012 Q2,140.0,129328.36
Limerick,2012,3,2012 Q3,158.0,156334.27
Limerick,2012,4,2012 Q4,243.0,139338.93
Limerick,2013,1,2013 Q1,114.0,120969.74
Limerick,2013,2,2013 Q2,168.0,128534.94
Limerick,2013,3,2013 Q3,203.0,132949.62
Limerick,2013,4,2013 Q4,235.0,130295.26
Limerick,2014,1,2014 Q1,172.0,111996.02
Limerick,2014,2,2014 Q2,245.0,108528.88
Limerick,2014,3,2014 Q3,341.0,119423.03
Limerick,2014,4,2014 Q4,589.0,103439.44
Limerick,2015,1,2015 Q1,368.0,119489.53
Limerick,2015,2,2015 Q2,334.0,115397.67
Limerick,2015,3,2015 Q3,517.0,107960.87
Limerick,2015,4,2015 Q4,468.0,148106.38
Limerick,2016,1,2016 Q1,326.0,118469.94
Limerick,2016,2,2016 Q2,350.0,126169.04
Limerick,2016,3,2016 Q3,396.0,141234.1
Limerick,2016,4,2016 Q4,491.0,134662.93
Limerick,2017,1,2017 Q1,290.0,146309.13
Limerick,2017,2,2017 Q2,403.0,138124.15
Limerick,2017,3,2017 Q3,485.0,142058.61
Limerick,2017,4,2017 Q4,480.0,158039.16
Limerick,2018,1,2018 Q1,344.0,162481.4
Limerick,2018,2,2018 Q2,363.0,162589.98
Limerick,2018,3,2018 Q3,442.0,173145.69
Limerick,2018,4,2018 Q4,527.0,171191.5
Limerick,2019,1,2019 Q1,322.0,168592.35
Limerick,2019,2,2019 Q2,370.0,181024.94
Limerick,2019,3,2019 Q3,468.0,186340.83
Limerick,2019,4,2019 Q4,502.0,169758.99
Limerick,2020,1,2020 Q1,340.0,182619.41
Limerick,2020,2,2020 Q2,234.0,183542.71
Limerick,2020,3,2020 Q3,336.0,169703.21
Limerick,2020,4,2020 Q4,487.0,192023.48
Limerick,2021,1,2021 Q1,350.0,186178.57
Limerick,2021,2,2021 Q2,389.0,199411.0
Limerick,2021,3,2021 Q3,488.0,214653.07
Limerick,2021,4,2021 Q4,527.0,206392.67
Limerick,2022,1,2022 Q1,355.0,233304.55
Limerick,2022,2,2022 Q2,404.0,216329.93
Limerick,2022,3,2022 Q3,456.0,229230.97
Limerick,2022,4,2022 Q4,553.0,224939.95
Limerick,2023,1,2023 Q1,349.0,236277.93
Limerick,2023,2,2023 Q2,379.0,228175.27
Limerick,2023,3,2023 Q3,488.0,238174.61
Limerick,2023,4,2023 Q4,486.0,249413.24
Limerick,2024,1,2024 Q1,332.0,240719.58
Limerick,2024,2,2024 Q2,377.0,270918.53
Limerick,2024,3,2024 Q3,404.0,267766.4
Limerick,2024,4,2024 Q4,424.0,273939.99
Limerick,2025,1,2025 Q1,305.0,306263.83
Limerick,2025,2,2025 Q2,382.0,292074.76
Limerick,2025,3,2025 Q3,380.0,293684.77
Limerick,2025,4,2025 Q4,168.0,298771.85
Longford,2010,1,2010 Q1,16.0,147593.75
Longford,2010,2,2010 Q2,20.0,92650.0
Longford,2010,3,2010 Q3,23.0,134347.83
Longford,2010,4,2010 Q4,20.0,125150.0
Longford,2011,1,2011 Q1,18.0,118027.78
Longford,2011,2,2011 Q2,19.0,96581.58
Longford,2011,3,2011 Q3,23.0,81239.13
Longford,2011,4,2011 Q4,20.0,89625.0
Longford,2012,1,2012 Q1,19.0,84139.58
Longford,2012,2,2012 Q2,23.0,80478.26
Longford,2012,3,2012 Q3,36.0,89255.78
Longford,2012,4,2012 Q4,56.0,72197.45
Longford,2013,1,2013 Q1,29.0,65531.13
Longford,2013,2,2013 Q2,48.0,59206.25
Longford,2013,3,2013 Q3,40.0,74037.34
Longford,2013,4,2013 Q4,59.0,66529.66
Longford,2014,1,2014 Q1,46.0,58107.61
Longford,2014,2,2014 Q2,61.0,62413.11
Longford,2014,3,2014 Q3,93.0,60506.59
Longford,2014,4,2014 Q4,123.0,63750.2
Longford,2015,1,2015 Q1,107.0,60019.32
Longford,2015,2,2015 Q2,74.0,67243.81
Longford,2015,3,2015 Q3,79.0,70222.15
Longford,2015,4,2015 Q4,91.0,76995.19
Longford,2016,1,2016 Q1,73.0,74908.38
Longford,2016,2,2016 Q2,91.0,68460.45
Longford,2016,3,2016 Q3,78.0,87326.28
Longford,2016,4,2016 Q4,110.0,79651.42
Longford,2017,1,2017 Q1,73.0,79073.29
Longford,2017,2,2017 Q2,79.0,89015.82
Longford,2017,3,2017 Q3,74.0,97175.68
Longford,2017,4,2017 Q4,95.0,96615.26
Longford,2018,1,2018 Q1,78.0,89659.27
Longford,2018,2,2018 Q2,90.0,88299.82
Longford,2018,3,2018 Q3,91.0,101641.91
Longford,2018,4,2018 Q4,96.0,107595.83
Longford,2019,1,2019 Q1,71.0,111478.87
Longford,2019,2,2019 Q2,69.0,117442.85
Longford,2019,3,2019 Q3,107.0,123281.53
Longford,2019,4,2019 Q4,91.0,119957.15
Longford,2020,1,2020 Q1,77.0,120776.79
Longford,2020,2,2020 Q2,62.0,103567.73
Longford,2020,3,2020 Q3,73.0,109495.08
Longford,2020,4,2020 Q4,101.0,115274.22
Longford,2021,1,2021 Q1,113.0,115813.56
Longford,2021,2,2021 Q2,113.0,119731.25
Longford,2021,3,2021 Q3,113.0,133798.18
Longford,2021,4,2021 Q4,146.0,150373.08
Longford,2022,1,2022 Q1,99.0,146015.15
Longford,2022,2,2022 Q2,103.0,149433.57
Longford,2022,3,2022 Q3,108.0,159122.28
Longford,2022,4,2022 Q4,133.0,154128.47
Longford,2023,1,2023 Q1,90.0,160400.12
Longford,2023,2,2023 Q2,88.0,177153.41
Longford,2023,3,2023 Q3,96.0,174593.75
Longford,2023,4,2023 Q4,118.0,187627.12
Longford,2024,1,2024 Q1,92.0,165407.97
Longford,2024,2,2024 Q2,83.0,168732.53
Longford,2024,3,2024 Q3,79.0,225702.53
Longford,2024,4,2024 Q4,104.0,198974.04
Longford,2025,1,2025 Q1,100.0,175535.0
Longford,2025,2,2025 Q2,91.0,202466.48
Longford,2025,3,2025 Q3,104.0,203627.4
Longford,2025,4,2025 Q4,35.0,181998.0
Louth,2010,1,2010 Q1,68.0,190250.0
Louth,2010,2,2010 Q2,67.0,174924.63
Louth,2010,3,2010 Q3,94.0,176515.96
Louth,2010,4,2010 Q4,96.0,153842.19
Louth,2011,1,2011 Q1,74.0,164914.86
Louth,2011,2,2011 Q2,65.0,140030.77
Louth,2011,3,2011 Q3,84.0,147512.13
Louth,2011,4,2011 Q4,108.0,131012.18
Louth,2012,1,2012 Q1,89.0,121493.12
Louth,2012,2,2012 Q2,85.0,114444.12
Louth,2012,3,2012 Q3,116.0,127347.13
Louth,2012,4,2012 Q4,157.0,123363.82
Louth,2013,1,2013 Q1,101.0,110940.1
Louth,2013,2,2013 Q2,127.0,120930.12
Louth,2013,3,2013 Q3,142.0,112354.03
Louth,2013,4,2013 Q4,199.0,128362.14
Louth,2014,1,2014 Q1,146.0,103922.12
Louth,2014,2,2014 Q2,167.0,119164.07
Louth,2014,3,2014 Q3,246.0,128637.8
Louth,2014,4,2014 Q4,333.0,123444.91
Louth,2015,1,2015 Q1,187.0,133133.71
Louth,2015,2,2015 Q2,203.0,134508.52
Louth,2015,3,2015 Q3,280.0,135904.26
Louth,2015,4,2015 Q4,297.0,145143.63
Louth,2016,1,2016 Q1,177.0,130829.48
Louth,2016,2,2016 Q2,240.0,146308.81
Louth,2016,3,2016 Q3,255.0,153488.21
Louth,2016,4,2016 Q4,293.0,169185.03
Louth,2017,1,2017 Q1,231.0,397643.16
Louth,2017,2,2017 Q2,221.0,161092.9
Louth,2017,3,2017 Q3,256.0,182207.57
Louth,2017,4,2017 Q4,292.0,179074.58
Louth,2018,1,2018 Q1,202.0,189675.24
Louth,2018,2,2018 Q2,217.0,180604.42
Louth,2018,3,2018 Q3,252.0,194141.98
Louth,2018,4,2018 Q4,324.0,190708.48
Louth,2019,1,2019 Q1,233.0,188267.06
Louth,2019,2,2019 Q2,252.0,211750.1
Louth,2019,3,2019 Q3,272.0,187966.88
Louth,2019,4,2019 Q4,265.0,191547.43
Louth,2020,1,2020 Q1,235.0,191852.62
Louth,2020,2,2020 Q2,144.0,189804.49
Louth,2020,3,2020 Q3,201.0,205273.34
Louth,2020,4,2020 Q4,364.0,194629.64
Louth,2021,1,2021 Q1,224.0,210183.33
Louth,2021,2,2021 Q2,246.0,213443.17
Louth,2021,3,2021 Q3,287.0,222982.47
Louth,2021,4,2021 Q4,343.0,229804.21
Louth,2022,1,2022 Q1,243.0,229570.59
Louth,2022,2,2022 Q2,269.0,238821.74
Louth,2022,3,2022 Q3,295.0,238760.06
Louth,2022,4,2022 Q4,368.0,247775.18
Louth,2023,1,2023 Q1,255.0,241073.17
Louth,2023,2,2023 Q2,257.0,248553.77
Louth,2023,3,2023 Q3,284.0,251325.7
Louth,2023,4,2023 Q4,303.0,272571.13
Louth,2024,1,2024 Q1,194.0,258342.36
Louth,2024,2,2024 Q2,226.0,269984.81
Louth,2024,3,2024 Q3,272.0,277359.07
Louth,2024,4,2024 Q4,332.0,282933.07
Louth,2025,1,2025 Q1,234.0,280162.22
Louth,2025,2,2025 Q2,235.0,292448.94
Louth,2025,3,2025 Q3,284.0,303535.11
Louth,2025,4,2025 Q4,106.0,299298.74
Mayo,2010,1,2010 Q1,52.0,149654.19
Mayo,2010,2,2010 Q2,66.0,161844.7
Mayo,2010,3,2010 Q3,83.0,166071.08
Mayo,2010,4,2010 Q4,90.0,141693.09
Mayo,2011,1,2011 Q1,57.0,135399.12
Mayo,2011,2,2011 Q2,55.0,139301.18
Mayo,2011,3,2011 Q3,84.0,127303.1
Mayo,2011,4,2011 Q4,110.0,140595.33
Mayo,2012,1,2012 Q1,75.0,114254.93
Mayo,2012,2,2012 Q2,82.0,105189.02
Mayo,2012,3,2012 Q3,107.0,108296.84
Mayo,2012,4,2012 Q4,142.0,116652.04
Mayo,2013,1,2013 Q1,79.0,102004.19
Mayo,2013,2,2013 Q2,89.0,105337.54
Mayo,2013,3,2013 Q3,137.0,102349.93
Mayo,2013,4,2013 Q4,132.0,117762.99
Mayo,2014,1,2014 Q1,114.0,94140.23
Mayo,2014,2,2014 Q2,188.0,92874.56
Mayo,2014,3,2014 Q3,235.0,91399.91
Mayo,2014,4,2014 Q4,272.0,94538.34
Mayo,2015,1,2015 Q1,219.0,98602.43
Mayo,2015,2,2015 Q2,241.0,104974.06
Mayo,2015,3,2015 Q3,266.0,106580.42
Mayo,2015,4,2015 Q4,312.0,96101.94
Mayo,2016,1,2016 Q1,232.0,97522.08
Mayo,2016,2,2016 Q2,227.0,109526.6
Mayo,2016,3,2016 Q3,258.0,112598.03
Mayo,2016,4,2016 Q4,292.0,104187.02
Mayo,2017,1,2017 Q1,219.0,105372.39
Mayo,2017,2,2017 Q2,261.0,116969.75
Mayo,2017,3,2017 Q3,269.0,120391.14
Mayo,2017,4,2017 Q4,314.0,125823.71
Mayo,2018,1,2018 Q1,218.0,117942.38
Mayo,2018,2,2018 Q2,270.0,120991.58
Mayo,2018,3,2018 Q3,278.0,122665.34
Mayo,2018,4,2018 Q4,289.0,133948.58
Mayo,2019,1,2019 Q1,236.0,115587.41
Mayo,2019,2,2019 Q2,251.0,131762.94
Mayo,2019,3,2019 Q3,269.0,134434.09
Mayo,2019,4,2019 Q4,312.0,131897.28
Mayo,2020,1,2020 Q1,240.0,132394.19
Mayo,2020,2,2020 Q2,165.0,126163.47
Mayo,2020,3,2020 Q3,242.0,117848.57
Mayo,2020,4,2020 Q4,343.0,141326.73
Mayo,2021,1,2021 Q1,259.0,143064.47
Mayo,2021,2,2021 Q2,312.0,149191.92
Mayo,2021,3,2021 Q3,350.0,159274.66
Mayo,2021,4,2021 Q4,347.0,164654.16
Mayo,2022,1,2022 Q1,256.0,157200.34
Mayo,2022,2,2022 Q2,317.0,166517.49
Mayo,2022,3,2022 Q3,334.0,190014.31
Mayo,2022,4,2022 Q4,332.0,194497.02
Mayo,2023,1,2023 Q1,234.0,179730.48
Mayo,2023,2,2023 Q2,287.0,188712.08
Mayo,2023,3,2023 Q3,346.0,184869.45
Mayo,2023,4,2023 Q4,348.0,202651.65
Mayo,2024,1,2024 Q1,229.0,190108.26
Mayo,2024,2,2024 Q2,293.0,195153.38
Mayo,2024,3,2024 Q3,308.0,204366.38
Mayo,2024,4,2024 Q4,322.0,212627.59
Mayo,2025,1,2025 Q1,246.0,203480.3
Mayo,2025,2,2025 Q2,307.0,200127.52
Mayo,2025,3,2025 Q3,296.0,230588.62
Mayo,2025,4,2025 Q4,115.0,230342.26
Meath,2010,1,2010 Q1,93.0,227653.23
Meath,2010,2,2010 Q2,119.0,260907.14
Meath,2010,3,2010 Q3,164.0,226997.05
Meath,2010,4,2010 Q4,122.0,218207.76
Meath,2011,1,2011 Q1,76.0,216624.22
Meath,2011,2,2011 Q2,92.0,187309.04
Meath,2011,3,2011 Q3,116.0,196421.42
Meath,2011,4,2011 Q4,128.0,187826.98
Meath,2012,1,2012 Q1,90.0,158421.95
Meath,2012,2,2012 Q2,127.0,184240.38
Meath,2012,3,2012 Q3,152.0,172542.76
Meath,2012,4,2012 Q4,206.0,168432.52
Meath,2013,1,2013 Q1,111.0,133288.05
Meath,2013,2,2013 Q2,160.0,155280.06
Meath,2013,3,2013 Q3,201.0,163353.16
Meath,2013,4,2013 Q4,280.0,159474.55
Meath,2014,1,2014 Q1,173.0,171625.31
Meath,2014,2,2014 Q2,244.0,175915.47
Meath,2014,3,2014 Q3,353.0,187986.62
Meath,2014,4,2014 Q4,495.0,176722.33
Meath,2015,1,2015 Q1,262.0,192666.83
Meath,2015,2,2015 Q2,270.0,185239.41
Meath,2015,3,2015 Q3,344.0,198313.92
Meath,2015,4,2015 Q4,382.0,211067.25
Meath,2016,1,2016 Q1,214.0,196292.92
Meath,2016,2,2016 Q2,276.0,197981.46
Meath,2016,3,2016 Q3,324.0,210288.14
Meath,2016,4,2016 Q4,388.0,218552.79
Meath,2017,1,2017 Q1,269.0,218766.3
Meath,2017,2,2017 Q2,337.0,216915.63
Meath,2017,3,2017 Q3,350.0,231613.95
Meath,2017,4,2017 Q4,418.0,238791.57
Meath,2018,1,2018 Q1,266.0,233782.39
Meath,2018,2,2018 Q2,321.0,224177.33
Meath,2018,3,2018 Q3,356.0,248817.0
Meath,2018,4,2018 Q4,497.0,250781.43
Meath,2019,1,2019 Q1,269.0,247105.58
Meath,2019,2,2019 Q2,328.0,249520.44
Meath,2019,3,2019 Q3,371.0,255819.96
Meath,2019,4,2019 Q4,420.0,254172.27
Meath,2020,1,2020 Q1,306.0,247694.73
Meath,2020,2,2020 Q2,211.0,239173.46
Meath,2020,3,2020 Q3,264.0,249652.83
Meath,2020,4,2020 Q4,506.0,261774.68
Meath,2021,1,2021 Q1,337.0,262051.05
Meath,2021,2,2021 Q2,326.0,282554.92
Meath,2021,3,2021 Q3,399.0,288867.27
Meath,2021,4,2021 Q4,452.0,297420.33
Meath,2022,1,2022 Q1,344.0,308813.95
Meath,2022,2,2022 Q2,375.0,300177.48
Meath,2022,3,2022 Q3,437.0,311424.93
Meath,2022,4,2022 Q4,487.0,314122.69
Meath,2023,1,2023 Q1,338.0,317213.76
Meath,2023,2,2023 Q2,365.0,326271.45
Meath,2023,3,2023 Q3,464.0,326829.93
Meath,2023,4,2023 Q4,468.0,339091.65
Meath,2024,1,2024 Q1,333.0,333198.5
Meath,2024,2,2024 Q2,308.0,335999.16
Meath,2024,3,2024 Q3,489.0,341072.44
Meath,2024,4,2024 Q4,452.0,364939.82
Meath,2025,1,2025 Q1,321.0,348130.85
Meath,2025,2,2025 Q2,379.0,360134.67
Meath,2025,3,2025 Q3,434.0,389879.97
Meath,2025,4,2025 Q4,170.0,389979.35
Monaghan,2010,1,2010 Q1,19.0,163684.21
Monaghan,2010,2,2010 Q2,28.0,126010.72
Monaghan,2010,3,2010 Q3,22.0,137659.09
Monaghan,2010,4,2010 Q4,32.0,127671.88
Monaghan,2011,1,2011 Q1,15.0,135500.0
Monaghan,2011,2,2011 Q2,19.0,119447.37
Monaghan,2011,3,2011 Q3,15.0,115266.67
Monaghan,2011,4,2011 Q4,29.0,113373.72
Monaghan,2012,1,2012 Q1,18.0,88655.56
Monaghan,2012,2,2012 Q2,19.0,86000.0
Monaghan,2012,3,2012 Q3,33.0,105196.97
Monaghan,2012,4,2012 Q4,36.0,116430.0
Monaghan,2013,1,2013 Q1,36.0,74428.89
Monaghan,2013,2,2013 Q2,26.0,66538.46
Monaghan,2013,3,2013 Q3,40.0,97131.95
Monaghan,2013,4,2013 Q4,39.0,97652.89
Monaghan,2014,1,2014 Q1,30.0,98233.33
Monaghan,2014,2,2014 Q2,62.0,61928.79
Monaghan,2014,3,2014 Q3,53.0,100788.47
Monaghan,2014,4,2014 Q4,84.0,96196.26
Monaghan,2015,1,2015 Q1,56.0,110591.07
Monaghan,2015,2,2015 Q2,57.0,102728.07
Monaghan,2015,3,2015 Q3,56.0,115181.55
Monaghan,2015,4,2015 Q4,82.0,107673.78
Monaghan,2016,1,2016 Q1,84.0,92601.33
Monaghan,2016,2,2016 Q2,75.0,111318.2
Monaghan,2016,3,2016 Q3,69.0,107487.68
Monaghan,2016,4,2016 Q4,79.0,126110.13
Monaghan,2017,1,2017 Q1,79.0,117790.85
Monaghan,2017,2,2017 Q2,79.0,125382.28
Monaghan,2017,3,2017 Q3,65.0,128484.62
Monaghan,2017,4,2017 Q4,110.0,106743.11
Monaghan,2018,1,2018 Q1,68.0,147149.18
Monaghan,2018,2,2018 Q2,61.0,141138.93
Monaghan,2018,3,2018 Q3,66.0,165981.06
Monaghan,2018,4,2018 Q4,132.0,121403.32
Monaghan,2019,1,2019 Q1,56.0,155437.5
Monaghan,2019,2,2019 Q2,72.0,142915.97
Monaghan,2019,3,2019 Q3,73.0,142782.19
Monaghan,2019,4,2019 Q4,91.0,152272.4
Monaghan,2020,1,2020 Q1,75.0,142426.77
Monaghan,2020,2,2020 Q2,57.0,125004.54
Monaghan,2020,3,2020 Q3,69.0,133573.91
Monaghan,2020,4,2020 Q4,67.0,145736.12
Monaghan,2021,1,2021 Q1,54.0,147212.96
Monaghan,2021,2,2021 Q2,85.0,136370.4
Monaghan,2021,3,2021 Q3,87.0,161166.15
Monaghan,2021,4,2021 Q4,98.0,186388.78
Monaghan,2022,1,2022 Q1,85.0,175334.26
Monaghan,2022,2,2022 Q2,109.0,160696.79
Monaghan,2022,3,2022 Q3,102.0,199002.45
Monaghan,2022,4,2022 Q4,137.0,198630.8
Monaghan,2023,1,2023 Q1,87.0,208217.24
Monaghan,2023,2,2023 Q2,81.0,176806.17
Monaghan,2023,3,2023 Q3,113.0,186239.81
Monaghan,2023,4,2023 Q4,111.0,189841.44
Monaghan,2024,1,2024 Q1,79.0,218211.11
Monaghan,2024,2,2024 Q2,65.0,191323.08
Monaghan,2024,3,2024 Q3,92.0,189374.54
Monaghan,2024,4,2024 Q4,116.0,217133.94
Monaghan,2025,1,2025 Q1,70.0,221557.14
Monaghan,2025,2,2025 Q2,81.0,190631.66
Monaghan,2025,3,2025 Q3,93.0,259506.77
Monaghan,2025,4,2025 Q4,42.0,198702.38
Offaly,2010,1,2010 Q1,25.0,149120.0
Offaly,2010,2,2010 Q2,38.0,154484.16
Offaly,2010,3,2010 Q3,39.0,160606.38
Offaly,2010,4,2010 Q4,51.0,146954.9
Offaly,2011,1,2011 Q1,34.0,134572.06
Offaly,2011,2,2011 Q2,31.0,129299.84
Offaly,2011,3,2011 Q3,34.0,127232.55
Offaly,2011,4,2011 Q4,42.0,116285.71
Offaly,2012,1,2012 Q1,39.0,131209.23
Offaly,2012,2,2012 Q2,49.0,105706.12
Offaly,2012,3,2012 Q3,55.0,123249.09
Offaly,2012,4,2012 Q4,83.0,104155.96
Offaly,2013,1,2013 Q1,48.0,86953.24
Offaly,2013,2,2013 Q2,54.0,102194.44
Offaly,2013,3,2013 Q3,66.0,107305.32
Offaly,2013,4,2013 Q4,78.0,95939.81
Offaly,2014,1,2014 Q1,73.0,105452.05
Offaly,2014,2,2014 Q2,82.0,111609.76
Offaly,2014,3,2014 Q3,98.0,122556.12
Offaly,2014,4,2014 Q4,154.0,108847.12
Offaly,2015,1,2015 Q1,100.0,106466.0
Offaly,2015,2,2015 Q2,101.0,102100.38
Offaly,2015,3,2015 Q3,106.0,107830.19
Offaly,2015,4,2015 Q4,155.0,113882.7
Offaly,2016,1,2016 Q1,98.0,98136.17
Offaly,2016,2,2016 Q2,112.0,126191.96
Offaly,2016,3,2016 Q3,134.0,112772.39
Offaly,2016,4,2016 Q4,152.0,107753.07
Offaly,2017,1,2017 Q1,112.0,124544.58
Offaly,2017,2,2017 Q2,139.0,117215.32
Offaly,2017,3,2017 Q3,132.0,146847.53
Offaly,2017,4,2017 Q4,150.0,133640.33
Offaly,2018,1,2018 Q1,109.0,134256.71
Offaly,2018,2,2018 Q2,111.0,156429.0
Offaly,2018,3,2018 Q3,148.0,142749.91
Offaly,2018,4,2018 Q4,162.0,150101.2
Offaly,2019,1,2019 Q1,106.0,152955.91
Offaly,2019,2,2019 Q2,123.0,137536.11
Offaly,2019,3,2019 Q3,149.0,157669.47
Offaly,2019,4,2019 Q4,157.0,148538.15
Offaly,2020,1,2020 Q1,109.0,154240.18
Offaly,2020,2,2020 Q2,89.0,154185.79
Offaly,2020,3,2020 Q3,98.0,161729.88
Offaly,2020,4,2020 Q4,199.0,163303.87
Offaly,2021,1,2021 Q1,140.0,177496.83
Offaly,2021,2,2021 Q2,121.0,168969.14
Offaly,2021,3,2021 Q3,175.0,184702.68
Offaly,2021,4,2021 Q4,162.0,191051.03
Offaly,2022,1,2022 Q1,146.0,207668.49
Offaly,2022,2,2022 Q2,154.0,207103.64
Offaly,2022,3,2022 Q3,175.0,203442.74
Offaly,2022,4,2022 Q4,160.0,200887.79
Offaly,2023,1,2023 Q1,123.0,227018.22
Offaly,2023,2,2023 Q2,170.0,219202.02
Offaly,2023,3,2023 Q3,164.0,214751.08
Offaly,2023,4,2023 Q4,175.0,214971.37
Offaly,2024,1,2024 Q1,126.0,219681.75
Offaly,2024,2,2024 Q2,128.0,232312.67
Offaly,2024,3,2024 Q3,166.0,242708.61
Offaly,2024,4,2024 Q4,159.0,232265.72
Offaly,2025,1,2025 Q1,117.0,239452.28
Offaly,2025,2,2025 Q2,152.0,256551.78
Offaly,2025,3,2025 Q3,141.0,257430.73
Offaly,2025,4,2025 Q4,68.0,273381.2
Roscommon,2010,1,2010 Q1,25.0,116600.0
Roscommon,2010,2,2010 Q2,40.0,120200.0
Roscommon,2010,3,2010 Q3,44.0,135079.75
Roscommon,2010,4,2010 Q4,52.0,109370.0
Roscommon,2011,1,2011 Q1,22.0,113081.82
Roscommon,2011,2,2011 Q2,44.0,103798.3
Roscommon,2011,3,2011 Q3,41.0,112277.2
Roscommon,2011,4,2011 Q4,52.0,74568.4
Roscommon,2012,1,2012 Q1,35.0,97314.29
Roscommon,2012,2,2012 Q2,64.0,77857.33
Roscommon,2012,3,2012 Q3,74.0,76155.41
Roscommon,2012,4,2012 Q4,89.0,79401.08
Roscommon,2013,1,2013 Q1,56.0,72230.36
Roscommon,2013,2,2013 Q2,85.0,74260.76
Roscommon,2013,3,2013 Q3,106.0,73499.04
Roscommon,2013,4,2013 Q4,115.0,66720.43
Roscommon,2014,1,2014 Q1,90.0,72300.02
Roscommon,2014,2,2014 Q2,94.0,73316.49
Roscommon,2014,3,2014 Q3,98.0,72955.82
Roscommon,2014,4,2014 Q4,150.0,70374.69
Roscommon,2015,1,2015 Q1,109.0,74981.3
Roscommon,2015,2,2015 Q2,163.0,73457.66
Roscommon,2015,3,2015 Q3,124.0,81613.28
Roscommon,2015,4,2015 Q4,176.0,80718.4
Roscommon,2016,1,2016 Q1,109.0,74206.42
Roscommon,2016,2,2016 Q2,112.0,86984.38
Roscommon,2016,3,2016 Q3,144.0,81283.32
Roscommon,2016,4,2016 Q4,164.0,85389.33
Roscommon,2017,1,2017 Q1,109.0,100906.72
Roscommon,2017,2,2017 Q2,138.0,92027.54
Roscommon,2017,3,2017 Q3,168.0,100095.02
Roscommon,2017,4,2017 Q4,160.0,107151.54
Roscommon,2018,1,2018 Q1,130.0,106529.47
Roscommon,2018,2,2018 Q2,173.0,99093.61
Roscommon,2018,3,2018 Q3,180.0,108675.38
Roscommon,2018,4,2018 Q4,201.0,110324.14
Roscommon,2019,1,2019 Q1,140.0,111164.53
Roscommon,2019,2,2019 Q2,138.0,115570.1
Roscommon,2019,3,2019 Q3,170.0,126248.82
Roscommon,2019,4,2019 Q4,179.0,111735.04
Roscommon,2020,1,2020 Q1,151.0,112727.8
Roscommon,2020,2,2020 Q2,95.0,102321.05
Roscommon,2020,3,2020 Q3,142.0,109703.3
Roscommon,2020,4,2020 Q4,216.0,120985.91
Roscommon,2021,1,2021 Q1,163.0,128507.99
Roscommon,2021,2,2021 Q2,169.0,121217.99
Roscommon,2021,3,2021 Q3,204.0,145923.53
Roscommon,2021,4,2021 Q4,229.0,145413.89
Roscommon,2022,1,2022 Q1,181.0,145736.65
Roscommon,2022,2,2022 Q2,178.0,157634.65
Roscommon,2022,3,2022 Q3,195.0,165722.56
Roscommon,2022,4,2022 Q4,224.0,166276.52
Roscommon,2023,1,2023 Q1,158.0,157225.76
Roscommon,2023,2,2023 Q2,154.0,162980.52
Roscommon,2023,3,2023 Q3,189.0,175057.18
Roscommon,2023,4,2023 Q4,194.0,171359.91
Roscommon,2024,1,2024 Q1,130.0,176862.28
Roscommon,2024,2,2024 Q2,169.0,176288.46
Roscommon,2024,3,2024 Q3,144.0,208027.78
Roscommon,2024,4,2024 Q4,197.0,199675.27
Roscommon,2025,1,2025 Q1,113.0,188905.99
Roscommon,2025,2,2025 Q2,154.0,200077.66
Roscommon,2025,3,2025 Q3,147.0,210326.53
Roscommon,2025,4,2025 Q4,69.0,193434.29
Sligo,2010,1,2010 Q1,25.0,182409.73
Sligo,2010,2,2010 Q2,43.0,160937.98
Sligo,2010,3,2010 Q3,51.0,152784.31
Sligo,2010,4,2010 Q4,55.0,141050.45
Sligo,2011,1,2011 Q1,37.0,138359.46
Sligo,2011,2,2011 Q2,22.0,119431.82
Sligo,2011,3,2011 Q3,41.0,118455.49
Sligo,2011,4,2011 Q4,63.0,116265.08
Sligo,2012,1,2012 Q1,43.0,98093.02
Sligo,2012,2,2012 Q2,61.0,102997.54
Sligo,2012,3,2012 Q3,66.0,110093.56
Sligo,2012,4,2012 Q4,105.0,98085.4
Sligo,2013,1,2013 Q1,54.0,79883.33
Sligo,2013,2,2013 Q2,71.0,101114.08
Sligo,2013,3,2013 Q3,76.0,109573.05
Sligo,2013,4,2013 Q4,96.0,106617.09
Sligo,2014,1,2014 Q1,83.0,119483.54
Sligo,2014,2,2014 Q2,106.0,110351.42
Sligo,2014,3,2014 Q3,142.0,105149.01
Sligo,2014,4,2014 Q4,194.0,102951.26
Sligo,2015,1,2015 Q1,121.0,109071.46
Sligo,2015,2,2015 Q2,144.0,110475.27
Sligo,2015,3,2015 Q3,127.0,111911.16
Sligo,2015,4,2015 Q4,126.0,121286.51
Sligo,2016,1,2016 Q1,111.0,104490.7
Sligo,2016,2,2016 Q2,192.0,72275.78
Sligo,2016,3,2016 Q3,157.0,111466.4
Sligo,2016,4,2016 Q4,169.0,118010.65
Sligo,2017,1,2017 Q1,113.0,115752.65
Sligo,2017,2,2017 Q2,161.0,127504.52
Sligo,2017,3,2017 Q3,143.0,129043.71
Sligo,2017,4,2017 Q4,191.0,134673.3
Sligo,2018,1,2018 Q1,136.0,129787.5
Sligo,2018,2,2018 Q2,127.0,110792.54
Sligo,2018,3,2018 Q3,208.0,133671.88
Sligo,2018,4,2018 Q4,285.0,114818.48
Sligo,2019,1,2019 Q1,129.0,138822.67
Sligo,2019,2,2019 Q2,140.0,132606.43
Sligo,2019,3,2019 Q3,161.0,159376.74
Sligo,2019,4,2019 Q4,203.0,153629.36
Sligo,2020,1,2020 Q1,157.0,126726.89
Sligo,2020,2,2020 Q2,89.0,130690.33
Sligo,2020,3,2020 Q3,110.0,143184.45
Sligo,2020,4,2020 Q4,214.0,144799.94
Sligo,2021,1,2021 Q1,138.0,158158.25
Sligo,2021,2,2021 Q2,184.0,162994.29
Sligo,2021,3,2021 Q3,180.0,163892.78
Sligo,2021,4,2021 Q4,227.0,178003.11
Sligo,2022,1,2022 Q1,158.0,173754.84
Sligo,2022,2,2022 Q2,163.0,175228.29
Sligo,2022,3,2022 Q3,202.0,202524.75
Sligo,2022,4,2022 Q4,221.0,197001.1
Sligo,2023,1,2023 Q1,161.0,178488.46
Sligo,2023,2,2023 Q2,156.0,190738.14
Sligo,2023,3,2023 Q3,211.0,196563.74
Sligo,2023,4,2023 Q4,181.0,212802.26
Sligo,2024,1,2024 Q1,122.0,210784.48
Sligo,2024,2,2024 Q2,131.0,202953.81
Sligo,2024,3,2024 Q3,157.0,237692.4
Sligo,2024,4,2024 Q4,168.0,250885.57
Sligo,2025,1,2025 Q1,134.0,226144.81
Sligo,2025,2,2025 Q2,130.0,235284.62
Sligo,2025,3,2025 Q3,148.0,247050.68
Sligo,2025,4,2025 Q4,75.0,233861.12
Tipperary,2010,1,2010 Q1,74.0,158219.59
Tipperary,2010,2,2010 Q2,83.0,161067.36
Tipperary,2010,3,2010 Q3,90.0,156827.3
Tipperary,2010,4,2010 Q4,99.0,134929.11
Tipperary,2011,1,2011 Q1,76.0,141210.91
Tipperary,2011,2,2011 Q2,73.0,129382.19
Tipperary,2011,3,2011 Q3,83.0,118303.11
Tipperary,2011,4,2011 Q4,110.0,123987.32
Tipperary,2012,1,2012 Q1,93.0,118373.95
Tipperary,2012,2,2012 Q2,97.0,99360.59
Tipperary,2012,3,2012 Q3,114.0,108046.49
Tipperary,2012,4,2012 Q4,158.0,110630.53
Tipperary,2013,1,2013 Q1,112.0,107085.98
Tipperary,2013,2,2013 Q2,130.0,99441.82
Tipperary,2013,3,2013 Q3,161.0,107760.46
Tipperary,2013,4,2013 Q4,192.0,105329.67
Tipperary,2014,1,2014 Q1,141.0,106694.28
Tipperary,2014,2,2014 Q2,155.0,108090.9
Tipperary,2014,3,2014 Q3,193.0,108131.87
Tipperary,2014,4,2014 Q4,293.0,100607.33
Tipperary,2015,1,2015 Q1,220.0,105413.3
Tipperary,2015,2,2015 Q2,238.0,104058.34
Tipperary,2015,3,2015 Q3,237.0,112126.01
Tipperary,2015,4,2015 Q4,311.0,114439.67
Tipperary,2016,1,2016 Q1,224.0,110674.95
Tipperary,2016,2,2016 Q2,255.0,101811.96
Tipperary,2016,3,2016 Q3,272.0,120691.63
Tipperary,2016,4,2016 Q4,338.0,122112.52
Tipperary,2017,1,2017 Q1,258.0,122221.03
Tipperary,2017,2,2017 Q2,300.0,113917.6
Tipperary,2017,3,2017 Q3,304.0,132418.58
Tipperary,2017,4,2017 Q4,372.0,121004.17
Tipperary,2018,1,2018 Q1,265.0,131439.27
Tipperary,2018,2,2018 Q2,298.0,127631.35
Tipperary,2018,3,2018 Q3,284.0,145169.97
Tipperary,2018,4,2018 Q4,363.0,139974.89
Tipperary,2019,1,2019 Q1,267.0,149188.48
Tipperary,2019,2,2019 Q2,330.0,136686.67
Tipperary,2019,3,2019 Q3,301.0,152332.76
Tipperary,2019,4,2019 Q4,351.0,159254.64
Tipperary,2020,1,2020 Q1,260.0,143344.14
Tipperary,2020,2,2020 Q2,223.0,134552.56
Tipperary,2020,3,2020 Q3,252.0,141042.08
Tipperary,2020,4,2020 Q4,383.0,155277.2
Tipperary,2021,1,2021 Q1,308.0,172524.91
Tipperary,2021,2,2021 Q2,284.0,150954.72
Tipperary,2021,3,2021 Q3,345.0,178880.2
Tipperary,2021,4,2021 Q4,432.0,183349.1
Tipperary,2022,1,2022 Q1,342.0,185283.84
Tipperary,2022,2,2022 Q2,331.0,195868.11
Tipperary,2022,3,2022 Q3,340.0,193261.76
Tipperary,2022,4,2022 Q4,382.0,196455.82
Tipperary,2023,1,2023 Q1,298.0,197038.84
Tipperary,2023,2,2023 Q2,320.0,209947.81
Tipperary,2023,3,2023 Q3,351.0,201074.09
Tipperary,2023,4,2023 Q4,379.0,205089.47
Tipperary,2024,1,2024 Q1,244.0,204592.01
Tipperary,2024,2,2024 Q2,296.0,218105.35
Tipperary,2024,3,2024 Q3,309.0,212690.15
Tipperary,2024,4,2024 Q4,374.0,235304.6
Tipperary,2025,1,2025 Q1,233.0,237849.35
Tipperary,2025,2,2025 Q2,257.0,250538.18
Tipperary,2025,3,2025 Q3,282.0,255331.43
Tipperary,2025,4,2025 Q4,121.0,255115.29
Waterford,2010,1,2010 Q1,57.0,181569.3
Waterford,2010,2,2010 Q2,69.0,154398.55
Waterford,2010,3,2010 Q3,79.0,173144.11
Waterford,2010,4,2010 Q4,92.0,163505.43
Waterford,2011,1,2011 Q1,69.0,164718.84
Waterford,2011,2,2011 Q2,87.0,142722.99
Waterford,2011,3,2011 Q3,102.0,140513.82
Waterford,2011,4,2011 Q4,130.0,124222.49
Waterford,2012,1,2012 Q1,72.0,105911.36
Waterford,2012,2,2012 Q2,96.0,112778.12
Waterford,2012,3,2012 Q3,116.0,118885.78
Waterford,2012,4,2012 Q4,166.0,107779.46
Waterford,2013,1,2013 Q1,83.0,110253.61
Waterford,2013,2,2013 Q2,137.0,108536.87
Waterford,2013,3,2013 Q3,169.0,104196.92
Waterford,2013,4,2013 Q4,197.0,110022.44
Waterford,2014,1,2014 Q1,152.0,113948.99
Waterford,2014,2,2014 Q2,186.0,105356.63
Waterford,2014,3,2014 Q3,243.0,114146.99
Waterford,2014,4,2014 Q4,356.0,112264.07
Waterford,2015,1,2015 Q1,235.0,110452.18
Waterford,2015,2,2015 Q2,212.0,114959.02
Waterford,2015,3,2015 Q3,304.0,119559.73
Waterford,2015,4,2015 Q4,317.0,121648.35
Waterford,2016,1,2016 Q1,247.0,116661.54
Waterford,2016,2,2016 Q2,270.0,122937.01
Waterford,2016,3,2016 Q3,326.0,133778.65
Waterford,2016,4,2016 Q4,342.0,126449.21
Waterford,2017,1,2017 Q1,240.0,131980.03
Waterford,2017,2,2017 Q2,245.0,128252.44
Waterford,2017,3,2017 Q3,271.0,162408.46
Waterford,2017,4,2017 Q4,322.0,138419.13
Waterford,2018,1,2018 Q1,244.0,153703.78
Waterford,2018,2,2018 Q2,290.0,156504.03
Waterford,2018,3,2018 Q3,289.0,166077.93
Waterford,2018,4,2018 Q4,328.0,166423.34
Waterford,2019,1,2019 Q1,237.0,165453.6
Waterford,2019,2,2019 Q2,277.0,175996.45
Waterford,2019,3,2019 Q3,316.0,174879.51
Waterford,2019,4,2019 Q4,310.0,176600.72
Waterford,2020,1,2020 Q1,238.0,170240.56
Waterford,2020,2,2020 Q2,161.0,179822.01
Waterford,2020,3,2020 Q3,231.0,188914.84
Waterford,2020,4,2020 Q4,371.0,188206.49
Waterford,2021,1,2021 Q1,287.0,186439.47
Waterford,2021,2,2021 Q2,269.0,183753.86
Waterford,2021,3,2021 Q3,339.0,209847.05
Waterford,2021,4,2021 Q4,407.0,205909.81
Waterford,2022,1,2022 Q1,300.0,228582.91
Waterford,2022,2,2022 Q2,326.0,232445.83
Waterford,2022,3,2022 Q3,352.0,243466.53
Waterford,2022,4,2022 Q4,340.0,234781.64
Waterford,2023,1,2023 Q1,273.0,234977.49
Waterford,2023,2,2023 Q2,267.0,228139.16
Waterford,2023,3,2023 Q3,319.0,250795.24
Waterford,2023,4,2023 Q4,326.0,248350.11
Waterford,2024,1,2024 Q1,228.0,255846.64
Waterford,2024,2,2024 Q2,301.0,255121.7
Waterford,2024,3,2024 Q3,288.0,256477.23
Waterford,2024,4,2024 Q4,308.0,267333.09
Waterford,2025,1,2025 Q1,216.0,265457.64
Waterford,2025,2,2025 Q2,241.0,275839.67
Waterford,2025,3,2025 Q3,306.0,279190.31
Waterford,2025,4,2025 Q4,109.0,289004.79
Westmeath,2010,1,2010 Q1,46.0,159782.61
Westmeath,2010,2,2010 Q2,60.0,169535.0
Westmeath,2010,3,2010 Q3,65.0,164041.54
Westmeath,2010,4,2010 Q4,59.0,149851.69
Westmeath,2011,1,2011 Q1,38.0,128736.84
Westmeath,2011,2,2011 Q2,55.0,143600.0
Westmeath,2011,3,2011 Q3,60.0,136611.93
Westmeath,2011,4,2011 Q4,68.0,128666.21
Westmeath,2012,1,2012 Q1,64.0,92179.68
Westmeath,2012,2,2012 Q2,64.0,108154.39
Westmeath,2012,3,2012 Q3,91.0,113207.92
Westmeath,2012,4,2012 Q4,108.0,106533.8
Westmeath,2013,1,2013 Q1,68.0,97144.85
Westmeath,2013,2,2013 Q2,93.0,109042.94
Westmeath,2013,3,2013 Q3,109.0,98500.83
Westmeath,2013,4,2013 Q4,145.0,101714.17
Westmeath,2014,1,2014 Q1,95.0,84222.32
Westmeath,2014,2,2014 Q2,151.0,93708.28
Westmeath,2014,3,2014 Q3,202.0,99519.3
Westmeath,2014,4,2014 Q4,292.0,107252.0
Westmeath,2015,1,2015 Q1,162.0,106344.72
Westmeath,2015,2,2015 Q2,174.0,104241.87
Westmeath,2015,3,2015 Q3,203.0,118878.83
Westmeath,2015,4,2015 Q4,263.0,110223.06
Westmeath,2016,1,2016 Q1,125.0,122171.6
Westmeath,2016,2,2016 Q2,205.0,117341.84
Westmeath,2016,3,2016 Q3,221.0,126063.42
Westmeath,2016,4,2016 Q4,249.0,132330.98
Westmeath,2017,1,2017 Q1,165.0,131991.09
Westmeath,2017,2,2017 Q2,185.0,142143.66
Westmeath,2017,3,2017 Q3,241.0,146622.61
Westmeath,2017,4,2017 Q4,206.0,162715.3
Westmeath,2018,1,2018 Q1,187.0,167254.81
Westmeath,2018,2,2018 Q2,190.0,167232.52
Westmeath,2018,3,2018 Q3,185.0,177904.85
Westmeath,2018,4,2018 Q4,252.0,162975.89
Westmeath,2019,1,2019 Q1,151.0,164523.34
Westmeath,2019,2,2019 Q2,199.0,178714.76
Westmeath,2019,3,2019 Q3,365.0,159744.97
Westmeath,2019,4,2019 Q4,216.0,170485.57
Westmeath,2020,1,2020 Q1,181.0,168817.53
Westmeath,2020,2,2020 Q2,106.0,198188.46
Westmeath,2020,3,2020 Q3,163.0,179329.39
Westmeath,2020,4,2020 Q4,279.0,182002.14
Westmeath,2021,1,2021 Q1,206.0,185468.06
Westmeath,2021,2,2021 Q2,165.0,194063.33
Westmeath,2021,3,2021 Q3,239.0,204972.59
Westmeath,2021,4,2021 Q4,266.0,213408.02
Westmeath,2022,1,2022 Q1,189.0,234324.6
Westmeath,2022,2,2022 Q2,207.0,215654.95
Westmeath,2022,3,2022 Q3,236.0,224839.76
Westmeath,2022,4,2022 Q4,285.0,242174.52
Westmeath,2023,1,2023 Q1,188.0,222497.02
Westmeath,2023,2,2023 Q2,231.0,227068.61
Westmeath,2023,3,2023 Q3,253.0,253426.92
Westmeath,2023,4,2023 Q4,222.0,241574.05
Westmeath,2024,1,2024 Q1,161.0,239070.35
Westmeath,2024,2,2024 Q2,166.0,252783.13
Westmeath,2024,3,2024 Q3,205.0,271266.43
Westmeath,2024,4,2024 Q4,227.0,274444.52
Westmeath,2025,1,2025 Q1,164.0,270498.34
Westmeath,2025,2,2025 Q2,163.0,295201.07
Westmeath,2025,3,2025 Q3,234.0,297677.31
Westmeath,2025,4,2025 Q4,80.0,300415.0
Wexford,2010,1,2010 Q1,82.0,186600.56
Wexford,2010,2,2010 Q2,89.0,171099.44
Wexford,2010,3,2010 Q3,147.0,171419.75
Wexford,2010,4,2010 Q4,128.0,162251.55
Wexford,2011,1,2011 Q1,72.0,148345.31
Wexford,2011,2,2011 Q2,100.0,137824.5
Wexford,2011,3,2011 Q3,143.0,133523.57
Wexford,2011,4,2011 Q4,146.0,129209.25
Wexford,2012,1,2012 Q1,126.0,123733.86
Wexford,2012,2,2012 Q2,139.0,117013.62
Wexford,2012,3,2012 Q3,205.0,119635.94
Wexford,2012,4,2012 Q4,243.0,123977.59
Wexford,2013,1,2013 Q1,137.0,116147.08
Wexford,2013,2,2013 Q2,163.0,114100.98
Wexford,2013,3,2013 Q3,218.0,103311.73
Wexford,2013,4,2013 Q4,280.0,113084.0
Wexford,2014,1,2014 Q1,180.0,114456.97
Wexford,2014,2,2014 Q2,263.0,109701.91
Wexford,2014,3,2014 Q3,344.0,116483.68
Wexford,2014,4,2014 Q4,393.0,122295.95
Wexford,2015,1,2015 Q1,268.0,127324.68
Wexford,2015,2,2015 Q2,298.0,128796.5
Wexford,2015,3,2015 Q3,358.0,133691.71
Wexford,2015,4,2015 Q4,354.0,127660.08
Wexford,2016,1,2016 Q1,239.0,131231.8
Wexford,2016,2,2016 Q2,314.0,125498.61
Wexford,2016,3,2016 Q3,344.0,147089.42
Wexford,2016,4,2016 Q4,367.0,146153.27
Wexford,2017,1,2017 Q1,248.0,143505.31
Wexford,2017,2,2017 Q2,289.0,148028.99
Wexford,2017,3,2017 Q3,372.0,148711.26
Wexford,2017,4,2017 Q4,402.0,171460.29
Wexford,2018,1,2018 Q1,263.0,154317.63
Wexford,2018,2,2018 Q2,306.0,168689.74
Wexford,2018,3,2018 Q3,369.0,163045.93
Wexford,2018,4,2018 Q4,411.0,175827.99
Wexford,2019,1,2019 Q1,277.0,174302.52
Wexford,2019,2,2019 Q2,343.0,168255.33
Wexford,2019,3,2019 Q3,372.0,187619.66
Wexford,2019,4,2019 Q4,400.0,181502.2
Wexford,2020,1,2020 Q1,284.0,178187.5
Wexford,2020,2,2020 Q2,202.0,172056.31
Wexford,2020,3,2020 Q3,313.0,186429.56
Wexford,2020,4,2020 Q4,546.0,188213.04
Wexford,2021,1,2021 Q1,349.0,208733.47
Wexford,2021,2,2021 Q2,398.0,190413.61
Wexford,2021,3,2021 Q3,437.0,222552.38
Wexford,2021,4,2021 Q4,480.0,227387.03
Wexford,2022,1,2022 Q1,325.0,233551.79
Wexford,2022,2,2022 Q2,398.0,230142.38
Wexford,2022,3,2022 Q3,432.0,248698.43
Wexford,2022,4,2022 Q4,482.0,243357.64
Wexford,2023,1,2023 Q1,345.0,251964.25
Wexford,2023,2,2023 Q2,406.0,248260.86
Wexford,2023,3,2023 Q3,446.0,250843.15
Wexford,2023,4,2023 Q4,417.0,248188.58
Wexford,2024,1,2024 Q1,290.0,261856.02
Wexford,2024,2,2024 Q2,326.0,254987.73
Wexford,2024,3,2024 Q3,422.0,259399.97
Wexford,2024,4,2024 Q4,449.0,277620.03
Wexford,2025,1,2025 Q1,326.0,280501.18
Wexford,2025,2,2025 Q2,324.0,291244.68
Wexford,2025,3,2025 Q3,408.0,300070.07
Wexford,2025,4,2025 Q4,165.0,278003.64
Wicklow,2010,1,2010 Q1,65.0,290430.77
Wicklow,2010,2,2010 Q2,90.0,289737.22
Wicklow,2010,3,2010 Q3,148.0,295786.58
Wicklow,2010,4,2010 Q4,127.0,283019.97
Wicklow,2011,1,2011 Q1,75.0,261881.28
Wicklow,2011,2,2011 Q2,90.0,253280.56
Wicklow,2011,3,2011 Q3,121.0,239690.08
Wicklow,2011,4,2011 Q4,132.0,232334.5
Wicklow,2012,1,2012 Q1,85.0,193210.02
Wicklow,2012,2,2012 Q2,119.0,203612.83
Wicklow,2012,3,2012 Q3,161.0,248751.55
Wicklow,2012,4,2012 Q4,208.0,217709.56
Wicklow,2013,1,2013 Q1,129.0,208705.99
Wicklow,2013,2,2013 Q2,141.0,212936.4
Wicklow,2013,3,2013 Q3,219.0,208133.24
Wicklow,2013,4,2013 Q4,255.0,239330.43
Wicklow,2014,1,2014 Q1,187.0,267006.83
Wicklow,2014,2,2014 Q2,260.0,214453.68
Wicklow,2014,3,2014 Q3,267.0,263601.53
Wicklow,2014,4,2014 Q4,335.0,252477.94
Wicklow,2015,1,2015 Q1,207.0,247584.15
Wicklow,2015,2,2015 Q2,282.0,254663.42
Wicklow,2015,3,2015 Q3,258.0,274605.55
Wicklow,2015,4,2015 Q4,293.0,282247.33
Wicklow,2016,1,2016 Q1,204.0,294728.19
Wicklow,2016,2,2016 Q2,232.0,285951.07
Wicklow,2016,3,2016 Q3,286.0,282803.55
Wicklow,2016,4,2016 Q4,312.0,290615.7
Wicklow,2017,1,2017 Q1,240.0,282375.67
Wicklow,2017,2,2017 Q2,277.0,311588.41
Wicklow,2017,3,2017 Q3,305.0,316855.65
Wicklow,2017,4,2017 Q4,307.0,308673.08
Wicklow,2018,1,2018 Q1,229.0,320455.89
Wicklow,2018,2,2018 Q2,235.0,333417.09
Wicklow,2018,3,2018 Q3,271.0,312053.38
Wicklow,2018,4,2018 Q4,305.0,318815.58
Wicklow,2019,1,2019 Q1,203.0,305444.44
Wicklow,2019,2,2019 Q2,266.0,297456.81
Wicklow,2019,3,2019 Q3,361.0,335119.2
Wicklow,2019,4,2019 Q4,311.0,325426.78
Wicklow,2020,1,2020 Q1,217.0,333684.11
Wicklow,2020,2,2020 Q2,163.0,322644.59
Wicklow,2020,3,2020 Q3,226.0,324269.22
Wicklow,2020,4,2020 Q4,487.0,348955.53
Wicklow,2021,1,2021 Q1,322.0,374010.19
Wicklow,2021,2,2021 Q2,268.0,363857.38
Wicklow,2021,3,2021 Q3,368.0,404732.96
Wicklow,2021,4,2021 Q4,370.0,376868.13
Wicklow,2022,1,2022 Q1,258.0,389030.02
Wicklow,2022,2,2022 Q2,298.0,425259.77
Wicklow,2022,3,2022 Q3,346.0,425647.3
Wicklow,2022,4,2022 Q4,343.0,459546.54
Wicklow,2023,1,2023 Q1,252.0,414454.09
Wicklow,2023,2,2023 Q2,298.0,438707.21
Wicklow,2023,3,2023 Q3,374.0,416903.03
Wicklow,2023,4,2023 Q4,361.0,412598.55
Wicklow,2024,1,2024 Q1,281.0,433852.05
Wicklow,2024,2,2024 Q2,307.0,395364.65
Wicklow,2024,3,2024 Q3,375.0,451250.53
Wicklow,2024,4,2024 Q4,428.0,438714.86
Wicklow,2025,1,2025 Q1,273.0,477255.01
Wicklow,2025,2,2025 Q2,288.0,456471.41
Wicklow,2025,3,2025 Q3,343.0,521350.59
Wicklow,2025,4,2025 Q4,127.0,457443.51
